County,FIPS,Value (Dollars),Rank within US (of 3141 counties)
Puerto Rico,72001,25096,3141
"Randolph County, Georgia",13243,25425,3140
"Jackson County, South Dakota",46071,26686,3139
"East Carroll Parish, Louisiana",22035,28321,3138
"Presidio County, Texas",48377,29014,3137
"Wolfe County, Kentucky",21237,29052,3136
"Issaquena County, Mississippi",28055,29271,3135
"Holmes County, Mississippi",28051,29434,3134
"McDowell County, West Virginia",54047,29980,3133
"Lake County, Tennessee",47095,30500,3132
"Owsley County, Kentucky",21189,31064,3131
"Brooks County, Texas",48047,31310,3130
"Greene County, Alabama",1063,31495,3129
"Allendale County, South Carolina",45005,31603,3128
"Claiborne Parish, Louisiana",22027,31784,3127
"Hancock County, Tennessee",47067,31995,3126
"Quitman County, Mississippi",28119,32131,3125
"Bell County, Kentucky",21013,32403,3124
"Jeff Davis County, Texas",48243,32625,3123
"Humphreys County, Mississippi",28053,32976,3122
"Knox County, Kentucky",21121,33153,3121
"Hancock County, Georgia",13141,33182,3120
"Leflore County, Mississippi",28083,33188,3119
"Dimmit County, Texas",48127,33409,3118
"Magoffin County, Kentucky",21153,33632,3117
"Lee County, Kentucky",21129,34182,3116
"Perry County, Alabama",1105,34368,3115
"Claiborne County, Mississippi",28021,34371,3114
"Marion County, South Carolina",45067,34501,3113
"Oglala Lakota County, South Dakota",46102,34769,3112
"Bienville Parish, Louisiana",22013,34992,3111
"Stewart County, Georgia",13259,35000,3110
"Hickory County, Missouri",29085,35084,3109
"Lowndes County, Alabama",1085,35160,3108
"Amite County, Mississippi",28005,35385,3107
"Sharkey County, Mississippi",28125,35741,3106
"Wilkinson County, Mississippi",28157,35930,3105
"Desha County, Arkansas",5041,36064,3104
"Tensas Parish, Louisiana",22107,36074,3103
"Jefferson County, Mississippi",28063,36207,3102
"Coahoma County, Mississippi",28027,36259,3101
"Marlboro County, South Carolina",45069,36293,3100
"Costilla County, Colorado",8023,36519,3099
"Zapata County, Texas",48505,36527,3098
"Bullock County, Alabama",1011,36723,3097
"Wayne County, Mississippi",28153,36791,3096
"Dallas County, Alabama",1047,36810,3095
"Fulton County, Kentucky",21075,36834,3094
"Quitman County, Georgia",13239,36838,3093
"Lee County, Arkansas",5077,36860,3092
"Jenkins County, Georgia",13165,36906,3091
"Morehouse Parish, Louisiana",22067,36981,3090
"Macon County, Georgia",13193,37177,3089
"Jefferson Davis County, Mississippi",28065,37183,3088
"Harlan County, Kentucky",21095,37198,3087
"Lafayette County, Arkansas",5073,37237,3086
"Madison Parish, Louisiana",22065,37267,3085
"Bolivar County, Mississippi",28011,37315,3084
"Concordia Parish, Louisiana",22029,37349,3083
"McCreary County, Kentucky",21147,37355,3082
"Tallahatchie County, Mississippi",28135,37383,3081
"Webster Parish, Louisiana",22119,37396,3080
"Knott County, Kentucky",21119,37736,3079
"Sierra County, New Mexico",35051,37840,3078
"Luna County, New Mexico",35029,37917,3077
"Sumter County, Alabama",1119,37981,3076
"Lincoln Parish, Louisiana",22061,38035,3075
"Starr County, Texas",48427,38182,3074
"Tunica County, Mississippi",28143,38402,3073
"Atkinson County, Georgia",13003,38438,3072
"Norton City, Virginia",51720,38497,3071
"Edwards County, Texas",48137,38500,3070
"Stone County, Arkansas",5137,38531,3069
"Noxubee County, Mississippi",28103,38814,3068
"Phillips County, Arkansas",5107,38874,3067
"Glades County, Florida",12043,38905,3066
"Fulton County, Arkansas",5049,38941,3065
"Swisher County, Texas",48437,39031,3064
"Ben Hill County, Georgia",13017,39081,3063
"Todd County, South Dakota",46121,39148,3062
"Hudspeth County, Texas",48229,39336,3061
"Avoyelles Parish, Louisiana",22009,39439,3060
"Mingo County, West Virginia",54059,39527,3059
"Bradley County, Arkansas",5011,39565,3057
"Turner County, Georgia",13287,39565,3057
"Clay County, Kentucky",21051,39607,3056
"Cumberland County, Kentucky",21057,39662,3055
"Chicot County, Arkansas",5017,39683,3054
"Powell County, Kentucky",21197,39811,3053
"Clay County, Mississippi",28025,39904,3052
"Elliott County, Kentucky",21063,40074,3051
"Washington County, Mississippi",28151,40117,3050
"Guadalupe County, New Mexico",35019,40149,3049
"Leslie County, Kentucky",21131,40176,3048
"Monroe County, Alabama",1099,40225,3047
"Adams County, Mississippi",28001,40250,3046
"Sunflower County, Mississippi",28133,40265,3045
"Robeson County, North Carolina",37155,40318,3044
"Apache County, Arizona",4001,40338,3043
"Baca County, Colorado",8009,40380,3042
"Letcher County, Kentucky",21133,40501,3041
"Pemiscot County, Missouri",29155,40748,3040
"Webster County, Georgia",13307,40764,3039
"DeBaca County, New Mexico",35011,40804,3038
"Jeff Davis County, Georgia",13161,40879,3037
"Yazoo County, Mississippi",28163,40974,3036
"Newton County, Texas",48351,41044,3035
"Latimer County, Oklahoma",40077,41048,3034
"Drew County, Arkansas",5043,41071,3033
"Green County, Kentucky",21087,41087,3032
"Breathitt County, Kentucky",21025,41101,3031
"Briscoe County, Texas",48045,41188,3030
"Pocahontas County, West Virginia",54075,41200,3028
"Union County, South Carolina",45087,41200,3028
"Jackson County, Arkansas",5067,41215,3027
"Harding County, New Mexico",35021,41250,3026
"Hale County, Alabama",1065,41325,3025
"Jackson County, Kentucky",21109,41410,3024
"Calhoun County, West Virginia",54013,41421,3023
"Galax City, Virginia",51640,41438,3022
"Jackson County, Tennessee",47087,41475,3021
"Pike County, Mississippi",28113,41578,3020
"Floyd County, Kentucky",21071,41582,3019
"Lewis County, Kentucky",21135,41632,3018
"Sioux County, North Dakota",38085,41676,3017
"Casey County, Kentucky",21045,41689,3016
"Whitley County, Kentucky",21235,41719,3015
"Taylor County, Georgia",13269,41743,3014
"Washington County, North Carolina",37187,41750,3013
"Nevada County, Arkansas",5099,41761,3012
"St. Francis County, Arkansas",5123,41784,3011
"Barnwell County, South Carolina",45011,41800,3010
"Jackson County, Colorado",8057,41809,3009
"Sumter County, Georgia",13261,41877,3008
"Zavala County, Texas",48507,41887,3007
"Wayne County, Kentucky",21231,41933,3006
"Searcy County, Arkansas",5129,41978,3005
"Webster County, West Virginia",54101,42061,3004
"Kiowa County, Oklahoma",40075,42063,3003
"Cochran County, Texas",48079,42137,3002
"Benton County, Mississippi",28009,42139,3001
"Clinton County, Kentucky",21053,42168,3000
"Pike County, Kentucky",21195,42179,2999
"Foard County, Texas",48155,42212,2998
"Buchanan County, Virginia",51027,42216,2997
"Jim Hogg County, Texas",48247,42230,2996
"Wilcox County, Alabama",1131,42236,2995
"Conecuh County, Alabama",1035,42266,2994
"Lee County, Virginia",51105,42269,2993
"Evangeline Parish, Louisiana",22039,42273,2992
"Baylor County, Texas",48023,42313,2991
"Marion County, Mississippi",28091,42320,2990
"Ozark County, Missouri",29153,42329,2989
"Martinsville City, Virginia",51690,42434,2988
"Summers County, West Virginia",54089,42544,2987
"Culberson County, Texas",48109,42672,2986
"Scott County, Tennessee",47151,42679,2985
"Covington City, Virginia",51580,42724,2984
"Crisp County, Georgia",13081,42745,2983
"Washington Parish, Louisiana",22117,42776,2982
"Danville City, Virginia",51590,42778,2981
"Clay County, West Virginia",54015,42790,2980
"Grayson County, Virginia",51077,42864,2979
"Sharp County, Arkansas",5135,42950,2978
"Johnson County, Kentucky",21115,43014,2977
"Chickasaw County, Mississippi",28017,43041,2976
"Hampton County, South Carolina",45049,43059,2975
"Bamberg County, South Carolina",45009,43206,2974
"Orangeburg County, South Carolina",45075,43214,2973
"Pulaski County, Illinois",17153,43227,2972
"Butte County, Idaho",16023,43281,2971
"Jackson Parish, Louisiana",22049,43345,2970
"Lawrence County, Mississippi",28077,43368,2969
"Wayne County, Missouri",29223,43393,2968
"Williamsburg County, South Carolina",45089,43471,2967
"Oktibbeha County, Mississippi",28105,43482,2966
"Scotland County, North Carolina",37165,43500,2965
"Haywood County, Tennessee",47075,43513,2964
"Alexander County, Illinois",17003,43523,2963
"Kemper County, Mississippi",28069,43595,2962
"Richmond County, North Carolina",37153,43626,2961
"Quay County, New Mexico",35037,43698,2960
"Appling County, Georgia",13001,43728,2959
"Corson County, South Dakota",46031,43750,2957
"Treutlen County, Georgia",13283,43750,2957
"Terrell County, Georgia",13273,43812,2956
"Dickenson County, Virginia",51051,43831,2955
"Ripley County, Missouri",29181,43898,2954
"Estill County, Kentucky",21065,43905,2953
"Calhoun County, Mississippi",28013,43942,2952
"Tyrrell County, North Carolina",37177,43952,2951
"Monroe County, Arkansas",5095,43955,2950
"Panola County, Mississippi",28107,43990,2949
"Washington County, Georgia",13303,44009,2948
"Dillon County, South Carolina",45033,44038,2947
"Franklin Parish, Louisiana",22041,44103,2946
"Lee County, South Carolina",45061,44145,2945
"Lawrence County, Arkansas",5075,44164,2944
"Marengo County, Alabama",1091,44205,2943
"Anson County, North Carolina",37007,44245,2942
"Oregon County, Missouri",29149,44259,2941
"Alleghany County, North Carolina",37005,44272,2940
"Barbour County, Alabama",1005,44290,2939
"Reynolds County, Missouri",29179,44357,2938
"Lanier County, Georgia",13173,44361,2937
"Baker County, Georgia",13007,44405,2936
"Escambia County, Alabama",1053,44447,2935
"Braxton County, West Virginia",54007,44449,2934
"Ashley County, Arkansas",5003,44481,2933
"Choctaw County, Alabama",1023,44483,2932
"Howard County, Arkansas",5061,44492,2931
"McKinley County, New Mexico",35031,44496,2930
"Bladen County, North Carolina",37017,44528,2929
"Red River Parish, Louisiana",22081,44539,2928
"Bennett County, South Dakota",46007,44569,2927
"Pickett County, Tennessee",47137,44591,2926
"Pushmataha County, Oklahoma",40127,44634,2925
"Piute County, Utah",49031,44650,2924
"Menifee County, Kentucky",21165,44672,2923
"Dallas County, Arkansas",5039,44694,2922
"Bristol City, Virginia",51520,44706,2921
"Clay County, Tennessee",47027,44712,2920
"Garden County, Nebraska",31069,44777,2919
"Lenoir County, North Carolina",37107,44795,2918
"Johnson County, Arkansas",5071,44808,2917
"Ware County, Georgia",13299,44833,2916
"Butler County, Alabama",1013,44881,2915
"Telfair County, Georgia",13271,44948,2914
"Caldwell Parish, Louisiana",22021,44957,2913
"Taylor County, Florida",12123,44985,2912
"Montgomery County, Mississippi",28097,45057,2911
"Halifax County, North Carolina",37083,45071,2910
"Carter County, Missouri",29035,45083,2909
"Talbot County, Georgia",13263,45098,2908
"Glacier County, Montana",30035,45129,2907
"Scott County, Virginia",51169,45136,2906
"Prairie County, Montana",30079,45192,2905
"Roane County, West Virginia",54087,45194,2904
"Perry County, Kentucky",21193,45261,2903
"Wheeler County, Georgia",13309,45262,2902
"Acadia Parish, Louisiana",22001,45266,2901
"Warren County, North Carolina",37185,45279,2900
"Union County, New Mexico",35059,45319,2899
"Real County, Texas",48385,45417,2898
"Okfuskee County, Oklahoma",40107,45441,2897
"Walthall County, Mississippi",28147,45444,2896
"Choctaw County, Oklahoma",40023,45456,2895
"Jackson County, Illinois",17077,45572,2894
"Grundy County, Tennessee",47061,45573,2893
"Cedar County, Missouri",29039,45577,2892
"Lawrence County, Kentucky",21127,45584,2891
"Franklin County, Mississippi",28037,45618,2890
"St. Landry Parish, Louisiana",22097,45637,2889
"Willacy County, Texas",48489,45645,2888
"Union Parish, Louisiana",22111,45743,2887
"Tazewell County, Virginia",51185,45788,2886
"McMullen County, Texas",48311,45833,2885
"Hooker County, Nebraska",31091,45854,2884
"Terry County, Texas",48445,45905,2883
"Grant County, New Mexico",35017,45921,2882
"Bertie County, North Carolina",37015,45931,2881
"Macon County, Alabama",1087,45951,2880
"Scott County, Arkansas",5127,45955,2879
"Gadsden County, Florida",12039,46047,2878
"Clarke County, Mississippi",28023,46054,2877
"De Soto Parish, Louisiana",22031,46077,2876
"Overton County, Tennessee",47133,46159,2875
"Worth County, Missouri",29227,46167,2874
"Hardeman County, Tennessee",47069,46173,2873
"Martin County, Kentucky",21159,46185,2872
"Decatur County, Tennessee",47039,46190,2871
"Seminole County, Oklahoma",40133,46191,2870
"McIntosh County, Oklahoma",40091,46203,2869
"Torrance County, New Mexico",35057,46250,2868
"Tishomingo County, Mississippi",28141,46257,2867
"Mississippi County, Missouri",29133,46258,2866
"San Augustine County, Texas",48405,46338,2865
"Winn Parish, Louisiana",22127,46368,2864
"Coke County, Texas",48081,46431,2863
"Catron County, New Mexico",35003,46439,2862
"Jefferson County, Georgia",13163,46561,2861
"Claiborne County, Tennessee",47025,46587,2860
"Wilkinson County, Georgia",13319,46673,2859
"Meigs County, Ohio",39105,46701,2858
"Hall County, Texas",48191,46728,2857
"St. Clair County, Missouri",29185,46731,2856
"Warren County, Georgia",13301,46776,2855
"Dougherty County, Georgia",13095,46784,2854
"Martin County, North Carolina",37117,46793,2853
"Natchitoches Parish, Louisiana",22069,46798,2852
"Smyth County, Virginia",51173,46859,2851
"Calhoun County, Florida",12013,46901,2850
"Red River County, Texas",48387,46912,2849
"Vance County, North Carolina",37181,46943,2848
"Marion County, Arkansas",5089,46953,2847
"Fairfield County, South Carolina",45039,46972,2846
"Terrell County, Texas",48443,46989,2845
"Buffalo County, South Dakota",46017,47000,2844
"Covington County, Mississippi",28031,47001,2843
"Crittenden County, Kentucky",21055,47003,2842
"Cross County, Arkansas",5037,47012,2841
"Pickens County, Alabama",1107,47014,2840
"Lincoln County, Montana",30053,47018,2839
"Wheatland County, Montana",30107,47054,2838
"Jasper County, Mississippi",28061,47157,2837
"Poinsett County, Arkansas",5111,47188,2836
"Conejos County, Colorado",8021,47209,2835
"Logan County, West Virginia",54045,47237,2834
"Putnam County, Florida",12107,47256,2833
"Van Buren County, Arkansas",5141,47266,2832
"Wright County, Missouri",29229,47304,2831
"Jackson County, Florida",12063,47327,2830
"Ziebach County, South Dakota",46137,47333,2829
"Hyde County, North Carolina",37095,47338,2828
"Columbia County, Arkansas",5027,47363,2827
"Dunklin County, Missouri",29069,47368,2826
"Newton County, Arkansas",5101,47395,2825
"San Miguel County, New Mexico",35047,47400,2824
"Darlington County, South Carolina",45031,47419,2823
"Tillman County, Oklahoma",40141,47445,2822
"Lamar County, Alabama",1075,47447,2820
"Marion County, Texas",48315,47447,2820
"Hertford County, North Carolina",37091,47472,2819
"Jim Wells County, Texas",48249,47492,2818
"Morgan County, Kentucky",21175,47493,2817
"Socorro County, New Mexico",35053,47556,2816
"Blackford County, Indiana",18009,47560,2815
"Crowley County, Colorado",8025,47563,2814
"Chesterfield County, South Carolina",45025,47620,2813
"Hempstead County, Arkansas",5057,47654,2812
"Dixie County, Florida",12029,47655,2811
"Brooks County, Georgia",13027,47656,2810
"Cameron County, Pennsylvania",42023,47681,2809
"Pulaski County, Georgia",13235,47688,2808
"Hamilton County, Florida",12047,47696,2807
"Izard County, Arkansas",5065,47728,2806
"Catahoula Parish, Louisiana",22025,47753,2805
"Iosco County, Michigan",26069,47777,2804
"Chattooga County, Georgia",13055,47785,2803
"Mercer County, West Virginia",54055,47799,2802
"Brantley County, Georgia",13025,47801,2801
"Montmorency County, Michigan",26119,47803,2800
"Hughes County, Oklahoma",40063,47923,2799
"Northampton County, North Carolina",37131,47935,2798
"Pike County, Alabama",1109,47961,2797
"Copiah County, Mississippi",28029,47994,2796
"Grenada County, Mississippi",28043,47998,2795
"Adair County, Oklahoma",40001,48028,2794
"Winston County, Alabama",1133,48032,2793
"Taliaferro County, Georgia",13265,48036,2791
"Wilcox County, Georgia",13315,48036,2791
"Wyoming County, West Virginia",54109,48038,2790
"Texas County, Missouri",29215,48055,2789
"Attala County, Mississippi",28007,48098,2788
"McDonald County, Missouri",29119,48145,2787
"Woodson County, Kansas",20207,48152,2786
"Coal County, Oklahoma",40029,48162,2785
"Madison County, Florida",12079,48176,2784
"Columbus County, North Carolina",37047,48184,2783
"Menard County, Texas",48327,48191,2782
"Kusilvak Census Area, Alaska",2158,48233,2781
"Holmes County, Florida",12059,48236,2780
"Monroe County, Missouri",29137,48299,2779
"Lincoln County, Mississippi",28085,48316,2778
"Choctaw County, Mississippi",28019,48321,2777
"Harney County, Oregon",41025,48338,2776
"Barbour County, West Virginia",54001,48347,2775
"Rockcastle County, Kentucky",21203,48367,2774
"Cocke County, Tennessee",47029,48416,2773
"Leake County, Mississippi",28079,48418,2772
"Baxter County, Arkansas",5005,48427,2771
"Carter County, Tennessee",47019,48435,2770
"Henry County, Virginia",51089,48445,2769
"Edgecombe County, North Carolina",37065,48480,2768
"DeKalb County, Tennessee",47041,48484,2767
"Scott County, Mississippi",28123,48492,2766
"Clay County, Arkansas",5021,48500,2765
"West Carroll Parish, Louisiana",22123,48514,2764
"Charlton County, Georgia",13049,48534,2763
"Henry County, Tennessee",47079,48540,2762
"Jefferson County, Arkansas",5069,48552,2761
"Metcalfe County, Kentucky",21169,48572,2760
"Lincoln County, West Virginia",54043,48593,2759
"Ottawa County, Oklahoma",40115,48656,2758
"Greenbrier County, West Virginia",54025,48662,2757
"Hopewell City, Virginia",51670,48681,2756
"Clay County, Georgia",13061,48715,2755
"Jefferson County, Oklahoma",40067,48750,2754
"Colleton County, South Carolina",45029,48779,2753
"Clarendon County, South Carolina",45027,48887,2752
"Charlotte County, Virginia",51037,48892,2751
"Payne County, Oklahoma",40119,48937,2750
"Niobrara County, Wyoming",56027,48987,2749
"Crawford County, Indiana",18025,48993,2748
"Montgomery County, Arkansas",5097,49015,2747
"Russell County, Virginia",51167,49020,2746
"Bronx County, New York",36005,49036,2745
"Graham County, North Carolina",37075,49038,2744
"Crenshaw County, Alabama",1041,49040,2743
"Cherokee County, South Carolina",45021,49047,2742
"Winston County, Mississippi",28159,49071,2741
"Hidalgo County, New Mexico",35023,49076,2740
"Hardin County, Tennessee",47071,49149,2739
"Clarke County, Alabama",1025,49167,2738
"Barren County, Kentucky",21009,49171,2736
"Yalobusha County, Mississippi",28161,49171,2736
"Bent County, Colorado",8011,49194,2735
"Lauderdale County, Tennessee",47097,49205,2734
"Butler County, Missouri",29023,49213,2733
"New Madrid County, Missouri",29143,49237,2732
"Halifax County with South Boston City, Virginia",51083,49244,2731
"Polk County, Arkansas",5113,49252,2730
"Nicholas County, West Virginia",54067,49280,2729
"Chambers County, Alabama",1017,49295,2728
"Hardy County, West Virginia",54031,49302,2727
"Emporia City, Virginia",51595,49375,2726
"Alcorn County, Mississippi",28003,49404,2725
"Comanche County, Kansas",20033,49417,2724
"Monroe County, Kentucky",21171,49430,2723
"Jackson County, Alabama",1071,49454,2722
"Lewis County, Tennessee",47101,49477,2721
"Weakley County, Tennessee",47183,49502,2720
"Barton County, Missouri",29011,49503,2719
"La Paz County, Arizona",4012,49506,2718
"Adams County, Ohio",39001,49521,2717
"Deer Lodge County, Montana",30023,49533,2716
"Pike County, Ohio",39131,49552,2715
"Seminole County, Georgia",13253,49559,2714
"Wayne County, Georgia",13305,49562,2713
"Scioto County, Ohio",39145,49571,2712
"Lewis County, Idaho",16061,49643,2711
"Hart County, Kentucky",21099,49653,2710
"Bledsoe County, Tennessee",47007,49655,2709
"Fleming County, Kentucky",21069,49663,2707
"Morgan County, Missouri",29141,49663,2707
"Gogebic County, Michigan",26053,49672,2706
"Lake County, Michigan",26085,49680,2705
"Colquitt County, Georgia",13071,49691,2704
"Laurens County, Georgia",13175,49705,2703
"Elbert County, Georgia",13105,49727,2702
"Rutherford County, North Carolina",37161,49771,2701
"Sequoyah County, Oklahoma",40135,49795,2700
"Clare County, Michigan",26035,49805,2699
"Howell County, Missouri",29091,49814,2698
"Douglas County, Missouri",29067,49828,2697
"Ouachita County, Arkansas",5103,49838,2696
"Walker County, Texas",48471,49862,2695
"Grayson County, Kentucky",21085,49893,2694
"Dade County, Missouri",29057,49899,2693
"Malheur County, Oregon",41045,49902,2692
"Jasper County, Texas",48241,49919,2691
"Haskell County, Oklahoma",40061,49930,2690
"Hinds County, Mississippi",28049,49966,2689
"Shoshone County, Idaho",16079,49975,2688
"Woodruff County, Arkansas",5147,49982,2687
"Miller County, Arkansas",5091,49983,2686
"Le Flore County, Oklahoma",40079,50027,2685
"Lauderdale County, Mississippi",28075,50033,2684
"Russell County, Alabama",1113,50046,2683
"Emanuel County, Georgia",13107,50053,2682
"Forest County, Pennsylvania",42053,50061,2681
"Caddo Parish, Louisiana",22017,50067,2680
"Duval County, Texas",48131,50081,2679
"Cook County, Georgia",13075,50133,2678
"Dodge County, Georgia",13091,50152,2677
"Nolan County, Texas",48353,50160,2676
"Coffee County, Georgia",13069,50175,2674
"McCurtain County, Oklahoma",40089,50175,2674
"Mora County, New Mexico",35033,50178,2673
"Craig County, Oklahoma",40035,50182,2672
"St. Helena Parish, Louisiana",22091,50193,2671
"Union County, Arkansas",5139,50221,2670
"Ritchie County, West Virginia",54085,50256,2669
"Campbell County, Tennessee",47013,50260,2668
"Norton County, Kansas",20137,50305,2667
"Bacon County, Georgia",13005,50310,2666
"Crawford County, Kansas",20037,50311,2665
"Adair County, Kentucky",21001,50316,2664
"McIntosh County, Georgia",13191,50348,2663
"Unicoi County, Tennessee",47171,50381,2662
"Carter County, Kentucky",21043,50389,2661
"Carroll County, Tennessee",47017,50391,2660
"Las Animas County, Colorado",8071,50408,2659
"Berrien County, Georgia",13019,50414,2658
"Dickens County, Texas",48125,50417,2657
"Newton County, Mississippi",28101,50426,2656
"Candler County, Georgia",13043,50431,2655
"McDonough County, Illinois",17109,50434,2654
"Benton County, Tennessee",47005,50435,2652
"Perry County, Mississippi",28111,50435,2652
"Shelby County, Texas",48419,50436,2651
"Wilkes County, North Carolina",37193,50438,2650
"Potter County, Texas",48375,50448,2649
"Marion County, Georgia",13197,50484,2648
"Decatur County, Georgia",13087,50485,2647
"Perry County, Tennessee",47135,50489,2646
"Cleveland County, Arkansas",5025,50509,2645
"Woods County, Oklahoma",40151,50512,2644
"Russell County, Kentucky",21207,50520,2643
"Garza County, Texas",48169,50545,2642
"Graves County, Kentucky",21083,50576,2641
"Oscoda County, Michigan",26135,50581,2640
"Mineral County, Nevada",32021,50584,2639
"Greenwood County, South Carolina",45047,50635,2638
"Tyler County, Texas",48457,50647,2637
"Lincoln County, Georgia",13181,50688,2636
"Marion County, Alabama",1093,50714,2634
"McNairy County, Tennessee",47109,50714,2634
"Fayette County, Alabama",1057,50733,2633
"Burke County, Georgia",13033,50739,2632
"Wise County, Virginia",51195,50740,2631
"Petersburg City, Virginia",51730,50741,2630
"Bibb County, Georgia",13021,50747,2629
"Cherokee County, Alabama",1019,50769,2628
"Laclede County, Missouri",29105,50825,2627
"Ashe County, North Carolina",37009,50827,2626
"Lincoln County, Kentucky",21137,50862,2625
"Fentress County, Tennessee",47049,50865,2624
"DeSoto County, Florida",12027,50868,2623
"Covington County, Alabama",1039,50886,2622
"Greene County, North Carolina",37079,50904,2620
"Upson County, Georgia",13293,50904,2620
"Johnston County, Oklahoma",40069,50911,2619
"Patrick County, Virginia",51141,50938,2618
"Pulaski County, Kentucky",21199,50943,2617
"Geneva County, Alabama",1061,50951,2616
"Clark County, Arkansas",5019,50985,2615
"Gilmer County, West Virginia",54021,50991,2614
"Pike County, Arkansas",5109,51000,2613
"Loving County, Texas",48301,51087,2612
"Prairie County, Arkansas",5117,51094,2611
"Allen Parish, Louisiana",22003,51138,2610
"Tippah County, Mississippi",28139,51141,2609
"Jones County, Mississippi",28067,51143,2608
"Appanoose County, Iowa",19007,51146,2607
"DeKalb County, Alabama",1049,51149,2606
"Iron County, Missouri",29093,51161,2605
"Montgomery County, Georgia",13209,51188,2604
"Conway County, Arkansas",5029,51212,2603
"Bibb County, Alabama",1007,51215,2602
"Chester County, South Carolina",45023,51216,2601
"Monroe County, Mississippi",28095,51231,2600
"Ouachita Parish, Louisiana",22073,51241,2599
"Wheeler County, Oregon",41069,51250,2598
"Maverick County, Texas",48323,51270,2597
"Cameron County, Texas",48061,51334,2596
"Grainger County, Tennessee",47057,51351,2595
"Mellette County, South Dakota",46095,51364,2594
"Watauga County, North Carolina",37189,51367,2593
"Wilson County, North Carolina",37195,51381,2592
"Smith County, Mississippi",28129,51396,2591
"Alamosa County, Colorado",8003,51445,2590
"Clark County, Missouri",29045,51458,2589
"Prentiss County, Mississippi",28117,51466,2588
"Mason County, Kentucky",21161,51473,2587
"Franklin County, Alabama",1059,51493,2586
"Cherokee County, North Carolina",37039,51496,2585
"Nacogdoches County, Texas",48347,51528,2584
"Brown County, Nebraska",31017,51538,2583
"Randolph County, Alabama",1111,51551,2582
"Wilbarger County, Texas",48487,51626,2581
"Sevier County, Arkansas",5133,51641,2580
"Lincoln County, New Mexico",35027,51643,2579
"Trinity County, Texas",48455,51663,2578
"Lincoln County, Arkansas",5079,51667,2577
"Mecklenburg County, Virginia",51117,51691,2576
"Eastland County, Texas",48133,51741,2575
"Cibola County, New Mexico",35006,51765,2574
"St. Mary Parish, Louisiana",22101,51768,2573
"Ontonagon County, Michigan",26131,51844,2572
"Clay County, Alabama",1027,51852,2571
"Calloway County, Kentucky",21035,51854,2570
"Upshur County, West Virginia",54097,51859,2569
"Marshall County, Mississippi",28093,51875,2568
"Duplin County, North Carolina",37061,51880,2567
"Washington County, Missouri",29221,51886,2566
"Mitchell County, Georgia",13205,51908,2565
"Alpena County, Michigan",26007,51909,2564
"Franklin County, Arkansas",5047,51919,2562
"McCulloch County, Texas",48307,51919,2562
"Ogemaw County, Michigan",26129,51983,2561
"Muskogee County, Oklahoma",40101,51999,2560
"Butler County, Kentucky",21031,52003,2559
"Hitchcock County, Nebraska",31087,52016,2558
"Chaves County, New Mexico",35005,52029,2557
"Decatur County, Kansas",20039,52030,2556
"Atoka County, Oklahoma",40005,52034,2555
"Sabine Parish, Louisiana",22085,52047,2554
"Raleigh County, West Virginia",54081,52055,2553
"Lemhi County, Idaho",16059,52057,2552
"Clark County, Idaho",16033,52083,2551
"Abbeville County, South Carolina",45001,52112,2550
"Brooke County, West Virginia",54009,52116,2549
"Shelby County, Missouri",29205,52127,2548
"Huerfano County, Colorado",8055,52139,2547
"Johnson County, Tennessee",47091,52152,2546
"Carter County, Montana",30011,52171,2545
"Crosby County, Texas",48107,52197,2544
"Benton County, Missouri",29015,52200,2543
"White County, Tennessee",47185,52206,2542
"Washington County, Maine",23029,52237,2541
"Little River County, Arkansas",5081,52241,2540
"Sequatchie County, Tennessee",47153,52260,2539
"Franklin County, Georgia",13119,52264,2537
"Stephens County, Georgia",13257,52264,2537
"Clarke County, Georgia",13059,52267,2536
"Lewis County, West Virginia",54041,52279,2535
"Hidalgo County, Texas",48215,52281,2534
"Okeechobee County, Florida",12093,52288,2533
"Upton County, Texas",48461,52321,2532
"Beckham County, Oklahoma",40009,52323,2531
"Robertson County, Kentucky",21201,52337,2530
"Lewis County, Missouri",29111,52340,2529
"Jewell County, Kansas",20089,52344,2528
"Tattnall County, Georgia",13267,52351,2527
"Coleman County, Texas",48083,52364,2526
"Gregory County, South Dakota",46053,52432,2525
"Roosevelt County, New Mexico",35041,52445,2524
"Mineral County, Colorado",8079,52455,2523
"Somerset County, Maryland",24039,52462,2522
"Vigo County, Indiana",18167,52525,2521
"Wilkes County, Georgia",13317,52542,2520
"Assumption Parish, Louisiana",22007,52546,2519
"Carroll County, Virginia",51035,52575,2518
"Brewster County, Texas",48043,52612,2517
"Yukon-Koyukuk Census Area, Alaska",2290,52642,2516
"Hot Spring County, Arkansas",5059,52644,2515
"Roanoke City, Virginia",51770,52671,2514
"Fayette County, West Virginia",54019,52672,2512
"Muhlenberg County, Kentucky",21177,52672,2512
"Nowata County, Oklahoma",40105,52679,2511
"Colfax County, New Mexico",35007,52690,2510
"Otero County, New Mexico",35035,52717,2509
"Washington County, Florida",12133,52723,2508
"Pontotoc County, Mississippi",28115,52741,2507
"Navajo County, Arizona",4017,52752,2506
"Hale County, Texas",48189,52788,2505
"Radford City, Virginia",51750,52791,2504
"Hamblen County, Tennessee",47063,52794,2503
"Caddo County, Oklahoma",40015,52817,2502
"Forrest County, Mississippi",28035,52821,2501
"Wayne County, Tennessee",47181,52824,2500
"Cabell County, West Virginia",54011,52828,2499
"Sedgwick County, Colorado",8115,52833,2498
"Randolph County, Arkansas",5121,52838,2497
"Whitman County, Washington",53075,52893,2496
"Graham County, Kansas",20065,52909,2495
"Saluda County, South Carolina",45081,52957,2494
"Richland Parish, Louisiana",22083,52960,2493
"Brunswick County, Virginia",51025,52978,2492
"Bleckley County, Georgia",13023,53005,2491
"Screven County, Georgia",13251,53017,2490
"San Juan County, New Mexico",35045,53020,2489
"Lane County, Kansas",20101,53042,2488
"Hendry County, Florida",12051,53044,2487
"Etowah County, Alabama",1055,53070,2486
"Neshoba County, Mississippi",28099,53087,2485
"White County, Illinois",17193,53097,2484
"Obion County, Tennessee",47131,53102,2483
"Wayne County, Illinois",17191,53107,2482
"Okmulgee County, Oklahoma",40111,53123,2481
"Roosevelt County, Montana",30085,53125,2480
"Sampson County, North Carolina",37163,53159,2479
"Tift County, Georgia",13277,53165,2478
"Dallas County, Missouri",29059,53177,2477
"Richmond County, Georgia",13245,53197,2476
"Lawrence County, Tennessee",47099,53233,2475
"Montgomery County, Kansas",20125,53242,2474
"Liberty County, Montana",30051,53264,2473
"Knox County, Illinois",17095,53291,2472
"Macon County, North Carolina",37113,53298,2471
"Cleburne County, Alabama",1029,53319,2470
"Knox County, Missouri",29103,53333,2469
"Wetzel County, West Virginia",54103,53341,2468
"Harrison County, Missouri",29081,53364,2467
"St. Martin Parish, Louisiana",22099,53394,2466
"Mississippi County, Arkansas",5093,53428,2465
"White County, Arkansas",5145,53435,2464
"Lawrence County, Illinois",17101,53438,2463
"Mason County, West Virginia",54053,53454,2462
"Franklin County, Illinois",17055,53471,2460
"Henderson County, Tennessee",47077,53471,2460
"Tucker County, West Virginia",54093,53475,2459
"Jackson County, North Carolina",37099,53479,2458
"Trinity County, California",6105,53498,2457
"Pondera County, Montana",30073,53500,2456
"Lincoln County, Kansas",20105,53546,2455
"Alcona County, Michigan",26001,53568,2454
"Washington County, Idaho",16087,53608,2453
"Republic County, Kansas",20157,53611,2452
"Iron County, Michigan",26071,53614,2450
"Santa Cruz County, Arizona",4023,53614,2450
"Nicholas County, Kentucky",21181,53616,2449
"Clay County, North Carolina",37043,53645,2448
"Wabash County, Illinois",17185,53650,2447
"Rowan County, Kentucky",21205,53657,2446
"Cherokee County, Oklahoma",40021,53668,2445
"Breckinridge County, Kentucky",21027,53673,2443
"Carbon County, Utah",49007,53673,2443
"Toole County, Montana",30101,53693,2442
"Early County, Georgia",13099,53750,2441
"Isabella County, Michigan",26073,53759,2440
"Edwards County, Kansas",20047,53792,2439
"Levy County, Florida",12075,53805,2438
"Vinton County, Ohio",39163,53813,2437
"Liberty County, Florida",12077,53824,2436
"Athens County, Ohio",39009,53837,2435
"Grundy County, Missouri",29079,53839,2434
"Harrison County, Ohio",39067,53851,2433
"Live Oak County, Texas",48297,53869,2432
"Madison County, Arkansas",5087,53888,2431
"Keweenaw County, Michigan",26083,53893,2430
"Rio Arriba County, New Mexico",35039,53901,2429
"Russell County, Kansas",20167,53902,2428
"Evans County, Georgia",13109,53908,2427
"Irwin County, Georgia",13155,53915,2426
"Mahnomen County, Minnesota",27087,53925,2425
"Dale County, Alabama",1045,53955,2424
"Grant County, Indiana",18053,54007,2423
"Sanders County, Montana",30089,54035,2422
"Haskell County, Texas",48207,54044,2421
"McDuffie County, Georgia",13189,54058,2420
"Stoddard County, Missouri",29207,54067,2419
"Greene County, Tennessee",47059,54071,2418
"Sioux County, Nebraska",31165,54076,2417
"Warren County, Tennessee",47177,54088,2416
"Roscommon County, Michigan",26143,54106,2415
"Simpson County, Mississippi",28127,54111,2414
"Deaf Smith County, Texas",48117,54114,2412
"Jay County, Indiana",18075,54114,2412
"Pittsylvania County, Virginia",51143,54115,2411
"Bath County, Kentucky",21011,54128,2410
"Toombs County, Georgia",13279,54130,2409
"Audubon County, Iowa",19009,54152,2408
"Johnson County, Georgia",13167,54183,2407
"Christian County, Kentucky",21047,54190,2406
"Boone County, Arkansas",5009,54195,2405
"Hardee County, Florida",12049,54231,2404
"Logan County, Arkansas",5083,54237,2403
"Aroostook County, Maine",23003,54254,2402
"Lincoln County, Colorado",8073,54257,2401
"Crittenden County, Arkansas",5035,54271,2400
"Bryan County, Oklahoma",40013,54280,2399
"Saguache County, Colorado",8109,54283,2398
"Harmon County, Oklahoma",40057,54286,2397
"Dent County, Missouri",29065,54306,2396
"Grady County, Georgia",13131,54312,2395
"Cass County, Texas",48067,54328,2394
"Luce County, Michigan",26095,54338,2393
"Ohio County, Kentucky",21183,54369,2392
"Dawes County, Nebraska",31045,54381,2391
"Buena Vista City, Virginia",51530,54458,2390
"Lowndes County, Mississippi",28087,54460,2388
"Lunenburg County, Virginia",51111,54460,2388
"Houston County, Tennessee",47083,54475,2387
"Monroe County, West Virginia",54063,54508,2386
"Walker County, Alabama",1127,54509,2385
"Edmonson County, Kentucky",21061,54512,2384
"Chase County, Kansas",20017,54518,2383
"Vernon County, Missouri",29217,54519,2382
"Vermilion County, Illinois",17183,54537,2381
"Houston County, Texas",48225,54563,2380
"Scott County, Indiana",18143,54583,2379
"Chautauqua County, Kansas",20019,54592,2378
"Pope County, Arkansas",5115,54606,2377
"Gallatin County, Illinois",17059,54626,2376
"Trigg County, Kentucky",21221,54630,2375
"Granite County, Montana",30039,54646,2374
"Ferry County, Washington",53019,54650,2373
"Coshocton County, Ohio",39031,54687,2372
"Wirt County, West Virginia",54105,54688,2371
"Stephens County, Texas",48429,54695,2370
"Pittsburg County, Oklahoma",40121,54787,2369
"Hockley County, Texas",48219,54810,2368
"St. Francois County, Missouri",29187,54813,2367
"George County, Mississippi",28039,54822,2366
"Delta County, Michigan",26041,54829,2365
"Lawrence County, Ohio",39087,54842,2364
"San Saba County, Texas",48411,54855,2363
"San Juan County, Utah",49037,54890,2362
"Otero County, Colorado",8089,54897,2361
"Troup County, Georgia",13285,54905,2360
"Pawnee County, Nebraska",31133,54926,2359
"Saline County, Illinois",17165,54945,2358
"Yancey County, North Carolina",37199,54961,2357
"Dyer County, Tennessee",47045,54973,2356
"Sullivan County, Indiana",18153,54985,2355
"Randolph County, West Virginia",54083,55057,2354
"Camp County, Texas",48063,55061,2353
"Columbia County, Florida",12023,55070,2352
"Logan County, Colorado",8075,55074,2351
"Morris County, Texas",48343,55082,2349
"Prince Edward County, Virginia",51147,55082,2349
"Trumbull County, Ohio",39155,55088,2348
"Delaware County, Oklahoma",40041,55114,2347
"Baraga County, Michigan",26013,55117,2346
"Alleghany County and Clifton Forge City, Virginia",51005,55160,2345
"Miller County, Missouri",29131,55172,2344
"Matagorda County, Texas",48321,55174,2343
"Carroll County, Arkansas",5015,55187,2342
"Piscataquis County, Maine",23021,55234,2341
"Glascock County, Georgia",13125,55250,2340
"Carroll County, Mississippi",28015,55275,2339
"Hawkins County, Tennessee",47073,55278,2338
"St. Louis City, Missouri",29510,55279,2337
"Brown County, Texas",48049,55305,2336
"Polk County, Georgia",13233,55308,2335
"Randolph County, Missouri",29175,55310,2334
"Hill County, Montana",30041,55313,2333
"Hamilton County, Texas",48193,55339,2331
"Orleans Parish, Louisiana",22071,55339,2331
"McCormick County, South Carolina",45065,55344,2330
"Citrus County, Florida",12017,55355,2329
"Wythe County, Virginia",51197,55359,2328
"Noble County, Ohio",39121,55360,2327
"Falls County, Texas",48145,55372,2326
"Eddy County, North Dakota",38027,55389,2325
"Caldwell County, North Carolina",37027,55401,2324
"Marion County, Kentucky",21155,55404,2323
"Garland County, Arkansas",5051,55409,2322
"Baldwin County, Georgia",13009,55413,2321
"Adams County, North Dakota",38001,55417,2318
"Harper County, Kansas",20077,55417,2318
"Judith Basin County, Montana",30045,55417,2318
"Phelps County, Missouri",29161,55427,2317
"Swain County, North Carolina",37173,55429,2316
"Labette County, Kansas",20099,55439,2314
"Twiggs County, Georgia",13289,55439,2314
"Floyd County, Texas",48153,55461,2313
"La Salle County, Texas",48283,55469,2312
"Crawford County, Ohio",39033,55477,2311
"Suwannee County, Florida",12121,55479,2310
"Siskiyou County, California",6093,55499,2309
"Sullivan County, Missouri",29211,55500,2308
"Ashtabula County, Ohio",39007,55507,2307
"Laurens County, South Carolina",45059,55517,2306
"McDowell County, North Carolina",37111,55527,2305
"Camas County, Idaho",16025,55536,2304
"Wayne County, West Virginia",54099,55539,2303
"Clinch County, Georgia",13065,55549,2302
"Gladwin County, Michigan",26051,55576,2300
"Mahoning County, Ohio",39099,55576,2300
"Richardson County, Nebraska",31147,55578,2299
"Highlands County, Florida",12055,55581,2298
"Jones County, North Carolina",37103,55659,2297
"Dona Ana County, New Mexico",35013,55663,2296
"Jackson County, West Virginia",54035,55671,2295
"Burke County, North Carolina",37023,55684,2294
"Menominee County, Michigan",26109,55688,2293
"Neosho County, Kansas",20133,55704,2292
"Calhoun County, Georgia",13037,55714,2291
"Guernsey County, Ohio",39059,55756,2290
"Cheyenne County, Kansas",20023,55765,2289
"Cleveland County, North Carolina",37045,55769,2288
"Dawson County, Texas",48115,55789,2287
"Rockingham County, North Carolina",37157,55796,2286
"Mohave County, Arizona",4015,55799,2285
"Calhoun County, Alabama",1015,55826,2284
"Greene County, Mississippi",28041,55838,2283
"Lawrence County, Missouri",29109,55849,2281
"Montgomery County, North Carolina",37123,55849,2281
"Lowndes County, Georgia",13185,55887,2279
"Walker County, Georgia",13295,55887,2279
"Wheeler County, Nebraska",31183,55893,2278
"Northampton County, Virginia",51131,55933,2277
"Rapides Parish, Louisiana",22079,55946,2276
"Nodaway County, Missouri",29147,55970,2275
"Morgan County, Ohio",39115,55971,2274
"Nye County, Nevada",32023,55975,2273
"Cleburne County, Arkansas",5023,55979,2272
"Sumter County, South Carolina",45085,55990,2271
"Independence County, Arkansas",5063,56009,2270
"Schuyler County, Missouri",29197,56023,2269
"Mitchell County, Texas",48335,56033,2268
"Coles County, Illinois",17029,56040,2267
"Reeves County, Texas",48389,56056,2266
"Bee County, Texas",48025,56075,2265
"Gray County, Texas",48179,56082,2264
"Elk County, Kansas",20049,56087,2263
"Fayette County, Pennsylvania",42051,56093,2262
"Surry County, North Carolina",37171,56095,2261
"Boone County, West Virginia",54005,56152,2260
"Wood County, West Virginia",54107,56193,2259
"Somerset County, Maine",23025,56199,2258
"Meagher County, Montana",30059,56215,2257
"Audrain County, Missouri",29007,56232,2256
"Talladega County, Alabama",1121,56249,2255
"Curry County, New Mexico",35009,56259,2254
"Macon County, Tennessee",47111,56269,2253
"Cambria County, Pennsylvania",42021,56292,2252
"Knox County, Texas",48275,56304,2251
"Bourbon County, Kentucky",21017,56322,2250
"Crawford County, Missouri",29055,56345,2249
"Waynesboro City, Virginia",51820,56364,2248
"Kiowa County, Colorado",8061,56389,2247
"Imperial County, California",6025,56393,2246
"Union County, Illinois",17181,56420,2245
"Rosebud County, Montana",30087,56430,2244
"Sebastian County, Arkansas",5131,56450,2243
"Gallia County, Ohio",39053,56455,2242
"Meriwether County, Georgia",13199,56458,2241
"Essex County, Virginia",51057,56481,2240
"Marshall County, Oklahoma",40095,56495,2239
"Jefferson Davis Parish, Louisiana",22053,56500,2238
"Chautauqua County, New York",36013,56507,2237
"Cass County, Indiana",18017,56525,2236
"Pearl River County, Mississippi",28109,56535,2235
"Putnam County, Tennessee",47141,56537,2234
"Dooly County, Georgia",13093,56545,2233
"Benewah County, Idaho",16009,56553,2232
"Dundy County, Nebraska",31057,56563,2231
"Saline County, Missouri",29195,56566,2230
"Houghton County, Michigan",26061,56573,2229
"Adair County, Missouri",29001,56583,2228
"Barry County, Missouri",29009,56611,2227
"Henry County, Missouri",29083,56621,2226
"Muscogee County, Georgia",13215,56622,2225
"Donley County, Texas",48129,56648,2221
"Modoc County, California",6049,56648,2221
"Monroe County, Tennessee",47123,56648,2221
"Warren County, Mississippi",28149,56648,2221
"Florence County, South Carolina",45041,56650,2220
"Wayne County, Indiana",18177,56652,2219
"Fayette County, Indiana",18041,56659,2218
"Kay County, Oklahoma",40071,56673,2217
"Big Horn County, Montana",30003,56680,2216
"Polk County, Missouri",29167,56686,2215
"Calhoun County, South Carolina",45017,56690,2214
"Pierce County, Georgia",13229,56691,2213
"Presque Isle County, Michigan",26141,56713,2212
"Morris County, Kansas",20127,56716,2211
"Barton County, Kansas",20009,56733,2210
"Colbert County, Alabama",1033,56736,2209
"Grant County, North Dakota",38037,56750,2208
"Greensville County, Virginia",51081,56759,2207
"Greene County, Arkansas",5055,56793,2206
"Sullivan County, Tennessee",47163,56802,2205
"Taylor County, West Virginia",54091,56807,2203
"Union County, Mississippi",28145,56807,2203
"Union County, Iowa",19175,56813,2202
"Jefferson County, Iowa",19101,56824,2201
"Bulloch County, Georgia",13031,56832,2200
"Putnam County, Missouri",29171,56875,2199
"Wadena County, Minnesota",27159,56882,2198
"Jefferson County, Pennsylvania",42065,56898,2197
"Sheridan County, Nebraska",31161,56900,2196
"Edgar County, Illinois",17045,56909,2195
"Chouteau County, Montana",30015,56927,2194
"Delaware County, Indiana",18035,56932,2193
"Custer County, Idaho",16037,56957,2192
"Huron County, Michigan",26063,56963,2191
"Chowan County, North Carolina",37041,56982,2190
"Jefferson County, Ohio",39081,56983,2189
"Jefferson County, Florida",12065,56984,2188
"Arenac County, Michigan",26011,56989,2187
"Ellis County, Oklahoma",40045,56992,2186
"Lamb County, Texas",48279,56997,2185
"Laurel County, Kentucky",21125,56999,2184
"Smith County, Kansas",20183,57024,2183
"Osceola County, Michigan",26133,57050,2182
"Wilson County, Kansas",20205,57056,2181
"Cumberland County, Virginia",51049,57057,2180
"Coosa County, Alabama",1037,57063,2179
"Wahkiakum County, Washington",53069,57091,2178
"Fayette County, Illinois",17051,57113,2177
"Garvin County, Oklahoma",40049,57127,2176
"Decatur County, Iowa",19053,57146,2175
"Hardin County, Illinois",17069,57155,2174
"Tallapoosa County, Alabama",1123,57185,2173
"Worth County, Georgia",13321,57201,2172
"Cimarron County, Oklahoma",40025,57204,2171
"Hickman County, Tennessee",47081,57223,2170
"Harrison County, Mississippi",28047,57233,2169
"Hart County, Georgia",13147,57241,2168
"Tangipahoa Parish, Louisiana",22105,57256,2167
"Langlade County, Wisconsin",55067,57258,2166
"Clay County, Illinois",17025,57266,2165
"Mayes County, Oklahoma",40097,57279,2164
"Bollinger County, Missouri",29017,57286,2163
"Burt County, Nebraska",31021,57303,2162
"Marion County, Ohio",39101,57306,2161
"Cloud County, Kansas",20029,57333,2160
"Geary County, Kansas",20061,57344,2159
"Golden Valley County, Montana",30037,57353,2158
"Rolette County, North Dakota",38079,57355,2157
"Simpson County, Kentucky",21213,57392,2156
"Allegany County, Maryland",24001,57393,2155
"Morgan County, Tennessee",47129,57408,2154
"Lynn County, Texas",48305,57411,2153
"Gentry County, Missouri",29075,57458,2152
"Iberville Parish, Louisiana",22047,57459,2151
"Montgomery County, Kentucky",21173,57468,2150
"Greene County, Missouri",29077,57488,2149
"Accomack County, Virginia",51001,57500,2147
"Rock County, Nebraska",31149,57500,2147
"Silver Bow County, Montana",30093,57504,2146
"Jasper County, Missouri",29097,57525,2145
"Houston County, Alabama",1069,57531,2144
"Vermilion Parish, Louisiana",22113,57537,2143
"Pawnee County, Oklahoma",40117,57551,2142
"Custer County, Oklahoma",40039,57562,2141
"Pike County, Missouri",29163,57572,2140
"Cheyenne County, Nebraska",31033,57594,2139
"Prowers County, Colorado",8099,57601,2138
"Hopkins County, Kentucky",21107,57610,2137
"Kleberg County, Texas",48273,57612,2136
"Barber County, Kansas",20007,57615,2134
"Craighead County, Arkansas",5031,57615,2134
"Allen County, Kansas",20001,57618,2132
"Caldwell County, Kentucky",21033,57618,2132
"St. Bernard Parish, Louisiana",22087,57638,2131
"Ashland County, Wisconsin",55003,57645,2130
"Richland County, Ohio",39139,57649,2129
"Avery County, North Carolina",37011,57657,2128
"Franklin County, Nebraska",31061,57692,2127
"Schoolcraft County, Michigan",26153,57708,2126
"Page County, Iowa",19145,57752,2125
"Carroll County, Kentucky",21041,57753,2124
"Todd County, Kentucky",21219,57759,2123
"Mecosta County, Michigan",26107,57774,2122
"Iberia Parish, Louisiana",22045,57811,2121
"Baker County, Oregon",41001,57844,2120
"Uvalde County, Texas",48463,57849,2119
"Ohio County, West Virginia",54069,57867,2118
"Bates County, Missouri",29013,57914,2117
"Dewey County, South Dakota",46041,57928,2116
"Oxford County, Maine",23017,57933,2115
"Northumberland County, Pennsylvania",42097,57948,2114
"Clearwater County, Idaho",16035,57961,2113
"Beaufort County, North Carolina",37013,57997,2112
"Daniels County, Montana",30019,58000,2110
"Faulk County, South Dakota",46049,58000,2110
"Hardin County, Ohio",39065,58001,2109
"Refugio County, Texas",48391,58016,2108
"Pike County, Illinois",17149,58029,2107
"Beaverhead County, Montana",30001,58072,2106
"Fannin County, Georgia",13111,58073,2105
"Wayne County, North Carolina",37191,58082,2104
"Mitchell County, North Carolina",37121,58089,2103
"Cannon County, Tennessee",47015,58092,2102
"Marion County, Tennessee",47115,58103,2101
"Limestone County, Texas",48293,58109,2100
"Mobile County, Alabama",1097,58119,2099
"Irion County, Texas",48235,58125,2098
"Keith County, Nebraska",31101,58132,2097
"Rhea County, Tennessee",47143,58133,2096
"Montgomery County, Alabama",1101,58153,2095
"Phillips County, Montana",30071,58156,2094
"Madison County, Tennessee",47113,58189,2093
"Mitchell County, Kansas",20123,58233,2092
"Henderson County, Kentucky",21101,58239,2091
"Cattaraugus County, New York",36009,58248,2090
"Taney County, Missouri",29213,58258,2089
"Madison County, Idaho",16065,58259,2088
"Cowley County, Kansas",20035,58263,2087
"Cherokee County, Kansas",20021,58274,2086
"Greenwood County, Kansas",20073,58276,2085
"Vernon Parish, Louisiana",22115,58281,2084
"Tyler County, West Virginia",54095,58293,2083
"Macon County, Missouri",29121,58318,2082
"Rusk County, Wisconsin",55107,58322,2081
"Harrison County, West Virginia",54033,58326,2080
"Delta County, Colorado",8029,58330,2079
"Valencia County, New Mexico",35061,58333,2078
"Saginaw County, Michigan",26145,58347,2077
"Brazos County, Texas",48041,58388,2076
"Meigs County, Tennessee",47121,58395,2075
"Towns County, Georgia",13281,58400,2074
"Miller County, Georgia",13201,58407,2073
"Jackson County, Ohio",39079,58409,2072
"Belmont County, Ohio",39013,58411,2071
"Madison County, Missouri",29123,58435,2070
"Coos County, New Hampshire",33007,58439,2069
"Freestone County, Texas",48161,58460,2068
"Columbiana County, Ohio",39029,58474,2067
"Cumberland County, Tennessee",47035,58475,2066
"Clayton County, Georgia",13063,58507,2065
"Holt County, Missouri",29087,58516,2064
"Franklin County, Maine",23007,58522,2063
"Marion County, Florida",12083,58535,2062
"Mackinac County, Michigan",26097,58598,2061
"Crawford County, Michigan",26039,58614,2060
"Fulton County, Illinois",17057,58617,2059
"Tippecanoe County, Indiana",18157,58622,2058
"Madison County, North Carolina",37115,58628,2057
"Price County, Wisconsin",55099,58720,2056
"Lake County, California",6033,58738,2055
"Indiana County, Pennsylvania",42063,58739,2054
"Daggett County, Utah",49009,58750,2053
"Fayette County, Iowa",19065,58764,2052
"Cumberland County, North Carolina",37051,58780,2051
"Madison County, Georgia",13195,58784,2050
"Webster County, Kentucky",21233,58786,2049
"Clay County, South Dakota",46027,58794,2048
"Cottle County, Texas",48101,58819,2047
"Clinton County, Pennsylvania",42035,58842,2046
"Anderson County, Texas",48001,58846,2045
"Angelina County, Texas",48005,58847,2043
"Scott County, Missouri",29201,58847,2043
"Pitt County, North Carolina",37147,58851,2042
"Tripp County, South Dakota",46123,58854,2041
"Carter County, Oklahoma",40019,58856,2040
"El Paso County, Texas",48141,58859,2039
"Knox County, Indiana",18083,58863,2038
"Throckmorton County, Texas",48447,58864,2037
"Yell County, Arkansas",5149,58870,2036
"Brown County, Kansas",20013,58886,2035
"Kanawha County, West Virginia",54039,58887,2034
"Greeley County, Nebraska",31077,58894,2033
"Valley County, Nebraska",31175,58902,2032
"Taos County, New Mexico",35055,58908,2031
"Dade County, Georgia",13083,58936,2030
"Monroe County, Ohio",39111,58962,2029
"Cochise County, Arizona",4003,58970,2028
"Portsmouth City, Virginia",51740,58972,2027
"Elmore County, Idaho",16039,58976,2026
"Douglas County, Oregon",41019,58983,2025
"Boyd County, Nebraska",31015,58984,2024
"Essex County, Vermont",50009,58985,2023
"Comanche County, Oklahoma",40031,59000,2021
"Shannon County, Missouri",29203,59000,2021
"Gibson County, Tennessee",47053,59009,2020
"Musselshell County, Montana",30065,59010,2019
"Liberty County, Georgia",13179,59013,2017
"Warren County, Pennsylvania",42123,59013,2017
"Allen County, Kentucky",21003,59029,2016
"Randolph County, North Carolina",37151,59047,2015
"Crockett County, Tennessee",47033,59049,2014
"Sawyer County, Wisconsin",55113,59055,2013
"Iron County, Wisconsin",55051,59058,2012
"Polk County, Texas",48373,59066,2011
"Sanilac County, Michigan",26151,59074,2010
"Milam County, Texas",48331,59076,2009
"Lyon County, Kansas",20111,59078,2008
"Prince of Wales-Hyder Census Area, Alaska",2198,59079,2007
"Lauderdale County, Alabama",1077,59082,2006
"Gila County, Arizona",4007,59089,2005
"Josephine County, Oregon",41033,59097,2004
"Karnes County, Texas",48255,59103,2003
"Wayne County, Iowa",19185,59118,2002
"Adams County, Wisconsin",55001,59153,2001
"Greene County, Iowa",19073,59159,2000
"Harper County, Oklahoma",40059,59191,1999
"Buckingham County, Virginia",51029,59199,1998
"Linn County, Kansas",20107,59200,1997
"Muskingum County, Ohio",39119,59203,1996
"Titus County, Texas",48449,59220,1995
"Butts County, Georgia",13035,59221,1993
"Chattahoochee County, Georgia",13053,59221,1993
"Haakon County, South Dakota",46055,59231,1992
"Christian County, Illinois",17021,59253,1991
"Atchison County, Missouri",29005,59260,1990
"Texas County, Oklahoma",40139,59275,1989
"Adams County, Idaho",16003,59286,1987
"Perry County, Illinois",17145,59286,1987
"Bowie County, Texas",48037,59295,1986
"Blaine County, Oklahoma",40011,59304,1985
"Stone County, Mississippi",28131,59307,1984
"Navarro County, Texas",48349,59310,1983
"Petroleum County, Montana",30069,59318,1982
"Humphreys County, Tennessee",47085,59333,1981
"Pointe Coupee Parish, Louisiana",22077,59351,1980
"Klamath County, Oregon",41035,59353,1979
"Gonzales County, Texas",48177,59355,1978
"Vermillion County, Indiana",18165,59363,1977
"Somerset County, Pennsylvania",42111,59378,1976
"Edwards County, Illinois",17047,59386,1975
"Page County, Virginia",51139,59396,1974
"Alger County, Michigan",26003,59406,1973
"Caswell County, North Carolina",37033,59407,1972
"Osborne County, Kansas",20141,59408,1971
"Pickens County, South Carolina",45077,59411,1970
"Buchanan County, Missouri",29021,59423,1969
"Lincoln County, Oklahoma",40081,59425,1968
"Kimball County, Nebraska",31105,59438,1967
"Johnson County, Nebraska",31097,59457,1966
"Aitkin County, Minnesota",27001,59498,1965
"Sherman County, Oregon",41055,59500,1964
"Itawamba County, Mississippi",28057,59508,1963
"Bracken County, Kentucky",21023,59521,1961
"Wayne County, Michigan",26163,59521,1961
"San Jacinto County, Texas",48407,59526,1960
"Menominee County, Wisconsin",55078,59528,1959
"Goliad County, Texas",48175,59556,1958
"Riley County, Kansas",20161,59560,1957
"Jasper County, Georgia",13159,59574,1956
"Owen County, Indiana",18119,59586,1955
"Greenup County, Kentucky",21089,59613,1954
"Baltimore City, Maryland",24510,59623,1953
"Concho County, Texas",48095,59632,1952
"Schley County, Georgia",13249,59647,1951
"Alachua County, Florida",12001,59659,1950
"Newberry County, South Carolina",45071,59670,1949
"Val Verde County, Texas",48465,59673,1948
"McMinn County, Tennessee",47107,59674,1947
"Owen County, Kentucky",21187,59706,1946
"Livingston County, Kentucky",21139,59713,1945
"Forest County, Wisconsin",55041,59727,1944
"Fergus County, Montana",30027,59731,1943
"Bradford County, Florida",12007,59740,1942
"Harrisonburg City, Virginia",51660,59752,1941
"Greene County, Indiana",18055,59753,1940
"Power County, Idaho",16077,59760,1939
"Washington County, Kentucky",21229,59762,1938
"Westmoreland County, Virginia",51193,59766,1937
"Morrill County, Nebraska",31123,59773,1935
"Owyhee County, Idaho",16073,59773,1935
"Grant County, Oregon",41023,59800,1934
"Lee County, Iowa",19111,59803,1933
"Lynchburg City, Virginia",51680,59808,1932
"Kit Carson County, Colorado",8063,59810,1931
"Kingman County, Kansas",20095,59819,1929
"Ross County, Ohio",39141,59819,1929
"Cherokee County, Texas",48073,59830,1928
"Potter County, Pennsylvania",42105,59840,1927
"Albany County, Wyoming",56001,59881,1926
"Ellis County, Kansas",20051,59889,1925
"Crane County, Texas",48103,59915,1924
"Sabine County, Texas",48403,59924,1923
"Jefferson County, Texas",48245,59934,1922
"Comanche County, Texas",48093,59946,1921
"Pulaski County, Indiana",18131,59956,1920
"Webster County, Mississippi",28155,59964,1919
"Leon County, Texas",48289,59975,1918
"Jefferson County, Indiana",18077,59987,1917
"Red Willow County, Nebraska",31145,60000,1915
"Sierra County, California",6091,60000,1915
"Wapello County, Iowa",19179,60034,1914
"Stokes County, North Carolina",37169,60039,1913
"Lawrence County, Alabama",1079,60040,1912
"Fayette County, Ohio",39047,60047,1911
"Yuma County, Colorado",8125,60051,1910
"Perry County, Arkansas",5105,60078,1909
"Hoke County, North Carolina",37093,60095,1907
"Lucas County, Ohio",39095,60095,1907
"Frio County, Texas",48163,60098,1906
"Nemaha County, Nebraska",31127,60132,1905
"Henry County, Alabama",1067,60135,1904
"Thomas County, Georgia",13275,60140,1903
"Henry County, Indiana",18065,60144,1902
"Livingston County, Missouri",29117,60148,1901
"Loup County, Nebraska",31115,60156,1900
"Collingsworth County, Texas",48087,60165,1899
"Stutsman County, North Dakota",38093,60172,1898
"Clearfield County, Pennsylvania",42033,60181,1897
"Greer County, Oklahoma",40055,60183,1895
"Van Buren County, Iowa",19177,60183,1895
"Oconee County, South Carolina",45073,60193,1894
"Spalding County, Georgia",13255,60217,1893
"Delaware County, New York",36025,60226,1892
"Polk County, Tennessee",47139,60227,1891
"Pettis County, Missouri",29159,60232,1890
"Stephens County, Oklahoma",40137,60236,1889
"Crawford County, Pennsylvania",42039,60254,1888
"Wallace County, Kansas",20199,60263,1887
"Van Buren County, Tennessee",47175,60281,1886
"Rush County, Kansas",20165,60288,1885
"Okanogan County, Washington",53047,60293,1884
"Hampshire County, West Virginia",54027,60299,1883
"Bedford County, Pennsylvania",42009,60302,1882
"Coos County, Oregon",41011,60313,1878
"Cotton County, Oklahoma",40033,60313,1878
"Hayes County, Nebraska",31085,60313,1878
"Keya Paha County, Nebraska",31103,60313,1878
"Yadkin County, North Carolina",37197,60321,1877
"Marshall County, West Virginia",54051,60329,1876
"Childress County, Texas",48075,60333,1875
"Sumner County, Kansas",20191,60348,1874
"Mercer County, Missouri",29129,60357,1873
"Crawford County, Arkansas",5033,60362,1872
"Kalkaska County, Michigan",26079,60365,1871
"Phillips County, Colorado",8095,60372,1870
"Calhoun County, Michigan",26025,60385,1868
"Pulaski County, Arkansas",5119,60385,1868
"Richland County, Illinois",17159,60404,1867
"Yuma County, Arizona",4027,60417,1866
"Osage County, Oklahoma",40113,60482,1865
"Dorchester County, Maryland",24019,60495,1864
"Reno County, Kansas",20155,60498,1863
"Washington County, Alabama",1129,60503,1862
"Bay County, Michigan",26017,60523,1861
"Chester County, Tennessee",47023,60543,1860
"Big Horn County, Wyoming",56003,60547,1859
"Dewey County, Oklahoma",40043,60550,1858
"Jefferson County, Nebraska",31095,60568,1857
"Wyandotte County, Kansas",20209,60582,1856
"Blair County, Pennsylvania",42013,60594,1855
"Mercer County, Pennsylvania",42085,60614,1854
"Furnas County, Nebraska",31065,60625,1853
"Chippewa County, Michigan",26033,60631,1852
"Coffee County, Tennessee",47031,60656,1851
"Boyd County, Kentucky",21019,60659,1850
"Des Moines County, Iowa",19057,60662,1849
"Daviess County, Missouri",29061,60665,1848
"Clarion County, Pennsylvania",42031,60668,1847
"Genesee County, Michigan",26049,60673,1846
"Lafayette County, Florida",12067,60692,1845
"Philadelphia County, Pennsylvania",42101,60698,1844
"Nash County, North Carolina",37127,60704,1843
"Henry County, Kentucky",21103,60736,1842
"Pulaski County, Virginia",51155,60767,1841
"Lawrence County, Pennsylvania",42073,60779,1840
"Ford County, Illinois",17053,60782,1839
"Pottawatomie County, Oklahoma",40125,60828,1838
"Arkansas County, Arkansas",5001,60831,1837
"Marion County, Illinois",17121,60839,1836
"Clark County, Ohio",39023,60846,1835
"Keokuk County, Iowa",19107,60856,1834
"Hillsdale County, Michigan",26059,60869,1833
"Carroll County, Illinois",17015,60871,1832
"Manistee County, Michigan",26101,60879,1831
"Crawford County, Georgia",13079,60905,1830
"Cullman County, Alabama",1043,60916,1829
"Vanderburgh County, Indiana",18163,60938,1828
"Marshall County, Alabama",1095,60946,1827
"Scotts Bluff County, Nebraska",31157,60960,1826
"Idaho County, Idaho",16049,60975,1825
"Greene County, Illinois",17061,60976,1824
"Union County, Kentucky",21225,60989,1823
"Haywood County, North Carolina",37087,61001,1822
"Polk County, North Carolina",37149,61005,1821
"Hancock County, West Virginia",54029,61017,1820
"Fremont County, Colorado",8043,61027,1819
"Pleasants County, West Virginia",54073,61038,1818
"Montgomery County, Missouri",29139,61042,1817
"Washington County, Tennessee",47179,61051,1816
"Fall River County, South Dakota",46047,61056,1815
"Broome County, New York",36007,61059,1814
"Gilchrist County, Florida",12041,61070,1813
"Blount County, Alabama",1009,61096,1812
"Perry County, Indiana",18123,61099,1811
"Jefferson County, Illinois",17081,61102,1810
"Grant Parish, Louisiana",22043,61112,1809
"Mineral County, Montana",30061,61117,1808
"Randolph County, Indiana",18135,61121,1807
"Lamar County, Texas",48277,61122,1806
"Lee County, Alabama",1081,61123,1805
"Gratiot County, Michigan",26057,61128,1804
"Miami County, Indiana",18103,61130,1803
"Humboldt County, California",6023,61135,1802
"Doddridge County, West Virginia",54017,61164,1801
"Lyman County, South Dakota",46085,61169,1800
"Hardeman County, Texas",48197,61179,1799
"Washington County, Oklahoma",40147,61205,1798
"Lake County, Oregon",41037,61222,1797
"Perquimans County, North Carolina",37143,61224,1796
"Allegany County, New York",36003,61233,1795
"Phillips County, Kansas",20147,61235,1794
"Blaine County, Nebraska",31009,61250,1792
"Stonewall County, Texas",48433,61250,1792
"Washburn County, Wisconsin",55129,61270,1791
"Bon Homme County, South Dakota",46009,61275,1790
"Ste. Genevieve County, Missouri",29186,61310,1789
"Lincoln County, Oregon",41041,61314,1788
"McPherson County, Nebraska",31117,61316,1787
"Ramsey County, North Dakota",38071,61319,1786
"Stone County, Missouri",29209,61323,1785
"Moore County, Texas",48341,61325,1784
"Logan County, North Dakota",38047,61339,1783
"Wells County, North Dakota",38103,61346,1782
"Washington County, Ohio",39167,61355,1781
"Washington County, Indiana",18175,61358,1780
"Maries County, Missouri",29125,61359,1779
"Hocking County, Ohio",39073,61366,1778
"Preston County, West Virginia",54077,61373,1777
"Bland County, Virginia",51021,61375,1776
"Davison County, South Dakota",46035,61401,1774
"Floyd County, Virginia",51063,61401,1774
"Mifflin County, Pennsylvania",42087,61415,1773
"Deuel County, Nebraska",31049,61438,1772
"Rabun County, Georgia",13241,61466,1771
"Erie County, Pennsylvania",42049,61476,1769
"Giles County, Tennessee",47055,61476,1769
"Jackson County, Oklahoma",40065,61497,1768
"Hamilton County, Illinois",17065,61520,1767
"Grant County, West Virginia",54023,61530,1766
"Logan County, Kentucky",21141,61535,1765
"Franklin County, Tennessee",47051,61553,1764
"Rooks County, Kansas",20163,61596,1763
"Bond County, Illinois",17005,61603,1762
"Gates County, North Carolina",37073,61612,1761
"Cheboygan County, Michigan",26031,61619,1760
"Pamlico County, North Carolina",37137,61624,1759
"Venango County, Pennsylvania",42121,61626,1758
"Stanly County, North Carolina",37167,61631,1757
"Boyle County, Kentucky",21021,61635,1756
"Cass County, Iowa",19029,61657,1755
"Burnett County, Wisconsin",55013,61664,1754
"Garfield County, Utah",49017,61688,1753
"Richland County, South Carolina",45079,61699,1752
"McKean County, Pennsylvania",42083,61705,1751
"Bath County, Virginia",51017,61709,1750
"Carroll County, Missouri",29033,61712,1749
"Echols County, Georgia",13101,61723,1748
"Pendleton County, West Virginia",54071,61738,1747
"Garfield County, Montana",30033,61750,1746
"Jackson County, Texas",48239,61752,1745
"Aransas County, Texas",48007,61754,1744
"Lavaca County, Texas",48285,61768,1743
"Benton County, Indiana",18007,61811,1742
"Grant County, Oklahoma",40053,61824,1741
"Tehama County, California",6103,61834,1739
"Williams County, Ohio",39171,61834,1739
"Creek County, Oklahoma",40037,61849,1738
"Kidder County, North Dakota",38043,61850,1737
"Union County, Tennessee",47173,61858,1736
"Montgomery County, Illinois",17135,61863,1735
"Missaukee County, Michigan",26113,61868,1734
"Taylor County, Kentucky",21217,61871,1733
"Chilton County, Alabama",1021,61873,1732
"Dickinson County, Michigan",26043,61882,1731
"St. Lawrence County, New York",36089,61900,1730
"Murray County, Oklahoma",40099,61904,1729
"Stevens County, Kansas",20189,61909,1728
"Hamilton County, Kansas",20075,61929,1727
"Newaygo County, Michigan",26123,61931,1726
"Sherman County, Nebraska",31163,61935,1725
"Stephenson County, Illinois",17177,61943,1724
"Branch County, Michigan",26023,61958,1723
"Lake County, Montana",30047,61965,1722
"Linn County, Missouri",29115,61975,1721
"Washita County, Oklahoma",40149,61980,1720
"Columbia County, Pennsylvania",42037,61992,1719
"Gordon County, Georgia",13129,61997,1718
"Allen County, Ohio",39003,62001,1717
"Highland County, Ohio",39071,62008,1716
"Carlisle County, Kentucky",21039,62019,1715
"McPherson County, South Dakota",46089,62024,1714
"Stewart County, Tennessee",47161,62052,1713
"Ralls County, Missouri",29173,62054,1712
"Chenango County, New York",36017,62093,1711
"Milwaukee County, Wisconsin",55079,62118,1710
"Mason County, Illinois",17125,62127,1709
"Nottoway County, Virginia",51135,62161,1708
"Atchison County, Kansas",20005,62164,1707
"Rio Grande County, Colorado",8105,62166,1706
"Wichita County, Texas",48485,62168,1705
"Wayne County, Pennsylvania",42127,62182,1704
"Bedford County, Tennessee",47003,62197,1703
"Gallatin County, Kentucky",21077,62247,1702
"Pueblo County, Colorado",8101,62250,1701
"Seward County, Kansas",20175,62269,1700
"Day County, South Dakota",46037,62270,1699
"Stark County, Illinois",17175,62284,1698
"Mason County, Michigan",26105,62296,1697
"Luzerne County, Pennsylvania",42079,62321,1696
"Clayton County, Iowa",19043,62326,1695
"Appomattox County, Virginia",51011,62337,1693
"Shelby County, Tennessee",47157,62337,1693
"Pacific County, Washington",53049,62350,1692
"McCracken County, Kentucky",21145,62385,1691
"Gooding County, Idaho",16047,62395,1690
"Madison County, Kentucky",21151,62407,1689
"Garfield County, Washington",53023,62411,1688
"Davidson County, North Carolina",37057,62426,1687
"Boundary County, Idaho",16021,62438,1686
"Iroquois County, Illinois",17075,62439,1685
"Macon County, Illinois",17115,62449,1684
"Washington County, Kansas",20201,62452,1683
"Bradford County, Pennsylvania",42015,62482,1682
"Howard County, Indiana",18067,62496,1681
"Hoonah-Angoon Census Area, Alaska",2105,62500,1677
"Pope County, Illinois",17151,62500,1677
"Sandusky County, Ohio",39143,62500,1677
"Slope County, North Dakota",38087,62500,1677
"Webb County, Texas",48479,62506,1676
"Caldwell County, Missouri",29025,62520,1675
"Grand County, Utah",49019,62521,1674
"Wood County, Texas",48499,62524,1673
"Fountain County, Indiana",18045,62526,1672
"Floyd County, Georgia",13115,62540,1671
"Pontotoc County, Oklahoma",40123,62564,1670
"Garrard County, Kentucky",21079,62572,1669
"Massac County, Illinois",17127,62584,1668
"Staunton City, Virginia",51790,62586,1667
"Panola County, Texas",48365,62593,1666
"Swift County, Minnesota",27151,62601,1665
"Campbell County, Virginia",51031,62608,1664
"Fulton County, New York",36035,62615,1663
"Howard County, Missouri",29089,62628,1662
"Madison County, Indiana",18095,62632,1661
"Washakie County, Wyoming",56043,62648,1660
"Richland County, Wisconsin",55103,62649,1659
"Richmond City, Virginia",51760,62671,1658
"Scurry County, Texas",48415,62689,1657
"Monongalia County, West Virginia",54061,62704,1656
"Roger Mills County, Oklahoma",40129,62721,1655
"Walworth County, South Dakota",46129,62722,1654
"Franklin County, Florida",12037,62734,1652
"Huntington County, Indiana",18069,62734,1652
"Washington County, Virginia",51191,62774,1651
"Chase County, Nebraska",31029,62782,1650
"Florence County, Wisconsin",55037,62786,1649
"Upshur County, Texas",48459,62794,1648
"Smith County, Tennessee",47159,62799,1647
"Montague County, Texas",48337,62818,1646
"Sussex County, Virginia",51183,62821,1645
"Cuyahoga County, Ohio",39035,62823,1644
"Ida County, Iowa",19093,62841,1643
"Tuscola County, Michigan",26157,62847,1642
"Merrick County, Nebraska",31121,62849,1641
"Delta County, Texas",48119,62855,1640
"Motley County, Texas",48345,62857,1639
"Fulton County, Indiana",18049,62878,1638
"Clark County, South Dakota",46025,62885,1637
"Heard County, Georgia",13149,62907,1636
"Montgomery County, New York",36057,62923,1635
"Camden County, Missouri",29029,62927,1634
"Tioga County, Pennsylvania",42117,62932,1633
"Starke County, Indiana",18149,62933,1632
"Love County, Oklahoma",40085,62940,1631
"Monona County, Iowa",19133,62944,1630
"Highland County, Virginia",51091,62946,1629
"Martin County, Minnesota",27091,62969,1628
"Montezuma County, Colorado",8083,63005,1627
"Towner County, North Dakota",38095,63017,1626
"Todd County, Minnesota",27153,63039,1625
"Lee County, North Carolina",37105,63060,1624
"East Baton Rouge Parish, Louisiana",22033,63075,1623
"Beadle County, South Dakota",46005,63082,1622
"Jefferson County, Tennessee",47089,63084,1621
"Champaign County, Illinois",17019,63091,1620
"Thayer County, Nebraska",31169,63095,1619
"Lincoln County, Tennessee",47103,63115,1617
"Mercer County, Kentucky",21167,63115,1617
"Wexford County, Michigan",26165,63123,1616
"Dickey County, North Dakota",38021,63125,1614
"Hodgeman County, Kansas",20083,63125,1614
"Adams County, Indiana",18001,63128,1613
"Clay County, Kansas",20027,63136,1612
"Taylor County, Wisconsin",55119,63142,1611
"Hill County, Texas",48217,63147,1610
"Berrien County, Michigan",26021,63152,1609
"Anderson County, Tennessee",47001,63171,1608
"Montgomery County, Iowa",19137,63190,1606
"Trousdale County, Tennessee",47169,63190,1606
"Hernando County, Florida",12053,63193,1605
"Rowan County, North Carolina",37159,63196,1604
"Gove County, Kansas",20063,63203,1603
"Harrison County, Kentucky",21097,63205,1602
"Pierce County, North Dakota",38069,63214,1601
"Penobscot County, Maine",23019,63248,1600
"Chariton County, Missouri",29041,63307,1599
"Saline County, Kansas",20169,63316,1598
"Perry County, Missouri",29157,63356,1597
"Lubbock County, Texas",48303,63367,1596
"Monroe County, Indiana",18105,63372,1595
"Marinette County, Wisconsin",55075,63401,1594
"Pocahontas County, Iowa",19151,63423,1593
"Powell County, Montana",30077,63432,1592
"Marion County, Kansas",20115,63438,1591
"LaFourche Parish, Louisiana",22057,63439,1590
"Marion County, Indiana",18097,63450,1589
"Chemung County, New York",36015,63469,1588
"Marquette County, Wisconsin",55077,63471,1587
"Jones County, Texas",48253,63472,1586
"Castro County, Texas",48069,63485,1585
"Runnels County, Texas",48399,63490,1584
"Muskegon County, Michigan",26121,63495,1583
"Crawford County, Wisconsin",55023,63496,1582
"Jasper County, South Carolina",45053,63503,1581
"Grays Harbor County, Washington",53027,63539,1580
"Custer County, Montana",30017,63585,1579
"Wasco County, Oregon",41065,63602,1578
"Marshall County, Kentucky",21157,63611,1577
"Oceana County, Michigan",26127,63624,1576
"Pawnee County, Kansas",20145,63625,1575
"Broadwater County, Montana",30007,63636,1574
"Polk County, Florida",12105,63644,1573
"Franklin County, Iowa",19069,63648,1572
"Calhoun County, Arkansas",5013,63654,1570
"Sheridan County, Montana",30091,63654,1570
"Clinton County, Indiana",18023,63690,1569
"Roberts County, South Dakota",46109,63691,1568
"Winnebago County, Iowa",19189,63719,1567
"Young County, Texas",48503,63723,1566
"Franklin County, New York",36033,63747,1565
"Antelope County, Nebraska",31003,63750,1561
"Cherry County, Nebraska",31031,63750,1561
"Hickman County, Kentucky",21105,63750,1561
"Pend Oreille County, Washington",53051,63750,1561
"Stafford County, Kansas",20185,63786,1560
"Bradley County, Tennessee",47011,63789,1559
"Morgan County, West Virginia",54065,63805,1558
"Sevier County, Tennessee",47155,63829,1557
"Orleans County, New York",36073,63838,1556
"McLennan County, Texas",48309,63888,1555
"Johnson County, Wyoming",56019,63905,1554
"Marion County, Missouri",29127,63908,1553
"Pasquotank County, North Carolina",37139,63912,1552
"Juniata County, Pennsylvania",42067,63923,1551
"Rice County, Kansas",20159,63947,1549
"Tuscaloosa County, Alabama",1125,63947,1549
"Henderson County, Texas",48213,63955,1548
"Rockbridge County, Virginia",51163,63975,1547
"Tate County, Mississippi",28137,63995,1546
"Lake and Peninsula Borough, Alaska",2164,64000,1545
"Carroll County, Indiana",18015,64003,1544
"DeWitt County, Texas",48123,64014,1543
"Norfolk City, Virginia",51710,64017,1542
"Wright County, Iowa",19197,64033,1541
"Bannock County, Idaho",16005,64080,1540
"Clay County, Iowa",19041,64082,1539
"Elk County, Pennsylvania",42047,64103,1538
"Putnam County, Georgia",13237,64163,1537
"Richmond County, Virginia",51159,64184,1536
"Logan County, Illinois",17107,64188,1535
"Spartanburg County, South Carolina",45083,64195,1534
"Union County, Oregon",41061,64212,1533
"Gilliam County, Oregon",41021,64219,1532
"McIntosh County, North Dakota",38051,64236,1531
"Borden County, Texas",48033,64250,1530
"Whitfield County, Georgia",13313,64262,1529
"Beaver County, Oklahoma",40007,64266,1528
"Armstrong County, Pennsylvania",42005,64295,1527
"Hinsdale County, Colorado",8053,64327,1526
"Lafayette County, Mississippi",28071,64334,1525
"Lincoln County, Nebraska",31111,64342,1524
"Kershaw County, South Carolina",45055,64343,1523
"Pratt County, Kansas",20151,64348,1522
"Grant County, Wisconsin",55043,64349,1521
"Ingham County, Michigan",26065,64354,1520
"Winnebago County, Illinois",17201,64363,1519
"Hot Springs County, Wyoming",56017,64375,1518
"Faribault County, Minnesota",27043,64391,1517
"Rush County, Indiana",18139,64393,1516
"Lassen County, California",6035,64395,1515
"Montgomery County, Ohio",39113,64403,1514
"Lycoming County, Pennsylvania",42081,64412,1513
"Gage County, Nebraska",31067,64426,1512
"Shenandoah County, Virginia",51171,64437,1511
"Sherman County, Kansas",20181,64444,1510
"Alamance County, North Carolina",37001,64445,1509
"Lyon County, Kentucky",21143,64464,1507
"Shiawassee County, Michigan",26155,64464,1507
"Cherokee County, Iowa",19035,64478,1506
"Mills County, Texas",48333,64494,1504
"Tuscarawas County, Ohio",39157,64494,1504
"Cumberland County, New Jersey",34011,64499,1503
"Floyd County, Iowa",19067,64500,1502
"Valley County, Montana",30105,64515,1501
"Transylvania County, North Carolina",37175,64523,1500
"St. James Parish, Louisiana",22093,64536,1498
"Whiteside County, Illinois",17195,64536,1498
"Catawba County, North Carolina",37035,64544,1497
"Wrangell Borough, Alaska",2275,64545,1496
"Onslow County, North Carolina",37133,64568,1495
"Black Hawk County, Iowa",19013,64581,1494
"Newton County, Missouri",29145,64583,1493
"Jefferson County, Alabama",1073,64589,1492
"Henry County, Iowa",19087,64604,1491
"Barron County, Wisconsin",55005,64619,1490
"Horry County, South Carolina",45051,64623,1489
"Craven County, North Carolina",37049,64635,1488
"Madison County, Nebraska",31119,64637,1487
"Fremont County, Wyoming",56013,64646,1486
"Winchester City, Virginia",51840,64648,1485
"Warren County, Illinois",17187,64650,1484
"Darke County, Ohio",39037,64654,1483
"Shackelford County, Texas",48417,64659,1482
"Coffee County, Alabama",1031,64672,1481
"Carroll County, Ohio",39019,64675,1479
"Marquette County, Michigan",26103,64675,1479
"Anderson County, South Carolina",45007,64683,1478
"Jones County, South Dakota",46075,64688,1476
"Mendocino County, California",6045,64688,1476
"Lackawanna County, Pennsylvania",42069,64691,1475
"Fisher County, Texas",48151,64700,1474
"St. Joseph County, Michigan",26149,64707,1473
"Hopkins County, Texas",48223,64725,1472
"Griggs County, North Dakota",38039,64737,1470
"Perry County, Ohio",39127,64737,1470
"Ballard County, Kentucky",21007,64740,1468
"Steuben County, New York",36101,64740,1468
"Long County, Georgia",13183,64747,1467
"Jackson County, Mississippi",28059,64756,1466
"Orange County, Indiana",18117,64758,1464
"Sullivan County, Pennsylvania",42113,64758,1464
"Curry County, Oregon",41015,64769,1463
"Liberty County, Texas",48291,64773,1462
"Rutland County, Vermont",50021,64778,1461
"Wibaux County, Montana",30109,64792,1460
"Fulton County, Pennsylvania",42057,64798,1459
"Warren County, Kentucky",21227,64801,1458
"De Witt County, Illinois",17039,64802,1457
"Gregg County, Texas",48183,64809,1456
"Giles County, Virginia",51071,64819,1454
"Terrebonne Parish, Louisiana",22109,64819,1454
"Knox County, Nebraska",31107,64821,1453
"Poweshiek County, Iowa",19157,64837,1452
"Thurston County, Nebraska",31173,64838,1451
"Charles Mix County, South Dakota",46023,64850,1450
"Morgan County, Alabama",1103,64858,1449
"Rains County, Texas",48379,64874,1448
"Goshen County, Wyoming",56015,64882,1447
"St. Joseph County, Indiana",18141,64885,1446
"Montcalm County, Michigan",26117,64892,1445
"Hardin County, Iowa",19083,64906,1444
"Cass County, Illinois",17017,64907,1443
"Union County, Florida",12125,64922,1442
"Anderson County, Kansas",20003,64925,1441
"Person County, North Carolina",37145,64927,1440
"Clearwater County, Minnesota",27029,64934,1439
"Cass County, Minnesota",27021,64937,1438
"Peoria County, Illinois",17143,64938,1437
"Plumas County, California",6063,64946,1436
"Adams County, Illinois",17001,64962,1435
"Waushara County, Wisconsin",55137,64968,1434
"Palo Pinto County, Texas",48363,64972,1433
"Jefferson County, New York",36045,64978,1432
"Ochiltree County, Texas",48357,64988,1431
"Ashland County, Ohio",39005,64991,1430
"Beauregard Parish, Louisiana",22011,64995,1429
"Campbell County, South Dakota",46021,65000,1427
"Rawlins County, Kansas",20153,65000,1427
"Jackson County, Michigan",26075,65004,1426
"Haralson County, Georgia",13143,65016,1425
"Seneca County, Ohio",39147,65020,1424
"Crawford County, Iowa",19047,65039,1423
"Adams County, Washington",53001,65042,1422
"Hancock County, Illinois",17067,65044,1420
"Merced County, California",6047,65044,1420
"Blaine County, Montana",30005,65050,1419
"Woodward County, Oklahoma",40153,65060,1418
"Kennebec County, Maine",23011,65062,1417
"Faulkner County, Arkansas",5045,65071,1416
"Leon County, Florida",12073,65074,1415
"Codington County, South Dakota",46029,65080,1414
"Gasconade County, Missouri",29073,65096,1413
"Franklin City, Virginia",51620,65125,1412
"Switzerland County, Indiana",18155,65148,1411
"Juneau County, Wisconsin",55057,65150,1410
"Moniteau County, Missouri",29135,65161,1409
"Washington County, Colorado",8121,65164,1408
"Bonner County, Idaho",16017,65168,1407
"Morgan County, Illinois",17137,65175,1406
"Clinton County, Iowa",19045,65177,1405
"Latah County, Idaho",16057,65179,1404
"Emmet County, Iowa",19063,65181,1403
"Webster County, Nebraska",31181,65197,1402
"Johnson County, Illinois",17087,65203,1401
"Jefferson Parish, Louisiana",22051,65246,1400
"Alexander County, North Carolina",37003,65268,1399
"Daviess County, Kentucky",21059,65323,1398
"Twin Falls County, Idaho",16083,65338,1397
"Van Wert County, Ohio",39161,65344,1396
"Martin County, Indiana",18101,65345,1395
"Erath County, Texas",48143,65351,1394
"Oklahoma County, Oklahoma",40109,65374,1393
"Mariposa County, California",6043,65378,1392
"Dawson County, Nebraska",31047,65383,1391
"Huntingdon County, Pennsylvania",42061,65429,1390
"Nance County, Nebraska",31125,65438,1389
"Perkins County, South Dakota",46105,65455,1388
"Hutchinson County, Texas",48233,65470,1387
"Gaston County, North Carolina",37071,65472,1386
"Big Stone County, Minnesota",27011,65475,1385
"Jackson County, Wisconsin",55053,65508,1384
"Nobles County, Minnesota",27105,65509,1383
"Clark County, Kansas",20025,65515,1382
"Williamson County, Illinois",17199,65521,1381
"Iron County, Utah",49021,65527,1380
"Cerro Gordo County, Iowa",19033,65537,1379
"Forsyth County, North Carolina",37067,65541,1378
"Lawrence County, Indiana",18093,65551,1377
"Wallowa County, Oregon",41063,65559,1376
"Elkhart County, Indiana",18039,65617,1375
"Habersham County, Georgia",13137,65622,1374
"Morton County, Kansas",20129,65625,1372
"Schuyler County, New York",36097,65625,1372
"Llano County, Texas",48299,65636,1371
"Henderson County, Illinois",17071,65651,1370
"Kossuth County, Iowa",19109,65656,1369
"Adams County, Nebraska",31001,65680,1368
"Jack County, Texas",48237,65693,1367
"Union County, Georgia",13291,65697,1366
"Kimble County, Texas",48267,65703,1365
"Escambia County, Florida",12033,65715,1364
"Payette County, Idaho",16075,65723,1363
"Stark County, Ohio",39151,65740,1362
"Bureau County, Illinois",17011,65894,1361
"Traverse County, Minnesota",27155,65931,1360
"Huron County, Ohio",39077,65972,1359
"Phelps County, Nebraska",31137,65988,1358
"Franklin County, Idaho",16041,65991,1357
"Allamakee County, Iowa",19005,66000,1355
"Lee County, Texas",48287,66000,1355
"Seneca County, New York",36099,66007,1354
"Nueces County, Texas",48355,66021,1353
"Guilford County, North Carolina",37081,66027,1352
"Lincoln County, Idaho",16063,66038,1351
"Harrison County, Texas",48203,66040,1350
"Shawnee County, Kansas",20177,66043,1349
"Bell County, Texas",48027,66051,1348
"Schuyler County, Illinois",17169,66059,1347
"Montrose County, Colorado",8085,66072,1346
"Pipestone County, Minnesota",27117,66073,1345
"Caledonia County, Vermont",50005,66075,1344
"Wharton County, Texas",48481,66100,1343
"Yavapai County, Arizona",4025,66106,1342
"Ness County, Kansas",20135,66107,1341
"Roberts County, Texas",48393,66118,1340
"White County, Indiana",18181,66143,1339
"Charlotte County, Florida",12015,66154,1338
"Adair County, Iowa",19001,66176,1337
"Cascade County, Montana",30013,66203,1336
"Roane County, Tennessee",47145,66218,1335
"Gem County, Idaho",16045,66245,1334
"Clark County, Wisconsin",55019,66250,1331
"Pike County, Indiana",18125,66250,1331
"Robertson County, Texas",48395,66250,1331
"Tom Green County, Texas",48451,66254,1330
"Platte County, Wyoming",56031,66299,1329
"Custer County, Nebraska",31041,66310,1328
"Bossier Parish, Louisiana",22015,66336,1327
"Amelia County, Virginia",51007,66339,1326
"Kinney County, Texas",48271,66341,1325
"Caroline County, Maryland",24011,66368,1324
"Itasca County, Minnesota",27061,66380,1323
"Taylor County, Texas",48441,66406,1322
"Wood County, Wisconsin",55141,66417,1321
"Orleans County, Vermont",50019,66426,1319
"Washington County, Arkansas",5143,66426,1319
"Pulaski County, Missouri",29169,66435,1318
"Franklin County, Kentucky",21073,66470,1317
"Bernalillo County, New Mexico",35001,66514,1316
"Tillamook County, Oregon",41057,66551,1315
"Buena Vista County, Iowa",19021,66564,1314
"Montgomery County, Indiana",18107,66571,1313
"Volusia County, Florida",12127,66581,1312
"Cayuga County, New York",36011,66583,1311
"Pendleton County, Kentucky",21191,66601,1310
"Park County, Montana",30067,66607,1309
"Caribou County, Idaho",16029,66653,1308
"Moore County, Tennessee",47127,66687,1307
"Salem City, Virginia",51775,66716,1306
"Newport News City, Virginia",51700,66718,1305
"Carbon County, Wyoming",56007,66721,1304
"Georgetown County, South Carolina",45043,66734,1303
"Lawrence County, South Dakota",46081,66766,1302
"Rock Island County, Illinois",17161,66768,1301
"Parke County, Indiana",18121,66776,1300
"Del Norte County, California",6015,66780,1299
"Ellsworth County, Kansas",20053,66792,1298
"Franklin County, Texas",48159,66800,1297
"Clarke County, Iowa",19039,66821,1296
"Hancock County, Kentucky",21091,66836,1295
"Greene County, Pennsylvania",42059,66870,1294
"Calhoun County, Iowa",19025,66875,1293
"Pembina County, North Dakota",38067,66884,1292
"Schuylkill County, Pennsylvania",42107,66901,1291
"Van Buren County, Michigan",26159,66902,1290
"Green Lake County, Wisconsin",55047,66917,1289
"Susquehanna County, Pennsylvania",42115,66930,1288
"Humboldt County, Iowa",19091,66994,1287
"Lenawee County, Michigan",26091,67013,1286
"Redwood County, Minnesota",27127,67024,1285
"Shawano County, Wisconsin",55115,67032,1284
"Cassia County, Idaho",16031,67042,1283
"Cavalier County, North Dakota",38019,67064,1282
"La Salle Parish, Louisiana",22059,67077,1281
"Grimes County, Texas",48185,67080,1280
"Otsego County, New York",36077,67086,1279
"Edgefield County, South Carolina",45037,67092,1278
"Johnson County, Missouri",29101,67123,1277
"Madison County, Texas",48313,67128,1276
"Vilas County, Wisconsin",55125,67132,1275
"Lee County, Mississippi",28081,67144,1274
"Lancaster County, Virginia",51103,67169,1273
"Jackson County, Missouri",29095,67178,1272
"Holt County, Nebraska",31089,67225,1271
"Beltrami County, Minnesota",27007,67257,1270
"Taylor County, Iowa",19173,67279,1269
"Otsego County, Michigan",26137,67285,1268
"Amherst County, Virginia",51009,67298,1266
"Androscoggin County, Maine",23001,67298,1266
"Garfield County, Oklahoma",40047,67302,1265
"Bear Lake County, Idaho",16007,67304,1264
"Tulsa County, Oklahoma",40143,67317,1263
"Graham County, Arizona",4009,67326,1262
"Howard County, Iowa",19089,67336,1261
"Brookings County, South Dakota",46011,67341,1260
"Gulf County, Florida",12045,67361,1258
"Sheridan County, North Dakota",38083,67361,1258
"Emmons County, North Dakota",38029,67368,1257
"Coffey County, Kansas",20031,67377,1256
"Pasco County, Florida",12101,67384,1255
"Stevens County, Washington",53065,67405,1254
"St. John the Baptist Parish, Louisiana",22095,67418,1253
"Madison County, Montana",30057,67420,1252
"Sanpete County, Utah",49039,67459,1251
"Arthur County, Nebraska",31005,67500,1249
"Perkins County, Nebraska",31135,67500,1249
"Rusk County, Texas",48401,67506,1248
"San Patricio County, Texas",48409,67512,1247
"Yates County, New York",36123,67521,1246
"Cortland County, New York",36023,67527,1245
"Marion County, West Virginia",54049,67537,1244
"Cooper County, Missouri",29053,67548,1243
"Hall County, Nebraska",31079,67549,1242
"Bourbon County, Kansas",20011,67555,1241
"Scotland County, Missouri",29199,67568,1240
"Hardin County, Kentucky",21093,67608,1239
"Crawford County, Illinois",17033,67614,1238
"Henderson County, North Carolina",37089,67623,1237
"Fayette County, Kentucky",21067,67631,1236
"Kern County, California",6029,67660,1234
"Lafayette Parish, Louisiana",22055,67660,1234
"Sedgwick County, Kansas",20173,67675,1233
"Clay County, Indiana",18021,67676,1232
"Wayne County, Nebraska",31179,67687,1231
"Pecos County, Texas",48371,67689,1230
"Shelby County, Iowa",19165,67690,1229
"Butte County, South Dakota",46019,67692,1228
"Lincoln County, Minnesota",27081,67715,1227
"Lincoln County, Wisconsin",55069,67726,1226
"Hancock County, Mississippi",28045,67728,1225
"Hampton City, Virginia",51650,67758,1224
"Gibson County, Indiana",18051,67763,1223
"Teton County, Montana",30099,67766,1222
"Cheyenne County, Colorado",8017,67768,1221
"Larue County, Kentucky",21123,67770,1220
"Craig County, Virginia",51045,67778,1219
"Scott County, Kansas",20171,67788,1218
"Gillespie County, Texas",48171,67799,1217
"Niagara County, New York",36063,67809,1216
"Trimble County, Kentucky",21223,67813,1215
"Clark County, Kentucky",21049,67824,1214
"Calcasieu Parish, Louisiana",22019,67849,1212
"Jefferson County, Kentucky",21111,67849,1212
"Alfalfa County, Oklahoma",40003,67870,1211
"Carbon County, Pennsylvania",42025,67877,1210
"Murray County, Georgia",13213,67880,1209
"Nelson County, Kentucky",21179,67888,1208
"Lucas County, Iowa",19117,67921,1207
"Kerr County, Texas",48265,67927,1206
"Pima County, Arizona",4019,67929,1205
"Aiken County, South Carolina",45003,67940,1203
"Grant County, Kentucky",21081,67940,1203
"Ohio County, Indiana",18115,67942,1202
"Tama County, Iowa",19171,67955,1201
"Wheeler County, Texas",48483,67964,1200
"Dickinson County, Kansas",20041,67982,1199
"Clallam County, Washington",53009,67999,1198
"Powder River County, Montana",30075,68009,1197
"Cass County, Michigan",26027,68011,1196
"Yakima County, Washington",53077,68015,1195
"Windham County, Vermont",50025,68021,1194
"Marshall County, Indiana",18099,68041,1193
"Benson County, North Dakota",38005,68049,1191
"Mineral County, West Virginia",54057,68049,1191
"Nelson County, North Dakota",38063,68051,1190
"Webster County, Iowa",19187,68054,1189
"Clinton County, Ohio",39027,68125,1188
"Parmer County, Texas",48369,68164,1187
"Paulding County, Ohio",39125,68167,1186
"Frontier County, Nebraska",31063,68207,1185
"Monroe County, Wisconsin",55081,68213,1184
"O'Brien County, Iowa",19141,68216,1183
"Cottonwood County, Minnesota",27033,68239,1182
"Jones County, Georgia",13169,68259,1181
"Van Zandt County, Texas",48467,68274,1180
"Hansford County, Texas",48195,68299,1179
"Kankakee County, Illinois",17091,68325,1178
"Lewis County, New York",36049,68329,1177
"Franklin County, Virginia",51067,68348,1176
"Peach County, Georgia",13225,68365,1175
"Fannin County, Texas",48147,68377,1174
"Wabash County, Indiana",18169,68414,1173
"Erie County, Ohio",39043,68431,1172
"Snyder County, Pennsylvania",42109,68435,1171
"Waldo County, Maine",23027,68441,1170
"Duval County, Florida",12031,68447,1169
"Grand Forks County, North Dakota",38035,68450,1168
"Callahan County, Texas",48059,68455,1167
"Lamar County, Georgia",13171,68457,1165
"Shelby County, Illinois",17173,68457,1165
"Lee County, Illinois",17103,68459,1164
"Oswego County, New York",36075,68461,1163
"Armstrong County, Texas",48011,68462,1162
"Southampton County, Virginia",51175,68465,1161
"Jennings County, Indiana",18079,68476,1160
"Caldwell County, Texas",48055,68503,1159
"Macoupin County, Illinois",17117,68518,1158
"Nelson County, Virginia",51125,68525,1157
"Carroll County, Iowa",19027,68528,1156
"Glynn County, Georgia",13127,68546,1155
"Colorado County, Texas",48089,68554,1154
"Daviess County, Indiana",18027,68561,1153
"Butte County, California",6007,68574,1152
"Newton County, Indiana",18111,68596,1151
"Garfield County, Nebraska",31071,68611,1149
"Manitowoc County, Wisconsin",55071,68611,1149
"Morrison County, Minnesota",27097,68640,1148
"Brown County, Minnesota",27015,68690,1147
"Miami-Dade County, Florida",12086,68694,1146
"Mitchell County, Iowa",19131,68704,1145
"Clatsop County, Oregon",41007,68705,1144
"Osceola County, Florida",12097,68711,1143
"Buffalo County, Wisconsin",55011,68722,1142
"Kings County, California",6031,68750,1139
"Lea County, New Mexico",35025,68750,1139
"Mason County, Texas",48319,68750,1139
"Douglas County, Kansas",20045,68756,1138
"Box Butte County, Nebraska",31013,68778,1137
"Oneida County, New York",36065,68819,1136
"Adams County, Iowa",19003,68828,1135
"Banks County, Georgia",13011,68830,1134
"Allen County, Indiana",18003,68839,1133
"Herkimer County, New York",36043,68858,1132
"Randolph County, Illinois",17157,68870,1131
"Coryell County, Texas",48099,68904,1130
"Cape Girardeau County, Missouri",29031,68912,1129
"Wyoming County, New York",36121,68913,1128
"Hamilton County, New York",36041,68950,1127
"Umatilla County, Oregon",41059,68958,1126
"Palo Alto County, Iowa",19147,68963,1125
"Lake County, Indiana",18089,68985,1124
"Story County, Iowa",19169,69006,1123
"Freeborn County, Minnesota",27047,69012,1121
"Harnett County, North Carolina",37085,69012,1121
"Mahaska County, Iowa",19123,69019,1120
"DeKalb County, Illinois",17037,69022,1119
"St. Lucie County, Florida",12111,69027,1118
"Garrett County, Maryland",24023,69031,1117
"Grant County, Nebraska",31075,69063,1116
"Renville County, Minnesota",27129,69086,1115
"DeKalb County, Missouri",29063,69093,1114
"Lamar County, Mississippi",28073,69106,1113
"Asotin County, Washington",53003,69107,1112
"Koochiching County, Minnesota",27071,69115,1111
"Polk County, Minnesota",27119,69136,1110
"Haskell County, Kansas",20081,69138,1108
"Osceola County, Iowa",19143,69138,1108
"Dixon County, Nebraska",31051,69156,1107
"Logan County, Ohio",39091,69183,1106
"Chippewa County, Minnesota",27023,69192,1105
"Clinton County, New York",36019,69208,1104
"Major County, Oklahoma",40093,69229,1103
"Lane County, Oregon",41039,69311,1102
"Jerome County, Idaho",16053,69338,1101
"Bosque County, Texas",48035,69339,1100
"St. Clair County, Michigan",26147,69349,1099
"Atascosa County, Texas",48013,69413,1098
"Sweet Grass County, Montana",30097,69426,1097
"St. Louis County, Minnesota",27137,69455,1096
"Tulare County, California",6107,69489,1095
"Lincoln County, Nevada",32017,69496,1094
"Northumberland County, Virginia",51133,69500,1093
"Muscatine County, Iowa",19139,69512,1092
"Vernon County, Wisconsin",55123,69556,1091
"Chatham County, Georgia",13051,69575,1090
"Richland County, Montana",30083,69578,1089
"Bayfield County, Wisconsin",55007,69609,1088
"Kittson County, Minnesota",27069,69615,1087
"Oneida County, Wisconsin",55085,69621,1086
"Hancock County, Maine",23009,69630,1085
"Wilkin County, Minnesota",27167,69635,1084
"Butler County, Iowa",19023,69651,1083
"Pine County, Minnesota",27115,69666,1082
"Lewis County, Washington",53041,69690,1081
"Hancock County, Ohio",39063,69699,1080
"Bandera County, Texas",48019,69703,1079
"Webster County, Missouri",29225,69731,1078
"Wells County, Indiana",18179,69741,1077
"White County, Georgia",13311,69747,1076
"Coconino County, Arizona",4005,69748,1075
"Oglethorpe County, Georgia",13221,69784,1074
"Marshall County, Illinois",17123,69818,1073
"Ringgold County, Iowa",19159,69821,1072
"Cumberland County, Illinois",17035,69826,1070
"Sullivan County, New York",36105,69826,1070
"Charlottesville City, Virginia",51540,69829,1069
"Norman County, Minnesota",27107,69833,1068
"Autauga County, Alabama",1001,69841,1067
"Uintah County, Utah",49047,69861,1066
"Sanborn County, South Dakota",46111,69870,1065
"Lamoille County, Vermont",50015,69897,1064
"Henry County, Illinois",17073,69912,1063
"Boone County, Missouri",29019,69913,1062
"Kittitas County, Washington",53037,69928,1061
"Jackson County, Minnesota",27063,69955,1060
"Emery County, Utah",49015,69956,1058
"Lake County, Florida",12069,69956,1058
"Walsh County, North Dakota",38099,69976,1057
"Brown County, Ohio",39015,69990,1056
"Sheridan County, Kansas",20179,70000,1055
"Minidoka County, Idaho",16067,70060,1054
"Noble County, Oklahoma",40103,70071,1053
"Wayne County, Utah",49055,70074,1052
"DeKalb County, Indiana",18033,70080,1051
"Lake of the Woods County, Minnesota",27077,70091,1050
"Victoria County, Texas",48469,70101,1049
"Hunt County, Texas",48231,70112,1048
"Jasper County, Iowa",19099,70128,1047
"Woodbury County, Iowa",19193,70147,1046
"Beaver County, Pennsylvania",42007,70156,1045
"Meade County, Kentucky",21163,70163,1044
"St. Clair County, Illinois",17163,70178,1043
"Bay County, Florida",12005,70188,1042
"King County, Texas",48269,70192,1041
"Winona County, Minnesota",27169,70198,1040
"Nuckolls County, Nebraska",31129,70201,1039
"Williamsburg City, Virginia",51830,70206,1038
"Jackson County, Indiana",18071,70208,1037
"Hancock County, Iowa",19081,70212,1036
"Essex County, New York",36031,70215,1035
"Osage County, Kansas",20139,70216,1034
"Morrow County, Oregon",41049,70217,1033
"Kingsbury County, South Dakota",46077,70221,1032
"Barnes County, North Dakota",38003,70230,1031
"Carteret County, North Carolina",37031,70235,1030
"Brown County, South Dakota",46013,70239,1029
"Sully County, South Dakota",46119,70250,1028
"LaMoure County, North Dakota",38045,70263,1027
"Wyoming County, Pennsylvania",42131,70268,1026
"Reagan County, Texas",48383,70288,1025
"Pinellas County, Florida",12103,70293,1024
"Charles City County, Virginia",51036,70339,1023
"Stanton County, Kansas",20187,70361,1022
"Klickitat County, Washington",53039,70400,1021
"LaPorte County, Indiana",18091,70452,1020
"Grayson County, Texas",48181,70455,1019
"Glenn County, California",6021,70487,1018
"Dolores County, Colorado",8033,70490,1017
"Ford County, Kansas",20057,70495,1016
"Kalamazoo County, Michigan",26077,70525,1015
"Park County, Wyoming",56029,70533,1014
"Hampden County, Massachusetts",25013,70535,1013
"Harlan County, Nebraska",31083,70536,1011
"Wabaunsee County, Kansas",20197,70536,1011
"McLean County, Kentucky",21149,70549,1010
"Bexar County, Texas",48029,70571,1009
"Buncombe County, North Carolina",37021,70578,1008
"Watonwan County, Minnesota",27165,70593,1007
"Bethel Census Area, Alaska",2050,70616,1006
"Kingfisher County, Oklahoma",40073,70617,1005
"Hubbard County, Minnesota",27057,70622,1004
"Bailey County, Texas",48017,70625,1001
"Clark County, Illinois",17023,70625,1001
"Clinton County, Missouri",29049,70625,1001
"Lorain County, Ohio",39093,70693,1000
"Rock County, Minnesota",27133,70698,999
"La Crosse County, Wisconsin",55063,70704,998
"Cuming County, Nebraska",31039,70708,997
"Pennington County, South Dakota",46103,70768,996
"Montgomery County, Virginia",51121,70769,995
"Livingston County, Illinois",17105,70796,994
"Hamilton County, Ohio",39061,70816,993
"Hettinger County, North Dakota",38041,70827,992
"Marshall County, Kansas",20117,70828,991
"Marshall County, Tennessee",47117,70829,990
"Baker County, Florida",12003,70833,989
"Sheridan County, Wyoming",56033,70855,988
"Millard County, Utah",49027,70877,987
"Spencer County, Indiana",18147,70890,986
"Noble County, Indiana",18113,70908,985
"Chaffee County, Colorado",8015,70909,984
"Otter Tail County, Minnesota",27111,70912,983
"Dawson County, Montana",30021,70953,982
"Granville County, North Carolina",37077,70975,980
"Moffat County, Colorado",8081,70975,980
"Sac County, Iowa",19161,70991,979
"Summit County, Ohio",39153,71016,978
"Carbon County, Montana",30009,71017,977
"Ector County, Texas",48135,71031,976
"Morrow County, Ohio",39117,71047,975
"Indian River County, Florida",12061,71049,974
"Stevens County, Minnesota",27149,71060,973
"Ripley County, Indiana",18137,71084,972
"Jasper County, Illinois",17079,71094,971
"Grant County, Washington",53025,71115,970
"Becker County, Minnesota",27005,71117,969
"Jefferson County, Washington",53031,71143,968
"Erie County, New York",36029,71175,967
"Schoharie County, New York",36095,71188,966
"Waupaca County, Wisconsin",55135,71189,965
"Crook County, Wyoming",56011,71209,964
"Lincoln County, Washington",53043,71227,963
"Preble County, Ohio",39135,71237,962
"Missoula County, Montana",30063,71246,961
"Natrona County, Wyoming",56025,71247,960
"Banner County, Nebraska",31007,71250,959
"Wichita County, Kansas",20203,71282,958
"Dodge County, Nebraska",31053,71294,957
"Trempealeau County, Wisconsin",55121,71295,956
"Shelby County, Indiana",18145,71301,955
"Ravalli County, Montana",30081,71323,954
"Flathead County, Montana",30029,71327,953
"Washington County, Iowa",19183,71339,952
"Crow Wing County, Minnesota",27035,71343,951
"Boone County, Nebraska",31011,71367,950
"Franklin County, North Carolina",37069,71386,949
"Logan County, Kansas",20109,71389,948
"Kent County, Texas",48263,71420,947
"Antrim County, Michigan",26009,71421,946
"Fresno County, California",6019,71434,945
"Lipscomb County, Texas",48295,71442,944
"Jackson County, Oregon",41029,71443,943
"Pottawattamie County, Iowa",19155,71446,942
"Lonoke County, Arkansas",5085,71449,941
"Mille Lacs County, Minnesota",27095,71455,940
"Howard County, Texas",48227,71457,939
"Surry County, Virginia",51181,71458,938
"Nez Perce County, Idaho",16069,71466,937
"Benton County, Minnesota",27009,71480,936
"Steuben County, Indiana",18151,71483,935
"Mesa County, Colorado",8077,71485,934
"Bennington County, Vermont",50003,71494,933
"Mower County, Minnesota",27099,71495,932
"Columbia County, Washington",53013,71528,931
"Yellow Medicine County, Minnesota",27173,71573,930
"Jackson County, Iowa",19097,71605,929
"Lac qui Parle County, Minnesota",27073,71639,928
"Cook County, Minnesota",27031,71643,927
"Logan County, Nebraska",31113,71650,926
"Dakota County, Nebraska",31043,71655,925
"Knox County, Tennessee",47093,71662,924
"Moultrie County, Illinois",17139,71676,923
"Marshall County, Minnesota",27089,71701,922
"Mercer County, Illinois",17131,71710,921
"Ward County, Texas",48475,71719,920
"Potter County, South Dakota",46107,71726,919
"Tipton County, Tennessee",47167,71736,918
"Anderson County, Kentucky",21005,71747,917
"Hamilton County, Iowa",19079,71750,916
"Wayne County, Ohio",39169,71769,915
"Polk County, Nebraska",31143,71771,914
"Door County, Wisconsin",55029,71785,912
"Dunn County, Wisconsin",55033,71785,912
"Tioga County, New York",36107,71791,911
"Carson City, Nevada",32510,71809,910
"Eau Claire County, Wisconsin",55035,71834,909
"McCone County, Montana",30055,71842,908
"Calhoun County, Texas",48057,71870,907
"Wyandot County, Ohio",39175,71878,906
"Sheboygan County, Wisconsin",55117,71898,905
"Knox County, Maine",23013,71903,904
"Kanabec County, Minnesota",27065,71915,903
"Dubois County, Indiana",18037,71918,902
"Smith County, Texas",48423,71923,901
"Shasta County, California",6089,71931,900
"Archer County, Texas",48009,71958,899
"Franklin County, Missouri",29071,71973,898
"Pershing County, Nevada",32027,72007,897
"Lincoln County, Maine",23015,72026,896
"Hemphill County, Texas",48211,72052,895
"Hand County, South Dakota",46059,72054,894
"Genesee County, New York",36037,72055,893
"Lafayette County, Wisconsin",55065,72091,892
"Franklin County, Kansas",20059,72142,891
"Ray County, Missouri",29177,72152,890
"Iowa County, Iowa",19095,72185,889
"Pope County, Minnesota",27121,72205,888
"Walla Walla County, Washington",53071,72212,887
"Tuolumne County, California",6109,72259,886
"La Salle County, Illinois",17099,72281,885
"Fallon County, Montana",30025,72284,884
"Brown County, Illinois",17009,72288,883
"White Pine County, Nevada",32033,72294,882
"Clark County, Indiana",18019,72298,881
"Carroll County, Georgia",13045,72327,880
"Dallam County, Texas",48111,72332,879
"Platte County, Nebraska",31141,72335,878
"Washington County, New York",36115,72342,877
"Rockdale County, Georgia",13247,72349,876
"Canyon County, Idaho",16027,72355,875
"Montgomery County, Tennessee",47125,72365,874
"Lumpkin County, Georgia",13187,72388,873
"Camden County, Georgia",13039,72399,872
"Catoosa County, Georgia",13047,72425,871
"Inyo County, California",6027,72432,870
"Finney County, Kansas",20055,72437,869
"Livingston County, New York",36051,72464,868
"Harrison County, Indiana",18061,72468,866
"Westmoreland County, Pennsylvania",42129,72468,866
"Cooke County, Texas",48097,72472,865
"Grant County, Kansas",20067,72484,864
"Cameron Parish, Louisiana",22023,72500,862
"Marshall County, South Dakota",46091,72500,862
"Grant County, Arkansas",5053,72512,861
"Monroe County, Iowa",19135,72518,860
"Richland County, North Dakota",38077,72524,859
"Hardin County, Texas",48199,72532,858
"Gilmer County, Georgia",13123,72542,857
"Pennington County, Minnesota",27113,72561,856
"Oneida County, Idaho",16071,72563,855
"Berkshire County, Massachusetts",25003,72565,854
"Hamilton County, Tennessee",47065,72568,853
"Douglas County, Wisconsin",55031,72579,852
"Franklin County, Massachusetts",25011,72584,851
"Miner County, South Dakota",46097,72589,850
"Benzie County, Michigan",26019,72603,849
"Haines Borough, Alaska",2100,72607,848
"Rio Blanco County, Colorado",8103,72620,847
"Blue Earth County, Minnesota",27013,72623,846
"Lancaster County, Nebraska",31109,72625,845
"Brown County, Indiana",18013,72644,844
"Callaway County, Missouri",29027,72645,843
"Aleutians East Borough, Alaska",2013,72692,842
"Custer County, Colorado",8027,72700,841
"Jackson County, Kansas",20085,72703,840
"Thomas County, Nebraska",31171,72708,839
"Centre County, Pennsylvania",42027,72748,838
"Lyon County, Minnesota",27083,72761,837
"Fremont County, Idaho",16043,72767,836
"Marshall County, Iowa",19127,72785,835
"Portage County, Ohio",39133,72822,833
"Shelby County, Ohio",39149,72822,833
"Doniphan County, Kansas",20043,72833,832
"King and Queen County, Virginia",51097,72851,831
"Wicomico County, Maryland",24045,72861,830
"Fulton County, Ohio",39051,72866,829
"Kent County, Delaware",10001,72872,828
"Winnebago County, Wisconsin",55139,72873,827
"Lyon County, Iowa",19119,72881,826
"Burleson County, Texas",48051,72888,825
"New Hanover County, North Carolina",37129,72892,824
"Union County, Pennsylvania",42119,72894,823
"East Feliciana Parish, Louisiana",22037,72899,822
"Flagler County, Florida",12035,72923,821
"Montour County, Pennsylvania",42093,72926,820
"Pickaway County, Ohio",39129,72927,819
"Cowlitz County, Washington",53015,72932,818
"Grant County, Minnesota",27051,72957,817
"Spink County, South Dakota",46115,73011,816
"Tompkins County, New York",36109,73012,815
"Scott County, Illinois",17171,73013,814
"Treasure County, Montana",30103,73036,813
"Jefferson County, Oregon",41031,73051,812
"Jones County, Iowa",19105,73071,811
"Eureka County, Nevada",32011,73095,810
"Lee County, Florida",12071,73099,809
"Harris County, Texas",48201,73104,808
"Wood County, Ohio",39173,73124,807
"Madison County, New York",36053,73141,806
"Fond du Lac County, Wisconsin",55039,73154,805
"Kiowa County, Kansas",20097,73214,804
"Dickson County, Tennessee",47043,73223,803
"Davie County, North Carolina",37059,73234,802
"Churchill County, Nevada",32001,73268,801
"Harvey County, Kansas",20079,73269,800
"Cole County, Missouri",29051,73273,799
"Portage County, Wisconsin",55097,73284,798
"Sumter County, Florida",12119,73297,797
"Yuba County, California",6115,73313,796
"Orange County, Texas",48361,73372,795
"Trego County, Kansas",20195,73375,794
"Linn County, Oregon",41043,73396,793
"Chickasaw County, Iowa",19037,73421,792
"Ionia County, Michigan",26067,73436,791
"Lyon County, Nevada",32019,73460,790
"Medina County, Texas",48325,73462,789
"Spokane County, Washington",53063,73513,788
"Thomas County, Kansas",20193,73575,787
"Roseau County, Minnesota",27135,73611,786
"Defiance County, Ohio",39039,73615,785
"Emmet County, Michigan",26047,73724,784
"Newton County, Georgia",13217,73732,783
"Fremont County, Iowa",19071,73750,782
"Sevier County, Utah",49041,73765,781
"Lake County, South Dakota",46079,73792,780
"Franklin County, Ohio",39049,73795,779
"Grant County, South Dakota",46051,73818,778
"Clark County, Nevada",32003,73845,777
"Yankton County, South Dakota",46135,73855,776
"San Juan County, Colorado",8111,73889,775
"Wayne County, New York",36117,73914,774
"Kosciusko County, Indiana",18085,73922,773
"Cedar County, Nebraska",31027,73977,772
"Knox County, Ohio",39083,73988,771
"Dodge County, Wisconsin",55027,73992,770
"Andrew County, Missouri",29003,74007,769
"Chippewa County, Wisconsin",55017,74009,768
"Greene County, New York",36039,74011,767
"Brunswick County, North Carolina",37019,74034,766
"Brule County, South Dakota",46015,74043,765
"York County, Nebraska",31185,74058,764
"Sangamon County, Illinois",17167,74114,763
"Aurora County, South Dakota",46003,74130,762
"Kearny County, Kansas",20093,74135,761
"Dallas County, Texas",48113,74149,760
"Middlesex County, Virginia",51119,74154,759
"Washington County, Maryland",24043,74157,758
"Dauphin County, Pennsylvania",42043,74159,757
"Meade County, South Dakota",46093,74161,756
"Maury County, Tennessee",47119,74162,755
"Sherman County, Texas",48421,74167,754
"Miami County, Ohio",39109,74175,753
"Wakulla County, Florida",12129,74183,752
"Douglas County, Illinois",17041,74186,751
"Southeast Fairbanks Census Area, Alaska",2240,74223,750
"Decatur County, Indiana",18031,74228,749
"Champaign County, Ohio",39021,74239,748
"Dillingham Census Area, Alaska",2070,74250,747
"West Feliciana Parish, Louisiana",22125,74277,746
"Hyde County, South Dakota",46069,74279,745
"Rock County, Wisconsin",55105,74390,744
"Yellowstone County, Montana",30111,74400,743
"Kent County, Maryland",24029,74402,742
"Monroe County, New York",36055,74409,741
"Cleveland County, Oklahoma",40027,74446,740
"Hutchinson County, South Dakota",46067,74459,739
"Murray County, Minnesota",27101,74475,738
"Howard County, Nebraska",31093,74508,737
"Ransom County, North Dakota",38073,74521,736
"Broward County, Florida",12011,74534,735
"Pepin County, Wisconsin",55091,74536,734
"Lewis and Clark County, Montana",30049,74543,733
"Buffalo County, Nebraska",31019,74570,731
"Dickinson County, Iowa",19059,74570,731
"Blount County, Tennessee",47009,74607,730
"Greenville County, South Carolina",45045,74624,728
"Marion County, Oregon",41047,74624,728
"Warren County, Indiana",18171,74635,727
"Santa Fe County, New Mexico",35049,74689,726
"Johnson County, Iowa",19103,74721,725
"Duchesne County, Utah",49013,74738,724
"Onondaga County, New York",36067,74740,723
"Lancaster County, South Carolina",45057,74751,722
"Harding County, South Dakota",46063,74766,721
"Holmes County, Ohio",39075,74774,720
"Madison County, Illinois",17119,74800,719
"Meade County, Kansas",20119,74868,718
"Jessamine County, Kentucky",21113,74886,717
"Franklin County, Pennsylvania",42055,74946,716
"Jo Daviess County, Illinois",17085,74954,715
"Kane County, Utah",49025,75000,713
"Sutton County, Texas",48435,75000,713
"Hillsborough County, Florida",12057,75011,712
"Lexington County, South Carolina",45063,75014,711
"Baldwin County, Alabama",1003,75019,710
"Cass County, North Dakota",38017,75023,709
"Meeker County, Minnesota",27093,75037,708
"Waseca County, Minnesota",27161,75052,707
"Washington County, Texas",48477,75085,706
"Kandiyohi County, Minnesota",27067,75097,705
"Colusa County, California",6011,75149,704
"Fillmore County, Minnesota",27045,75225,703
"Greenlee County, Arizona",4011,75239,702
"Windsor County, Vermont",50027,75247,701
"Monroe County, Michigan",26115,75272,700
"Turner County, South Dakota",46125,75283,699
"Pickens County, Georgia",13227,75293,698
"Racine County, Wisconsin",55101,75331,697
"Osage County, Missouri",29151,75355,696
"Effingham County, Illinois",17049,75380,695
"Morgan County, Colorado",8087,75407,694
"Jerauld County, South Dakota",46073,75417,693
"Sutter County, California",6101,75450,692
"Mathews County, Virginia",51115,75487,691
"Madera County, California",6039,75496,690
"Elmore County, Alabama",1051,75553,689
"Lake County, Minnesota",27075,75621,688
"Washington County, Illinois",17189,75652,686
"Winneshiek County, Iowa",19191,75652,686
"Davidson County, Tennessee",47037,75664,685
"Ottawa County, Ohio",39123,75728,684
"Grady County, Oklahoma",40051,75730,683
"Whitley County, Indiana",18183,75790,682
"Manatee County, Florida",12081,75792,681
"Brevard County, Florida",12009,75817,680
"Oconto County, Wisconsin",55083,75886,679
"Dubuque County, Iowa",19061,75919,678
"Sullivan County, New Hampshire",33019,75929,677
"Clay County, Nebraska",31035,75938,675
"Pierce County, Nebraska",31139,75938,675
"Austin County, Texas",48015,75994,674
"Benton County, Oregon",41003,76011,673
"Minnehaha County, South Dakota",46099,76074,672
"Sibley County, Minnesota",27143,76082,671
"Valley County, Idaho",16085,76125,670
"Waller County, Texas",48473,76135,669
"Putnam County, Indiana",18133,76182,668
"Marathon County, Wisconsin",55073,76185,667
"Delaware County, Iowa",19055,76205,666
"Polk County, Wisconsin",55095,76208,665
"Lapeer County, Michigan",26087,76228,664
"Colonial Heights City, Virginia",51570,76250,663
"Renville County, North Dakota",38075,76311,662
"Lebanon County, Pennsylvania",42075,76350,661
"Fillmore County, Nebraska",31059,76354,660
"Scott County, Iowa",19163,76363,659
"Allegheny County, Pennsylvania",42003,76393,658
"Macomb County, Michigan",26099,76399,657
"Oldham County, Texas",48359,76402,656
"Washington County, Utah",49053,76411,655
"Linn County, Iowa",19113,76421,654
"Stearns County, Minnesota",27145,76447,653
"Auglaize County, Ohio",39011,76454,652
"Sweetwater County, Wyoming",56037,76464,651
"Charlevoix County, Michigan",26029,76495,650
"Archuleta County, Colorado",8007,76524,649
"Golden Valley County, North Dakota",38033,76528,648
"Saline County, Arkansas",5125,76534,647
"Fayette County, Texas",48149,76541,646
"Jefferson County, Montana",30043,76576,645
"Gaines County, Texas",48165,76605,644
"Nome Census Area, Alaska",2180,76643,643
"Bonneville County, Idaho",16019,76646,642
"Tazewell County, Illinois",17179,76704,641
"Essex County, New Jersey",34013,76712,640
"Ottawa County, Kansas",20143,76755,639
"Atlantic County, New Jersey",34001,76819,638
"Pender County, North Carolina",37141,76838,637
"Bingham County, Idaho",16011,76842,636
"Rich County, Utah",49033,76875,634
"Worth County, Iowa",19195,76875,634
"Dorchester County, South Carolina",45035,76896,633
"Andrews County, Texas",48003,76902,632
"Lampasas County, Texas",48281,76919,631
"Oliver County, North Dakota",38065,76953,630
"Schenectady County, New York",36093,76989,629
"Stanley County, South Dakota",46117,77000,628
"Orange County, Florida",12095,77011,627
"Petersburg Census Area, Alaska",2195,77026,626
"Harrison County, Iowa",19085,77027,624
"Saline County, Nebraska",31151,77027,624
"Kootenai County, Idaho",16055,77034,623
"Martin County, Texas",48317,77083,622
"Houston County, Minnesota",27055,77087,621
"Burnet County, Texas",48053,77158,620
"Hawaii County, Hawaii",15001,77215,619
"Douglas County, Minnesota",27041,77264,618
"Edmunds County, South Dakota",46045,77266,617
"Campbell County, Kentucky",21037,77271,616
"Orange County, Vermont",50017,77328,615
"Berkeley County, West Virginia",54003,77329,614
"Boise County, Idaho",16015,77349,613
"Clay County, Texas",48077,77355,612
"Gunnison County, Colorado",8051,77358,611
"Walworth County, Wisconsin",55127,77359,610
"Nemaha County, Kansas",20131,77375,609
"Jefferson County, Kansas",20087,77393,608
"Hall County, Georgia",13139,77430,607
"Rankin County, Mississippi",28121,77454,606
"Barrow County, Georgia",13013,77477,605
"Washington County, Pennsylvania",42125,77487,604
"Brown County, Wisconsin",55009,77490,603
"Lehigh County, Pennsylvania",42077,77493,602
"Moody County, South Dakota",46101,77500,600
"Red Lake County, Minnesota",27125,77500,600
"Putnam County, Illinois",17155,77526,599
"Midland County, Michigan",26111,77538,598
"Pinal County, Arizona",4021,77588,597
"Bullitt County, Kentucky",21029,77640,596
"Bedford City and County, Virginia",51917,77644,595
"Sauk County, Wisconsin",55111,77648,594
"Clay County, Minnesota",27027,77664,593
"DeKalb County, Georgia",13089,77683,592
"Berks County, Pennsylvania",42011,77684,591
"Rogers County, Oklahoma",40131,77688,590
"Sargent County, North Dakota",38081,77697,589
"McPherson County, Kansas",20113,77701,588
"Kenai Peninsula Borough, Alaska",2122,77722,587
"Windham County, Connecticut",9015,77748,586
"Box Elder County, Utah",49003,77865,585
"Putnam County, West Virginia",54079,77871,584
"Barry County, Michigan",26015,77873,583
"Laramie County, Wyoming",56021,77884,582
"Gray County, Kansas",20069,77885,581
"Lake County, Ohio",39085,77952,580
"Warren County, Missouri",29219,77989,579
"Eaton County, Michigan",26045,78025,578
"Mercer County, Ohio",39107,78036,577
"Marion County, Iowa",19125,78059,576
"Douglas County, South Dakota",46043,78125,575
"Sussex County, Delaware",10005,78162,574
"Floyd County, Indiana",18043,78179,573
"Providence County, Rhode Island",44007,78204,572
"Warren County, New York",36113,78239,571
"Stanton County, Nebraska",31167,78275,570
"Cache County, Utah",49005,78292,569
"Chelan County, Washington",53007,78306,568
"Tipton County, Indiana",18159,78309,567
"McLean County, Illinois",17113,78329,566
"Mason County, Washington",53045,78359,565
"Salem County, New Jersey",34033,78412,564
"Buchanan County, Iowa",19019,78430,563
"Robertson County, Tennessee",47147,78439,562
"McLeod County, Minnesota",27085,78468,560
"Rockingham County, Virginia",51165,78468,560
"Lincoln County, North Carolina",37109,78490,559
"Wagoner County, Oklahoma",40145,78520,558
"Kings County, New York",36047,78548,557
"Skagway Municipality, Alaska",2230,78594,556
"Livingston Parish, Louisiana",22063,78617,555
"Iredell County, North Carolina",37097,78678,554
"Sterling County, Texas",48431,78750,553
"Madison County, Mississippi",28089,78794,552
"Greeley County, Kansas",20071,78819,551
"Perry County, Pennsylvania",42099,78824,550
"Hughes County, South Dakota",46065,78981,549
"St. Clair County, Alabama",1115,78993,548
"Franklin County, Vermont",50011,79078,547
"Cedar County, Iowa",19031,79080,546
"Douglas County, Nebraska",31055,79081,545
"Morgan County, Indiana",18109,79088,544
"Lafayette County, Missouri",29107,79091,543
"Okaloosa County, Florida",12091,79097,542
"Jersey County, Illinois",17083,79104,541
"Posey County, Indiana",18129,79124,540
"Gosper County, Nebraska",31073,79145,539
"Converse County, Wyoming",56009,79164,538
"Kearney County, Nebraska",31099,79167,537
"Ogle County, Illinois",17141,79244,536
"Henry County, Ohio",39069,79267,535
"Ward County, North Dakota",38101,79273,534
"St. Tammany Parish, Louisiana",22103,79277,533
"Walton County, Florida",12131,79281,532
"Pike County, Pennsylvania",42103,79318,531
"Mercer County, North Dakota",38057,79405,530
"Kenosha County, Wisconsin",55059,79412,529
"Kenton County, Kentucky",21117,79421,528
"Bartow County, Georgia",13015,79431,527
"Morton County, North Dakota",38059,79483,526
"Grand Traverse County, Michigan",26055,79486,525
"Union County, Indiana",18161,79500,524
"Durham County, North Carolina",37063,79501,523
"Davis County, Iowa",19051,79505,522
"Deuel County, South Dakota",46039,79556,521
"Eddy County, New Mexico",35015,79605,520
"Jasper County, Indiana",18073,79634,519
"Stanislaus County, California",6099,79661,518
"Franklin County, Indiana",18047,79702,517
"Colfax County, Nebraska",31037,79720,516
"Boone County, Iowa",19015,79741,515
"Ontario County, New York",36069,79814,514
"Johnston County, North Carolina",37101,79838,513
"Washington County, Vermont",50023,79853,512
"Calaveras County, California",6009,79877,511
"Hamilton County, Nebraska",31081,79884,510
"Humboldt County, Nevada",32013,79946,509
"Augusta County, Virginia",51015,79972,508
"Guthrie County, Iowa",19077,79981,507
"Woodford County, Kentucky",21239,80006,506
"Carlton County, Minnesota",27017,80042,505
"Kewaunee County, Wisconsin",55061,80085,504
"San Miguel County, Colorado",8113,80117,503
"Wabasha County, Minnesota",27157,80133,502
"Louisa County, Iowa",19115,80223,501
"Green County, Wisconsin",55045,80248,500
"Allegan County, Michigan",26005,80255,499
"Loudon County, Tennessee",47105,80296,498
"Steele County, North Dakota",38091,80313,497
"Louisa County, Virginia",51109,80343,496
"Nicollet County, Minnesota",27103,80362,495
"Bartholomew County, Indiana",18005,80365,494
"Douglas County, Washington",53017,80374,493
"Butler County, Kansas",20015,80375,492
"Kent County, Michigan",26081,80390,491
"Botetourt County, Virginia",51023,80467,490
"Jefferson County, Missouri",29099,80522,489
"Jefferson County, Wisconsin",55055,80604,488
"McHenry County, North Dakota",38049,80614,487
"Yakutat City and Borough, Alaska",2282,80625,486
"Sarasota County, Florida",12115,80633,485
"Teller County, Colorado",8119,80666,484
"Martin County, Florida",12085,80701,483
"Houston County, Georgia",13153,80743,482
"Stark County, North Dakota",38089,80744,481
"Douglas County, Georgia",13097,80764,480
"McCook County, South Dakota",46087,80847,479
"Randall County, Texas",48381,80905,478
"Whatcom County, Washington",53073,80989,477
"Cheshire County, New Hampshire",33005,81001,476
"Ramsey County, Minnesota",27123,81004,475
"Licking County, Ohio",39089,81033,474
"Adams County, Pennsylvania",42001,81071,473
"Palm Beach County, Florida",12099,81115,472
"Seward County, Nebraska",31159,81122,471
"Butler County, Ohio",39017,81194,470
"Dare County, North Carolina",37055,81214,469
"Christian County, Missouri",29043,81245,468
"Billings County, North Dakota",38007,81250,467
"Mountrail County, North Dakota",38061,81292,466
"Northwest Arctic Borough, Alaska",2188,81298,465
"Polk County, Oregon",41053,81318,464
"Menard County, Illinois",17129,81334,463
"St. Louis County, Missouri",29189,81340,462
"Otoe County, Nebraska",31131,81430,461
"Worcester County, Maryland",24047,81455,460
"Stillwater County, Montana",30095,81503,459
"Amador County, California",6005,81526,458
"Plymouth County, Iowa",19149,81600,457
"Henry County, Georgia",13151,81612,456
"Polk County, Iowa",19153,81621,455
"Boone County, Illinois",17007,81638,454
"Crook County, Oregon",41013,81675,453
"Crockett County, Texas",48105,81739,452
"Cook County, Illinois",17031,81797,451
"Ulster County, New York",36111,81804,450
"Johnson County, Texas",48251,81826,449
"McLean County, North Dakota",38055,81847,448
"Tarrant County, Texas",48439,81905,447
"Custer County, South Dakota",46033,81958,446
"Cheatham County, Tennessee",47021,82015,445
"Sagadahoc County, Maine",23023,82080,444
"Hood River County, Oregon",41027,82095,443
"Hartley County, Texas",48205,82122,442
"St. Charles Parish, Louisiana",22089,82172,441
"San Bernardino County, California",6071,82184,440
"York County, Pennsylvania",42133,82238,439
"Yoakum County, Texas",48501,82261,438
"Clinton County, Illinois",17027,82314,437
"Berkeley County, South Carolina",45015,82327,436
"Monroe County, Pennsylvania",42089,82374,435
"Walton County, Georgia",13297,82381,434
"Monroe County, Florida",12087,82430,433
"Rutherford County, Tennessee",47149,82588,432
"Butler County, Nebraska",31023,82603,431
"Shelby County, Kentucky",21211,82671,430
"Uinta County, Wyoming",56041,82672,429
"Dearborn County, Indiana",18029,82693,428
"Bastrop County, Texas",48021,82730,427
"Logan County, Oklahoma",40083,82735,426
"Goodhue County, Minnesota",27049,82749,425
"Franklin County, Washington",53021,82755,424
"Putnam County, Ohio",39137,82785,423
"Sublette County, Wyoming",56035,82791,422
"Columbia County, Wisconsin",55021,82792,420
"Rice County, Minnesota",27131,82792,420
"Moore County, North Carolina",37125,82837,419
"Outagamie County, Wisconsin",55087,82857,418
"Monroe County, Georgia",13207,82863,417
"Plaquemines Parish, Louisiana",22075,82874,416
"York County, Maine",23031,82904,415
"Roanoke County, Virginia",51161,82931,414
"Jefferson County, Idaho",16051,82952,413
"Carroll County, New Hampshire",33003,82961,412
"Madison County, Virginia",51113,82972,411
"DeSoto County, Mississippi",28033,82980,410
"Seminole County, Florida",12117,83030,409
"York County, South Carolina",45091,83060,408
"Albany County, New York",36001,83149,407
"Clermont County, Ohio",39025,83178,406
"Hamlin County, South Dakota",46057,83194,405
"Madison County, Ohio",39097,83229,404
"Bremer County, Iowa",19017,83343,403
"Iowa County, Wisconsin",55049,83372,402
"Somervell County, Texas",48425,83382,401
"Foster County, North Dakota",38031,83412,400
"Elko County, Nevada",32007,83427,399
"Steele County, Minnesota",27147,83448,398
"Bottineau County, North Dakota",38009,83460,397
"Madison County, Alabama",1089,83528,396
"Limestone County, Alabama",1083,83534,395
"Grundy County, Iowa",19075,83617,394
"Columbia County, New York",36021,83619,393
"Scott County, Kentucky",21209,83660,392
"San Juan County, Washington",53055,83682,391
"Gloucester County, Virginia",51073,83689,390
"Lancaster County, Pennsylvania",42071,83703,389
"Kodiak Island Borough, Alaska",2150,83716,388
"LaGrange County, Indiana",18087,83741,387
"Mecklenburg County, North Carolina",37119,83765,386
"Bowman County, North Dakota",38011,83773,385
"Dinwiddie County, Virginia",51053,83898,384
"New Haven County, Connecticut",9009,83971,383
"Grafton County, New Hampshire",33009,84021,382
"Sandoval County, New Mexico",35043,84053,381
"Union County, South Dakota",46127,84137,380
"Pike County, Georgia",13231,84184,379
"Bristol County, Massachusetts",25005,84198,378
"Charleston County, South Carolina",45019,84320,377
"Warren County, Virginia",51187,84331,376
"Talbot County, Maryland",24041,84378,375
"Blaine County, Idaho",16013,84470,374
"Lander County, Nevada",32015,84474,373
"Greene County, Georgia",13133,84530,372
"Ouray County, Colorado",8091,84556,371
"Grand County, Colorado",8049,84558,370
"Carson County, Texas",48065,84583,369
"Fairbanks North Star, Alaska",2090,84722,368
"Sioux County, Iowa",19167,84736,367
"Benton County, Iowa",19011,84742,366
"Fayette County, Tennessee",47047,84764,365
"McClain County, Oklahoma",40087,84778,364
"Beaufort County, South Carolina",45013,84819,363
"Gwinnett County, Georgia",13135,84823,362
"Nevada County, California",6057,84905,361
"Burleigh County, North Dakota",38015,84948,360
"Queens County, New York",36081,84961,359
"Jackson County, Georgia",13157,85012,358
"King William County, Virginia",51101,85212,357
"Greene County, Ohio",39057,85218,356
"Greene County, Virginia",51079,85268,355
"Lincoln County, Missouri",29113,85276,354
"La Plata County, Colorado",8067,85296,353
"Galveston County, Texas",48167,85348,352
"Fredericksburg City, Virginia",51630,85368,351
"Canadian County, Oklahoma",40017,85427,350
"Effingham County, Georgia",13103,85465,349
"Skagit County, Washington",53057,85474,348
"Maricopa County, Arizona",4013,85518,347
"Valdez-Cordova Census Area, Alaska",2261,85537,346
"Washoe County, Nevada",32031,85600,345
"Beaver County, Utah",49001,85603,344
"Woodford County, Illinois",17203,85629,343
"Cumberland County, Pennsylvania",42041,85634,342
"Morgan County, Georgia",13211,85692,341
"Hays County, Texas",48209,85827,340
"Porter County, Indiana",18127,85828,339
"Clinton County, Michigan",26037,85928,338
"Sumner County, Tennessee",47165,86005,337
"Cabarrus County, North Carolina",37025,86084,336
"Lincoln County, Wyoming",56023,86092,335
"Clay County, Florida",12019,86094,334
"Clay County, Missouri",29047,86150,333
"Garfield County, Colorado",8045,86172,332
"Collier County, Florida",12021,86173,331
"Multnomah County, Oregon",41051,86247,330
"Kalawao County, Hawaii",15005,86250,329
"Caroline County, Virginia",51033,86267,328
"North Slope Borough, Alaska",2185,86313,327
"Columbia County, Oregon",41009,86359,326
"Hanson County, South Dakota",46061,86375,325
"Camden County, New Jersey",34007,86384,324
"Hampshire County, Massachusetts",25015,86391,323
"Henrico County, Virginia",51087,86397,322
"Ocean County, New Jersey",34029,86411,321
"Strafford County, New Hampshire",33017,86564,320
"Isanti County, Minnesota",27059,86573,319
"Rensselaer County, New York",36083,86663,318
"Northampton County, Pennsylvania",42095,86687,317
"Butler County, Pennsylvania",42019,86775,316
"Hood County, Texas",48221,86802,315
"Leavenworth County, Kansas",20103,86906,314
"Mono County, California",6051,86953,313
"Fairfield County, Ohio",39045,87069,312
"Weber County, Utah",49057,87083,311
"Yamhill County, Oregon",41071,87084,310
"Passaic County, New Jersey",34031,87137,309
"Ottawa County, Michigan",26139,87144,308
"Washtenaw County, Michigan",26161,87156,307
"Johnson County, Indiana",18081,87227,306
"Benton County, Washington",53005,87316,305
"West Baton Rouge Parish, Louisiana",22121,87320,304
"Cass County, Missouri",29037,87413,303
"Gallatin County, Montana",30031,87454,302
"El Paso County, Colorado",8041,87470,301
"Piatt County, Illinois",17147,87516,300
"Weston County, Wyoming",56045,87545,299
"Blanco County, Texas",48031,87564,298
"Deschutes County, Oregon",41017,87640,297
"Pottawatomie County, Kansas",20149,87694,296
"Calumet County, Wisconsin",55015,87700,295
"Los Angeles County, California",6037,87760,294
"Camden County, North Carolina",37029,87781,293
"Mills County, Iowa",19129,87810,292
"Belknap County, New Hampshire",33001,87983,291
"Miami County, Kansas",20121,88000,290
"Douglas County, Nevada",32005,88018,289
"Lee County, Georgia",13177,88024,288
"Cape May County, New Jersey",34009,88046,287
"Dane County, Wisconsin",55025,88108,286
"Prince George County, Virginia",51149,88225,285
"Cass County, Nebraska",31025,88255,284
"McKenzie County, North Dakota",38053,88289,282
"Traill County, North Dakota",38097,88289,282
"Island County, Washington",53029,88358,281
"Addison County, Vermont",50001,88478,280
"San Joaquin County, California",6077,88531,279
"Chatham County, North Carolina",37037,88534,278
"Orange County, North Carolina",37135,88553,277
"Delaware County, Pennsylvania",42045,88576,276
"Kaufman County, Texas",48257,88606,275
"Gilpin County, Colorado",8047,88654,274
"Sacramento County, California",6067,88724,273
"Pierce County, Wisconsin",55093,88802,272
"Yolo County, California",6113,88818,271
"Nassau County, Florida",12089,88900,270
"Ada County, Idaho",16001,88907,269
"Denali, Alaska",2068,88935,268
"Santa Rosa County, Florida",12113,88968,267
"Dawson County, Georgia",13085,88986,266
"Ketchikan Gateway Borough, Alaska",2130,89155,265
"Harris County, Georgia",13145,89184,264
"Divide County, North Dakota",38023,89297,263
"Saunders County, Nebraska",31155,89395,262
"New London County, Connecticut",9011,89428,261
"Madison County, Iowa",19121,89542,260
"Lexington City, Virginia",51678,89598,259
"Riverside County, California",6065,89672,258
"Juab County, Utah",49023,89803,257
"Benton County, Arkansas",5007,89879,256
"Wise County, Texas",48497,89897,255
"New Castle County, Delaware",10003,89901,254
"Hartford County, Connecticut",9003,89982,253
"Hudson County, New Jersey",34017,90032,252
"Skamania County, Washington",53059,90085,251
"Suffolk City, Virginia",51800,90089,250
"Schleicher County, Texas",48413,90141,249
"Washington County, Nebraska",31177,90188,248
"Le Sueur County, Minnesota",27079,90218,247
"Williams County, North Dakota",38105,90224,246
"Grand Isle County, Vermont",50013,90625,244
"Matanuska-Susitna Borough, Alaska",2170,90625,244
"Virginia Beach City, Virginia",51810,90685,243
"Teton County, Idaho",16081,90740,242
"Baltimore County, Maryland",24005,90904,241
"Cecil County, Maryland",24015,91146,240
"Kent County, Rhode Island",44003,91278,239
"Hancock County, Indiana",18059,91326,238
"Larimer County, Colorado",8069,91364,237
"Adams County, Colorado",8001,91387,236
"Fulton County, Georgia",13121,91490,235
"Currituck County, North Carolina",37053,91548,234
"Denver County, Colorado",8031,91681,233
"Winkler County, Texas",48495,91898,232
"Leelanau County, Michigan",26089,91943,231
"Fluvanna County, Virginia",51065,91959,230
"Calhoun County, Illinois",17013,92095,229
"Ascension Parish, Louisiana",22005,92266,228
"Wilson County, Texas",48493,92461,227
"Medina County, Ohio",39103,92660,226
"Suffolk County, Massachusetts",25025,92859,225
"Dodge County, Minnesota",27039,92943,224
"Cumberland County, Maine",23005,92983,223
"Warren County, Iowa",19181,92990,222
"Grundy County, Illinois",17063,93060,221
"Weld County, Colorado",8123,93287,220
"San Luis Obispo County, California",6079,93398,219
"Olmsted County, Minnesota",27109,93494,218
"Shelby County, Alabama",1117,93543,217
"Worcester County, Massachusetts",25027,93561,216
"Kauai County, Hawaii",15007,93612,215
"Lake County, Colorado",8065,93655,214
"Guadalupe County, Texas",48187,93776,213
"Merrimack County, New Hampshire",33013,93944,212
"Midland County, Texas",48329,93984,211
"Thurston County, Washington",53067,93985,210
"Wilson County, Tennessee",47189,94048,209
"Coweta County, Georgia",13077,94142,208
"Orange County, Virginia",51137,94175,207
"Chesapeake City, Virginia",51550,94189,206
"Bryan County, Georgia",13029,94234,205
"Chittenden County, Vermont",50007,94310,204
"Barnstable County, Massachusetts",25001,94452,203
"Monterey County, California",6053,94486,202
"Paulding County, Georgia",13223,94557,201
"Salt Lake County, Utah",49035,94658,200
"Dunn County, North Dakota",38025,94688,199
"Boone County, Kentucky",21015,94752,198
"Clark County, Washington",53011,94948,197
"Warrick County, Indiana",18173,95027,196
"Maui County, Hawaii",15009,95076,195
"Brazoria County, Texas",48039,95155,194
"Campbell County, Wyoming",56005,95253,193
"Oakland County, Michigan",26125,95296,192
"Litchfield County, Connecticut",9005,95323,191
"Park County, Colorado",8093,95450,190
"Jefferson County, West Virginia",54037,95523,189
"Frederick County, Virginia",51069,95603,188
"Platte County, Missouri",29165,95748,187
"Washington County, Wisconsin",55131,95851,186
"Ellis County, Texas",48139,95898,185
"Santa Barbara County, California",6083,95977,184
"Storey County, Nevada",32029,96000,183
"Culpeper County, Virginia",51047,96098,182
"Isle of Wight County, Virginia",51093,96118,181
"Columbia County, Georgia",13073,96122,180
"Mercer County, New Jersey",34021,96333,179
"Burke County, North Dakota",38013,96339,177
"Hennepin County, Minnesota",27053,96339,177
"Orange County, New York",36071,96497,176
"Lincoln County, South Dakota",46083,96552,175
"Pierce County, Washington",53053,96632,174
"Clear Creek County, Colorado",8019,96667,173
"Ozaukee County, Wisconsin",55089,96734,172
"Utah County, Utah",49049,96877,171
"Travis County, Texas",48453,97169,170
"Arapahoe County, Colorado",8005,97215,169
"Montgomery County, Texas",48339,97266,168
"Dutchess County, New York",36027,97273,167
"Middlesex County, Connecticut",9007,97859,166
"Rappahannock County, Virginia",51157,98125,165
"Anchorage Borough, Alaska",2020,98152,164
"Chisago County, Minnesota",27025,98260,163
"Richmond County, New York",36085,98290,162
"Spencer County, Kentucky",21215,98333,161
"Kitsap County, Washington",53035,98546,160
"Cobb County, Georgia",13067,98712,159
"Anoka County, Minnesota",27003,98764,158
"Chesterfield County, Virginia",51041,98910,157
"Comal County, Texas",48091,99015,156
"Union County, North Carolina",37179,99243,155
"Essex County, Massachusetts",25009,99431,154
"Warren County, New Jersey",34041,99596,153
"Saratoga County, New York",36091,99653,152
"Hendricks County, Indiana",18063,99988,151
"Solano County, California",6095,99994,150
"Union County, New Jersey",34039,100117,149
"Pitkin County, Colorado",8097,100318,148
"Clackamas County, Oregon",41005,100360,147
"Hillsborough County, New Hampshire",33011,100436,146
"Juneau Borough, Alaska",2110,100513,145
"Bristol Bay Borough, Alaska",2060,100625,144
"Manassas Park City, Virginia",51685,100668,143
"Kane County, Illinois",17089,100678,142
"Prince Georges County, Maryland",24033,100708,141
"Geauga County, Ohio",39055,100783,140
"Newport County, Rhode Island",44005,100859,139
"Sitka Borough, Alaska",2220,101207,138
"Livingston County, Michigan",26093,101315,137
"Sarpy County, Nebraska",31153,101402,136
"Monroe County, Illinois",17133,101635,135
"Wake County, North Carolina",37183,101763,134
"Tooele County, Utah",49045,101846,133
"Parker County, Texas",48367,102099,132
"San Diego County, California",6073,102285,131
"Dukes County, Massachusetts",25007,102348,130
"Dallas County, Iowa",19049,102349,129
"Washington County, Rhode Island",44009,102478,128
"St. Croix County, Wisconsin",55109,102482,127
"Albemarle County, Virginia",51003,102617,126
"Boulder County, Colorado",8013,102772,125
"Gloucester County, New Jersey",34015,102807,124
"McHenry County, Illinois",17111,102836,123
"Sonoma County, California",6097,102840,122
"St. Charles County, Missouri",29183,102912,121
"Sherburne County, Minnesota",27141,102965,120
"Eagle County, Colorado",8037,103174,119
"Tolland County, Connecticut",9013,103443,118
"Waukesha County, Wisconsin",55133,104100,117
"Honolulu County, Hawaii",15003,104264,116
"Washington County, Oregon",41067,104434,115
"New York County, New York",36061,104553,114
"Routt County, Colorado",8107,104803,113
"Boone County, Indiana",18011,104865,112
"Dakota County, Minnesota",27037,105212,111
"Burlington County, New Jersey",34005,105271,110
"Cherokee County, Georgia",13057,105442,109
"St. Johns County, Florida",12109,106169,108
"El Dorado County, California",6017,106190,107
"Summit County, Colorado",8117,106255,106
District of Columbia,11001,106287,105
"Wright County, Minnesota",27171,106666,104
"Glasscock County, Texas",48173,106806,103
"James City County, Virginia",51095,107046,102
"Johnson County, Kansas",20091,107261,101
"Ventura County, California",6111,107327,100
"Aleutians West Census Area, Alaska",2016,107344,99
"Will County, Illinois",17197,107799,98
"Jefferson County, Colorado",8059,107800,97
"Warren County, Ohio",39165,107843,96
"Snohomish County, Washington",53061,107982,95
"Davis County, Utah",49011,108058,94
"Chambers County, Texas",48071,108114,93
"Denton County, Texas",48121,108185,92
"San Benito County, California",6069,108289,91
"Williamson County, Texas",48491,108309,90
"York County, Virginia",51199,108326,89
"Lake County, Illinois",17097,108917,88
"Napa County, California",6055,108970,87
"Fayette County, Georgia",13113,108986,86
"Middlesex County, New Jersey",34023,109028,85
"Santa Cruz County, California",6087,109266,84
"Hanover County, Virginia",51085,109504,83
"Union County, Ohio",39159,109506,82
"Spotsylvania County, Virginia",51177,109576,81
"Plymouth County, Massachusetts",25023,109698,80
"Kendall County, Illinois",17093,110474,79
"Kendall County, Texas",48259,110498,78
"DuPage County, Illinois",17043,110502,77
"King George County, Virginia",51099,110517,76
"Rockland County, New York",36087,110631,75
"Powhatan County, Virginia",51145,110667,74
"Alpine County, California",6003,110781,73
"Bristol County, Rhode Island",44001,110926,72
"Harford County, Maryland",24025,111317,71
"Montgomery County, Pennsylvania",42091,111521,70
"Bucks County, Pennsylvania",42017,111951,69
"Teton County, Wyoming",56039,112681,68
"Queen Annes County, Maryland",24035,113347,67
"Fort Bend County, Texas",48157,113409,66
"Alexandria City, Virginia",51510,113638,65
"Orange County, California",6059,113702,64
"Rockingham County, New Hampshire",33015,113927,63
"Clarke County, Virginia",51043,114185,62
"Sussex County, New Jersey",34037,114316,61
"Washington County, Minnesota",27163,114457,60
"Fairfield County, Connecticut",9001,114462,59
"St. Marys County, Maryland",24037,114580,58
"Placer County, California",6061,114678,57
"Wasatch County, Utah",49051,115146,56
"Carroll County, Maryland",24013,115876,55
"Oconee County, Georgia",13219,115925,54
"Collin County, Texas",48085,117588,53
"Manassas City, Virginia",51683,117919,52
"Hamilton County, Indiana",18057,117957,51
"Westchester County, New York",36119,118411,50
"Goochland County, Virginia",51075,118695,49
"Nantucket County, Massachusetts",25019,119750,48
"New Kent County, Virginia",51127,120125,47
"Scott County, Minnesota",27139,120247,46
"Anne Arundel County, Maryland",24003,120324,45
"Frederick County, Maryland",24021,120458,44
"Charles County, Maryland",24017,120592,43
"Poquoson City, Virginia",51735,120919,42
"Broomfield County, Colorado",8014,121025,41
"Oldham County, Kentucky",21185,121491,40
"King County, Washington",53033,122148,39
"Monmouth County, New Jersey",34025,122727,38
"Chester County, Pennsylvania",42029,123041,37
"Carver County, Minnesota",27019,123144,36
"Bergen County, New Jersey",34003,123715,35
"Rockwall County, Texas",48397,124917,34
"Contra Costa County, California",6013,125727,33
"Morgan County, Utah",49029,126092,32
"Alameda County, California",6001,126240,31
"Norfolk County, Massachusetts",25021,126497,30
"Middlesex County, Massachusetts",25017,126779,29
"Putnam County, New York",36079,127405,28
"Suffolk County, New York",36103,128329,27
"Montgomery County, Maryland",24031,128733,26
"Prince William County, Virginia",51153,128873,25
"Elbert County, Colorado",8039,129477,24
"Fauquier County, Virginia",51061,129495,23
"Delaware County, Ohio",39041,130088,22
"Williamson County, Tennessee",47187,131202,21
"Calvert County, Maryland",24009,132059,20
"Fairfax City, Virginia",51600,132774,19
"Stafford County, Virginia",51179,133792,18
"Morris County, New Jersey",34027,134929,17
"Somerset County, New Jersey",34035,135960,16
"Summit County, Utah",49043,137058,15
"Forsyth County, Georgia",13117,138000,14
"Hunterdon County, New Jersey",34019,139453,13
"Arlington County, Virginia",51013,140160,12
"San Francisco County, California",6075,141446,11
"Marin County, California",6041,142785,10
"Los Alamos County, New Mexico",35028,143188,9
"Nassau County, New York",36059,143408,8
"Douglas County, Colorado",8035,145737,7
"Howard County, Maryland",24027,146982,6
"Fairfax County, Virginia",51059,150113,5
"Falls Church City, Virginia",51610,154734,4
"San Mateo County, California",6081,156000,3
"Santa Clara County, California",6085,159674,2
"Loudoun County, Virginia",51107,178707,1
"Esmeralda County, Nevada",32009,NA,N/A
"Kenedy County, Texas",48261,NA,N/A
,,,
Suggested Citation:,,,
HDPulse: An Ecosystem of Minority Health and Health Disparities Resources. National Institute on Minority Health and Health Disparities. Created 3/6/2026. Available from https://hdpulse.nimhd.nih.gov,,,
,,,
Notes:,,,
"NA: Data not available [http://hdpulse.nimhd.nih.gov/data/datanotavailable.html] for this combination of geography, cancer site, age, and race/ethnicity.",,,
Source: Demographic data provided by the Census Bureau (http://www.census.gov/) & the American Community Survey (http://www.census.gov/acs/www/).,,,
"For more information about Income (Median household income), see the dictionary at http://hdpulse.nimhd.nih.gov/dictionary.php#income.",,,
"Median Incomes over 250,000 have been coded to 250,001 by the Census Bureau. [ http://www2.census.gov/acs2012_5yr/summaryfile/ACS_2008-2012_SF_Tech_Doc.pdf ]",,,
,,,
"Note: This website still uses Connecticut counties instead of planning regions for consistency of geographies across data topics. If/when all data sources have new planning regions, then this website will switch to using them. For median income variables, block group data is weighted and summarized to the counties.",,,
