STNAME,CTYNAME,2000,2001,2002,2003,2004,2005,2006,2007,2008,2009,2010,2011,2012,2013,2014,2015,2016,2017,2018,2019,2020,2021,2022,2023
Alabama,Alabama,4452173,4467634,4480089,4503491,4530729,4569805,4628981,4672840,4718206,4757938,4785298,4799642,4816632,4831586,4843737,4854803,4866824,4877989,4891628,4907965,4921532,5049196,5076181,5117673
Alabama,Autauga County,44021,44889,45909,46800,48366,49676,51328,52405,53277,54135,54632,55229,54970,54747,54922,54903,55302,55448,55533,55769,56145,59191,59736,60436
Alabama,Baldwin County,141342,144875,147957,151509,156266,162183,168121,172404,175827,179406,183195,186579,190203,194978,199306,203101,207787,212737,218071,223565,229287,239411,246577,254107
Alabama,Barbour County,29015,28863,28653,28594,28287,28027,27861,27757,27808,27657,27411,27344,27172,26946,26768,26300,25828,25169,24887,24657,24589,24517,24722,24644
Alabama,Bibb County,19913,21028,21199,21399,21721,22042,22099,22438,22705,22941,22867,22736,22657,22510,22541,22553,22590,22532,22300,22313,22136,22344,21983,21890
Alabama,Blount County,51107,51845,52551,53457,54124,54624,55485,56240,57055,57341,57338,57561,57585,57630,57536,57535,57487,57801,57770,57840,57879,59050,59491,59777
Alabama,Bullock County,11581,11358,11256,11316,11056,11011,10776,11011,10953,10987,10890,10680,10610,10557,10668,10404,10397,10181,10165,10144,9976,10126,10126,9908
Alabama,Butler County,21325,21139,20803,20833,20870,20830,20815,20894,20949,20867,20951,20867,20672,20359,20332,20168,20040,19911,19675,19501,19504,18856,18652,18357
Alabama,Calhoun County,111081,111266,111625,112705,113462,114477,115388,116211,117274,118363,118510,117767,117227,116528,115991,115550,115036,114746,114298,114070,113469,115633,115744,116403
Alabama,Chambers County,36571,36274,35965,35680,35463,35279,34945,34847,34563,34384,34157,34016,34088,34125,33964,33991,33742,33716,33570,33244,32865,34396,34093,34087
Alabama,Cherokee County,24006,24182,24403,24591,24887,25031,25466,25553,25636,25854,25991,25993,25961,26022,25900,25739,25769,25822,26035,26254,26294,25060,25334,25700
Alabama,Chilton County,39897,40197,40683,41079,41534,41946,42318,42881,43239,43484,43682,43682,43572,43617,43751,43693,43854,44085,44084,44313,44397,45255,45856,46525
Alabama,Choctaw County,15875,15677,15367,15199,14930,14545,14431,14216,14114,13976,13820,13608,13565,13401,13322,13237,13049,12923,12810,12577,12418,12544,12420,12263
Alabama,Clarke County,27819,27624,27267,27090,26958,26764,26755,26436,26283,26038,25763,25589,25161,25131,24873,24711,24342,24083,23965,23651,23291,22735,22545,22305
Alabama,Clay County,14263,14298,14257,14203,14121,14077,14053,14085,14161,14006,13897,13687,13433,13406,13443,13415,13393,13355,13301,13265,13112,14156,14198,14157
Alabama,Cleburne County,14172,14222,14416,14438,14339,14368,14538,14799,14874,14918,14988,14928,14889,14974,15029,14923,14871,14924,15047,14952,14967,15151,15353,15658
Alabama,Coffee County,43580,43716,43930,44315,45053,45604,46228,47458,48516,49440,50104,50449,51159,50709,50693,51004,51281,51943,52097,52639,53230,54201,54769,55707
Alabama,Colbert County,54997,54793,54536,54279,54380,54359,54413,54486,54473,54426,54433,54545,54578,54544,54484,54439,54483,54682,54970,55241,55411,57615,58023,58382
Alabama,Conecuh County,14035,13940,13793,13585,13430,13421,13603,13441,13388,13274,13202,13194,13043,12908,12674,12677,12495,12431,12264,12055,11851,11317,11220,11177
Alabama,Coosa County,11844,11848,11740,11732,11560,11467,11451,11439,11493,11410,11556,11483,11343,11252,11037,10935,10812,10724,10619,10677,10650,10321,10283,10267
Alabama,Covington County,37514,37069,36901,36860,36806,37204,37441,37631,37545,37648,37776,38023,37809,37820,37766,37566,37400,37077,36993,37082,36930,37512,37508,37861
Alabama,Crenshaw County,13692,13724,13635,13652,13727,13699,13880,13956,13922,14024,13857,13894,13914,13847,13851,13851,13911,13871,13855,13811,13681,13062,13096,13168
Alabama,Cullman County,77473,77415,77443,77657,78131,78692,79044,79576,80273,80351,80459,80419,80292,80704,81081,81771,82434,82830,83300,83644,84515,89578,90597,91909
Alabama,Dale County,49124,49254,49373,49215,49245,49050,49077,49488,49871,49854,50358,50134,50313,49807,49465,49428,49476,49467,49268,49294,48959,49344,49472,49852
Alabama,Dallas County,46198,46132,45377,45170,44795,44434,44323,44194,44265,43759,43790,43254,42794,41981,41560,40947,40105,39263,38270,37182,36098,37496,36772,36294
Alabama,DeKalb County,64650,65678,65861,66530,67260,67794,68495,69450,70228,70864,71151,71335,70913,70881,70963,71065,71116,71441,71430,71506,71658,71880,72046,72626
Alabama,Elmore County,66160,67459,68659,69935,71018,72978,75246,77124,77698,78632,79549,80005,80211,80557,80563,80903,81258,81452,81189,81575,82158,88734,89566,90416
Alabama,Escambia County,38325,38197,38035,37796,37713,37601,37673,37839,37929,38249,38292,38211,38029,37775,37749,37676,37500,37010,36515,36569,36281,36628,36620,36582
Alabama,Etowah County,103286,102976,102988,103025,103080,103174,103528,103893,104206,104239,104462,104356,104271,103891,103417,103033,102931,103076,102766,102460,102371,102887,102821,103174
Alabama,Fayette County,18512,18384,18278,18178,18022,18030,17767,17523,17541,17310,17219,17061,16955,16837,16784,16711,16581,16478,16451,16279,16241,16119,16041,15913
Alabama,Franklin County,31242,31190,30891,30874,30768,30968,31134,31004,31459,31589,31729,31776,31699,31566,31572,31532,31674,31670,31495,31587,31507,31991,31947,31941
Alabama,Geneva County,25740,25565,25580,25702,25772,25988,26271,26322,26646,26653,26815,26758,26928,26688,26605,26645,26497,26404,26296,26309,26411,26632,26787,27052
Alabama,Greene County,9902,9866,9893,9805,9686,9675,9361,9385,9359,9182,8987,8903,8849,8749,8585,8509,8485,8312,8212,8104,7990,7583,7412,7299
Alabama,Hale County,18194,17868,17376,17116,16765,16622,16427,16418,16260,16025,15708,15360,15366,15249,15047,15016,14845,14812,14773,14669,14670,14715,14613,14931
Alabama,Henry County,16341,16358,16447,16563,16692,16752,16953,17108,17129,17243,17307,17377,17152,17128,17074,17097,17062,17105,17100,17125,17223,17412,17638,17872
Alabama,Houston County,88943,89490,89940,91321,92593,93903,95846,97727,99183,100500,101888,102509,103410,103691,104216,104326,104355,104472,104943,106240,106580,107412,108063,108556
Alabama,Jackson County,53979,53997,53758,53711,53525,53332,53483,53333,53525,53461,53128,53240,53107,52986,52592,52229,52058,51865,51649,51672,51582,52688,52842,53423
Alabama,Jefferson County,662033,660197,657518,657513,656023,654919,655893,655163,656510,658441,658555,658175,658183,659434,660185,660717,660507,659892,659672,658539,655342,669677,665543,664084
Alabama,Lamar County,15923,15632,15446,15258,15075,15009,14816,14901,14799,14689,14508,14292,14250,14214,14071,13931,13926,13885,13878,13817,13764,13725,13628,13616
Alabama,Lauderdale County,88039,87791,87627,88103,88732,89358,90294,91107,92202,92526,92679,92615,92687,92738,93049,92524,92521,92701,92733,93028,93368,94846,95903,96867
Alabama,Lawrence County,34874,34870,34698,34488,34318,34435,34028,34293,34196,34315,34342,34026,33782,33553,33423,33116,33196,33035,32905,32851,32857,33052,33182,33505
Alabama,Lee County,115430,116819,118392,120071,122274,126133,129247,131934,134524,138566,140780,144194,148670,151943,154682,157162,159446,161808,164206,165015,166831,177652,181044,184271
Alabama,Limestone County,65966,66936,67677,68578,69593,71303,73651,76063,78835,81326,83193,85553,87336,88931,90622,91596,92896,94144,96199,99136,102228,107285,110926,114803
Alabama,Lowndes County,13471,13329,13231,12996,12623,12397,12124,11973,11813,11486,11259,11144,10857,10666,10497,10350,10245,10100,9969,9726,9641,9936,9778,9682
Alabama,Macon County,24047,23925,23563,23110,22685,22388,22227,21942,21597,21190,21540,21299,20625,20043,19670,19331,19077,18828,18320,18065,17895,18917,18561,18347
Alabama,Madison County,278006,281517,286439,291342,295655,301474,309170,315859,323526,330856,335988,339623,342823,346764,349973,353194,356985,362061,367386,372547,379453,396663,404155,413891
Alabama,Marengo County,22564,22203,22217,22025,21777,21569,21531,21475,21331,21170,20975,20663,20378,20123,19990,19772,19536,19411,19093,18919,18733,18978,18790,18705
Alabama,Marion County,31137,30777,30608,30554,30516,30494,30779,30849,30918,30646,30770,30661,30495,30236,30215,30137,29958,29825,29776,29826,29703,28972,29171,29279
Alabama,Marshall County,82429,82477,83417,84348,85131,86516,88209,89605,91072,92213,93235,93899,94264,94358,94262,94588,95123,95589,96230,96751,96990,98268,99570,101041
Alabama,Mobile County,400073,400129,398549,398082,397959,398942,402916,405715,409196,411994,413277,413126,413893,414025,414298,414654,415169,414209,414275,413516,412716,413164,411291,411745
Alabama,Monroe County,24319,24120,24022,23853,23769,23683,23602,23437,23393,23218,22994,22799,22582,22174,21927,21720,21553,21294,21035,20689,20459,19530,19403,19244
Alabama,Montgomery County,223428,223048,223185,222680,223002,223608,227291,227888,227461,227607,229844,229218,228923,228261,227647,227420,227398,227514,226631,226074,224639,226811,226554,225966
Alabama,Morgan County,111221,111682,111766,112898,113006,113964,115491,116397,117694,118954,119626,120058,120148,119625,119496,119316,119090,118940,119216,119630,119883,123270,124218,125455
Alabama,Perry County,11809,11645,11549,11301,11153,10881,10677,10774,10722,10690,10556,10452,10166,10005,9809,9650,9538,9304,9049,8940,8687,8314,7893,7772
Alabama,Pickens County,20881,20873,20835,20527,20380,20192,20128,19989,19951,19814,19705,19357,19314,19309,20283,20788,20337,20224,19949,19940,19793,18615,18780,18741
Alabama,Pike County,29748,29844,29695,30050,30593,30772,31309,31761,32149,32560,32957,33031,33225,33728,33217,33518,33540,33441,33390,33034,32966,32748,32998,33163
Alabama,Randolph County,22377,22465,22464,22359,22525,22658,22695,22662,22946,22864,22916,22751,22541,22558,22362,22603,22515,22702,22742,22781,22920,22157,22442,22789
Alabama,Russell County,49805,49622,49489,49065,49498,49731,50459,51074,51434,52162,53188,54884,57549,59219,59310,58946,58290,57134,57933,58098,58237,58651,58522,58792
Alabama,St. Clair County,65080,66093,67274,68629,70416,72596,75948,79348,81223,83009,83761,83992,84779,85831,86014,86569,87342,87985,88842,89735,90739,92850,93879,95487
Alabama,Shelby County,144674,149358,153976,159704,165757,171691,178841,183491,188534,192708,195828,197968,200949,204088,206346,209047,211538,213854,215877,218176,221428,227436,230140,233593
Alabama,Sumter County,14746,14630,14376,14329,14324,14143,14059,13926,13882,13746,13744,13491,13444,13398,13276,13212,12973,12756,12661,12358,12225,11960,11894,11737
Alabama,Talladega County,80772,80939,81095,80900,81139,81546,81991,82226,82735,82674,82110,81875,82170,81604,81550,81168,80598,80192,80219,80226,79985,80556,80674,81083
Alabama,Tallapoosa County,41689,41406,41044,40898,40904,40857,41243,41414,41668,41831,41516,41414,41060,41039,40898,40628,40607,40624,40550,40337,40133,41084,40910,40709
Alabama,Tuscaloosa County,165414,166951,168154,169725,171960,175731,181383,184350,188093,192792,195036,196788,198884,201192,203228,204953,206737,207849,208607,210321,210758,236699,237995,239204
Alabama,Walker County,70602,70364,69765,69105,68629,68500,68234,67695,67835,67347,66947,66586,66110,65790,65354,64950,64559,63929,63701,63680,63143,64552,64408,64845
Alabama,Washington County,18101,17933,17895,17910,17801,17690,17705,17491,17496,17493,17597,17356,17147,16898,16868,16831,16607,16484,16336,16279,15976,15226,15098,15040
Alabama,Wilcox County,12939,12806,12778,12600,12493,12369,12221,12208,12148,11870,11615,11438,11304,11148,10950,10900,10860,10704,10592,10396,10206,10411,10124,9925
Alabama,Winston County,24857,24597,24600,24576,24614,24629,24796,24858,24696,24691,24395,24362,24194,24190,24141,23929,23911,23753,23690,23700,23508,23639,23741,23673
Alaska,Alaska,627963,633714,642337,648414,659286,666946,675302,680300,687455,698895,713985,722349,730810,737626,737075,738430,742575,740983,736624,733603,731158,734420,734442,736510
Alaska,Aleutians East Borough,2693,2590,2734,2732,2727,2787,2794,3012,2991,3084,3155,3260,3297,3346,3347,3373,3354,3445,3391,3355,3401,3416,3453,3529
Alaska,Aleutians West Census Area,5470,5501,5472,5709,5798,5913,5658,5466,5393,5537,5558,5585,5681,5779,5825,5782,5718,5760,5678,5702,5680,5156,5115,5257
Alaska,Anchorage Municipality,260816,264274,268229,270568,274484,276494,280085,278792,281554,287677,293227,296693,298806,301801,300647,298337,298072,295118,291377,288790,287095,288921,287520,287932
Alaska,Bethel Census Area,16080,16171,16414,16517,16603,16728,16755,16723,16762,16860,17090,17418,17655,17855,17960,17970,18018,18102,18267,18493,18437,18589,18272,18199
Alaska,Bristol Bay Borough,1232,1196,1166,1140,1144,1171,1111,1076,1040,976,1001,1029,980,952,949,906,906,869,881,840,788,842,877,859
Alaska,Denali Borough,1890,1850,1862,1825,1877,1834,1837,1803,1803,1817,1835,1878,1915,1948,1922,1940,2068,2103,2047,2125,2081,1595,1583,1595
Alaska,Dillingham Census Area,4916,4840,4900,4828,4850,4841,4833,4832,4769,4776,4877,4947,4948,4976,4981,4987,4968,4934,5003,4932,4833,4794,4716,4626
Alaska,Fairbanks North Star Borough,83005,84814,86095,86885,89043,90431,90545,93545,94552,95238,98314,98151,100388,101046,99404,99812,100877,99911,98749,97088,95651,95553,95749,95700
Alaska,Haines Borough,2399,2334,2325,2337,2281,2280,2300,2379,2404,2486,2512,2575,2580,2561,2558,2519,2531,2526,2502,2561,2614,2075,2079,2088
Alaska,Hoonah-Angoon Census Area,2562,2538,2479,2378,2331,2316,2271,2242,2225,2144,2151,2079,2107,2109,2091,2126,2115,2135,2139,2144,2141,2328,2282,2278
Alaska,Juneau City and Borough,30668,30502,30712,30993,31103,31003,30808,30682,31110,30857,31416,32165,32391,32605,32501,32644,32456,32106,32044,32038,31849,31972,31742,31483
Alaska,Kenai Peninsula Borough,49618,49986,50804,50963,51404,51590,52253,53272,53655,54796,55610,56311,56920,57039,57594,58075,58515,58594,58609,58914,59414,59947,60631,61285
Alaska,Ketchikan Gateway Borough,14000,13796,13599,13335,13244,13305,13492,13341,13326,13294,13529,13688,13743,13748,13826,13737,13760,13874,13881,13905,13747,13823,13719,13708
Alaska,Kodiak Island Borough,13983,13748,13651,13239,13206,13105,13184,13159,13262,13505,13633,13807,14037,14091,13899,13760,13722,13605,13389,13209,12992,12844,12655,12659
Alaska,Lake and Peninsula Borough,1814,1715,1621,1626,1644,1639,1624,1629,1606,1612,1633,1652,1651,1670,1648,1597,1595,1606,1586,1583,1493,1421,1375,1337
Alaska,Matanuska-Susitna Borough,59802,61807,64353,67162,70761,74409,78633,81402,84079,86885,89737,91741,93718,95940,98185,101162,104258,106426,107325,108578,110213,111003,113505,115296
Alaska,Nome Census Area,9152,9167,9161,9210,9351,9338,9235,9246,9231,9313,9552,9775,9825,9851,9812,9901,9983,10038,10073,10040,9909,9882,9804,9790
Alaska,North Slope Borough,7420,7530,7728,7968,8046,8190,8315,8519,8841,9105,9480,9145,9287,9383,9370,9382,9292,9401,9455,9433,9294,10969,10789,10621
Alaska,Northwest Arctic Borough,7226,7251,7252,7310,7397,7416,7467,7440,7466,7467,7543,7711,7715,7735,7785,7787,7709,7805,7715,7673,7644,7588,7401,7286
Alaska,Petersburg Census Area,4249,4198,4112,4022,4059,3959,3886,3898,3817,3775,3828,NA,NA,NA,NA,NA,NA,NA,NA,NA,NA,NA,NA,NA
Alaska,Prince of Wales-Hyder Census Area,6098,5887,5675,5650,5614,5534,5574,5457,5448,5465,5592,6375,6421,6443,6461,6508,6521,6441,6372,6211,6147,5723,5655,5708
Alaska,Sitka City and Borough,8845,8727,8874,8881,8890,8994,9046,8851,8835,8844,8892,8888,9022,8980,8845,8789,8744,8640,8555,8501,8405,8382,8370,8304
Alaska,Skagway Municipality,868,868,865,895,934,949,946,955,967,975,965,961,998,1025,1054,1090,1132,1173,1172,1193,1179,1149,1096,1101
Alaska,Southeast Fairbanks Census Area,6177,5705,5672,5772,6022,6530,6817,6945,6904,6955,7054,7155,7180,6996,6937,6827,6853,6918,6946,6879,6957,7015,7039,7148
Alaska,Valdez-Cordova Census Area,10210,10114,10061,9996,9990,9914,9828,9572,9458,9492,9680,NA,NA,NA,NA,NA,NA,NA,NA,NA,NA,NA,NA,NA
Alaska,Wade Hampton Census Area,7033,7051,7103,7201,7330,7313,7292,7372,7392,7469,7464,NA,NA,NA,NA,NA,NA,NA,NA,NA,NA,NA,NA,NA
Alaska,Wrangell City and Borough,2452,2426,2382,2347,2288,2298,2309,2322,2353,2331,2375,2397,2424,2450,2441,2452,2493,2516,2521,2513,2510,2103,2071,2072
Alaska,Yakutat City and Borough,796,764,702,673,647,665,642,656,627,665,660,657,665,652,655,637,615,610,600,576,637,710,685,686
Alaska,Yukon-Koyukuk Census Area,6489,6364,6334,6252,6218,6000,5762,5712,5585,5495,5622,5625,5616,5554,5456,5461,5418,5400,5375,5254,5077,5272,5165,5136
Arizona,Arizona,5160586,5273477,5396255,5510364,5652404,5839077,6029141,6167681,6280362,6343154,6413737,6473416,6556344,6634690,6732873,6832810,6944767,7048088,7164228,7291843,7421401,7274078,7377566,7473027
Arizona,Apache County,69507,67863,67319,68072,68161,68521,69390,69602,69883,71008,71676,72181,72231,72333,71808,71026,71418,71538,71819,71920,71875,65396,65470,65121
Arizona,Cochise County,118132,118798,119847,120638,123234,125786,127241,128206,129023,130081,131789,133124,132085,129664,127437,126594,125885,125048,126581,127248,127450,126147,125497,124881
Arizona,Coconino County,116773,118283,121308,122882,125117,127025,128695,130442,131853,133477,134651,134309,136204,136788,137675,139100,140609,141300,142914,143967,142481,142927,144326,144934
Arizona,Gila County,51332,51274,51478,51337,51423,51655,52541,53252,53437,53561,53569,53445,53009,53026,53074,53020,53400,53619,53833,54077,54303,53559,53927,54060
Arizona,Graham County,33511,33356,33224,32985,32703,32964,33701,35175,36639,37525,37110,37129,37027,37456,38123,37888,37859,37530,38032,38890,39211,38923,38802,39561
Arizona,Greenlee County,8547,8349,7831,7567,7549,7595,7838,8205,8561,8635,8353,8587,8764,8918,9356,9587,9642,9451,9424,9467,9341,9401,9321,9383
Arizona,La Paz County,19611,19580,19464,19722,19979,20379,20573,20647,20555,20514,20458,20606,20524,20526,20521,20476,20670,20737,21030,21257,21480,16390,16555,16812
Arizona,Maricopa County,3092197,3175989,3255388,3328468,3417860,3538988,3642884,3711954,3771061,3803779,3827371,3875371,3948165,4018657,4094842,4174423,4258019,4329227,4405306,4492261,4579081,4500147,4564457,4615625
Arizona,Mohave County,156215,160312,166155,172633,180521,188773,196168,199760,200078,199696,200181,202888,203484,203322,203670,204890,205899,207668,210371,213846,217206,217186,220947,223801
Arizona,Navajo County,97689,97849,100123,101529,102774,104184,105624,106927,107626,107571,107551,107560,107334,107164,107741,107695,108569,109145,110490,111037,112112,107736,108771,109281
Arizona,Pima County,848019,859280,874267,885893,901342,920298,940930,955869,967778,975580,982154,988500,993231,997374,1004521,1009490,1017083,1027115,1037746,1049261,1061175,1049083,1059412,1068579
Arizona,Pinal County,181280,187747,197082,207920,219472,235708,271328,306174,335311,349830,383842,378114,382371,385574,395563,405922,417312,431490,446524,461640,480828,449086,465476,486395
Arizona,Santa Cruz County,38589,39288,40009,40625,41623,42961,44298,45338,46144,47011,47462,47640,47330,46902,46596,46493,46412,46578,46446,46728,46808,47962,48801,49647
Arizona,Yavapai County,168608,172636,177362,182090,187822,195424,204082,208773,211211,211172,211061,211081,212065,214539,217882,221019,224828,228398,232467,236062,240226,242392,246266,249499
Arizona,Yuma County,160576,162873,165398,168003,172824,178816,183848,187357,191202,193714,196509,202881,202520,202447,204064,205187,207162,209244,211245,214182,217824,207743,209538,215448
Arkansas,Arkansas,2678588,2691571,2705927,2724816,2749686,2781097,2821761,2848650,2874554,2896843,2921606,2941038,2952876,2960459,2968759,2979732,2991815,3003855,3012161,3020985,3030522,3026870,3047704,3069463
Arkansas,Arkansas County,20776,20593,20351,19981,19967,19954,19785,19434,19275,19134,18978,18915,19007,18797,18524,18376,18204,17925,17779,17515,17383,16668,16458,16295
Arkansas,Ashley County,24179,23824,23745,23469,23156,22770,22501,22229,22148,21920,21832,21678,21523,21289,20974,20856,20544,20333,20041,19742,19339,18647,18318,18232
Arkansas,Baxter County,38446,38331,38506,38772,39334,39992,40867,41491,41519,41561,41503,41354,41091,41000,40903,41156,41159,41319,41665,41978,42242,42174,42378,42781
Arkansas,Benton County,154744,159258,164926,171742,179010,186756,195569,203664,210807,216620,222894,229208,235010,239559,244962,251759,259497,266882,272560,279835,288774,294168,303558,312248
Arkansas,Boone County,34051,34258,34448,34554,34900,35492,36056,36759,36974,36844,36918,37093,37348,37353,37150,37165,37307,37531,37545,37616,37625,37890,38254,38516
Arkansas,Bradley County,12597,12427,12340,12263,12107,12012,11778,11737,11643,11538,11496,11432,11262,11120,11006,10999,10961,10813,10818,10792,10639,10337,10167,10109
Arkansas,Calhoun County,5709,5599,5655,5646,5591,5675,5693,5659,5528,5421,5342,5241,5276,5190,5165,5197,5147,5196,5206,5137,5113,4729,4703,4664
Arkansas,Carroll County,25369,25559,25796,26033,26052,26435,26615,26699,26822,27158,27562,27478,27643,27815,27763,27777,27730,27901,28049,28352,28276,28514,28667,28738
Arkansas,Chicot County,14062,13758,13382,13173,12879,12729,12516,12313,12050,11851,11782,11706,11503,11370,11223,10987,10929,10655,10466,10189,9924,10051,9836,9507
Arkansas,Clark County,23474,23516,23334,23032,22904,22800,22924,23139,23272,23100,22979,22937,22768,22600,22578,22536,22643,22234,22358,22365,22103,21248,21136,20918
Arkansas,Clay County,17537,17307,17083,16951,16827,16790,16679,16464,16209,16056,16077,15876,15710,15482,15298,15206,15059,14859,14763,14494,14375,14334,14229,14191
Arkansas,Cleburne County,24100,24204,24375,24711,25018,25274,25430,25545,25623,25870,25991,25888,25776,25645,25616,25384,25171,25085,25105,25019,24935,25020,25272,25476
Arkansas,Cleveland County,8536,8637,8634,8694,8744,8859,8829,8896,8775,8649,8695,8673,8610,8517,8404,8290,8253,8177,7991,7937,7957,7489,7471,7386
Arkansas,Columbia County,25599,25424,25362,25106,25154,25025,25133,24847,24666,24622,24511,24707,24408,24282,24051,24118,24015,23675,23582,23496,23331,22470,22316,22193
Arkansas,Conway County,20312,20362,20366,20461,20519,20683,20753,20992,21025,21257,21266,21127,21141,21091,20999,20939,20877,20821,20836,20905,21037,20905,21091,21118
Arkansas,Craighead County,82519,83276,83978,85000,86331,87512,89725,91350,93316,95482,96771,98420,100018,101682,102707,104509,106039,107274,109074,110772,112245,111695,112828,114245
Arkansas,Crawford County,53404,54273,55026,55836,56832,57779,59126,60210,60933,61595,62026,61816,61940,61708,61856,61963,62312,62982,63480,63406,63409,60382,61084,61810
Arkansas,Crittenden County,50915,50919,50622,50252,50266,50244,50360,50438,50699,50929,50937,50517,50038,49677,49479,48972,49296,48704,48365,47924,47616,47405,47031,47171
Arkansas,Cross County,19458,19382,19106,18896,18782,18883,18525,18172,18200,17971,17851,17813,17703,17521,17180,17253,17029,16792,16584,16333,16142,16671,16594,16453
Arkansas,Dallas County,9146,9005,8826,8740,8740,8589,8477,8367,8282,8188,8086,8056,7954,7896,7698,7539,7401,7312,7106,6951,6802,6307,6197,6187
Arkansas,Desha County,15302,14958,14583,14405,14270,13992,13870,13523,13273,13108,12979,12726,12586,12497,12265,12024,11904,11762,11516,11400,11110,11048,10760,10478
Arkansas,Drew County,18670,18660,18410,18537,18595,18618,18705,18535,18481,18495,18515,18735,18789,18684,18643,18615,18574,18372,18302,18092,17977,17063,16930,16986
Arkansas,Faulkner County,86501,88830,90624,93618,96162,99192,102969,105637,108477,110813,113980,116307,118572,119251,120646,121333,122213,123706,125336,125828,126919,125590,127656,129909
Arkansas,Franklin County,17737,17830,17856,17913,17955,18073,18151,18237,18229,18145,18116,18006,17958,17917,17828,17753,17676,17833,17780,17737,17897,17159,17274,17471
Arkansas,Fulton County,11656,11676,11737,11831,12079,12127,12119,12354,12382,12231,12229,12236,12170,12175,12090,12149,12112,12147,12351,12516,12381,12137,12354,12422
Arkansas,Garland County,88311,89032,89630,90483,91084,92096,94077,94753,95636,95840,96145,96884,97043,97734,97851,97930,98356,98476,99121,99472,99789,100306,99942,99759
Arkansas,Grant County,16476,16608,16637,16731,17026,17244,17442,17483,17718,17751,17889,17950,18039,18047,18084,18031,18080,18118,18209,18287,18449,18124,18127,18392
Arkansas,Greene County,37563,37934,38229,38604,39046,39599,40469,40918,41286,41723,42192,42767,43237,43176,43809,44321,44733,45002,45339,45316,45597,46314,46359,46700
Arkansas,Hempstead County,23620,23318,23199,23090,22971,22924,22957,22918,22624,22615,22620,22498,22355,22434,22339,22095,22047,21895,21714,21568,21253,19660,19469,19321
Arkansas,Hot Spring County,30480,30615,30877,30821,31071,31565,32248,32631,32737,32797,32943,33145,33512,33534,33418,33511,33452,33630,33680,33784,33787,33078,33170,33259
Arkansas,Howard County,14233,14146,14070,14098,13991,14025,13843,13680,13804,13741,13820,13817,13676,13541,13489,13332,13347,13361,13297,13219,13109,12689,12583,12500
Arkansas,Independence County,34333,34374,34512,34652,34989,35155,35426,35690,35859,36259,36738,36887,36961,36899,37095,37055,37121,37416,37799,37819,37757,38034,38223,38329
Arkansas,Izard County,13298,13289,13273,13467,13512,13524,13583,13552,13681,13679,13683,13579,13548,13420,13566,13495,13500,13673,13574,13620,13613,13916,14033,14202
Arkansas,Jackson County,18403,18029,18054,17914,18159,18269,18092,18098,17966,17945,17974,17898,17691,17741,17608,17386,17314,17033,16776,16782,16636,16771,16607,16749
Arkansas,Jefferson County,84171,83322,82760,82193,81455,80562,79977,78788,78354,77759,77358,76039,74658,73233,72504,71920,70512,69350,68241,67137,65377,65624,64341,63539
Arkansas,Johnson County,22813,22977,23293,23587,23850,24173,24596,25109,25236,25374,25585,25683,25921,25941,25976,26103,26160,26423,26684,26596,26513,25959,25997,26161
Arkansas,Lafayette County,8539,8374,8240,8244,8153,8042,7879,7845,7806,7654,7637,7528,7444,7279,7157,7009,6895,6807,6684,6656,6596,6154,6136,6082
Arkansas,Lawrence County,17672,17749,17688,17605,17541,17343,17193,17286,17460,17336,17424,17281,17040,17051,16970,16705,16662,16588,16452,16440,16410,16296,16146,16225
Arkansas,Lee County,12527,12358,12151,11732,11512,11370,11067,10823,10786,10458,10412,10282,10174,9996,9827,9660,9330,9121,8962,8889,8513,8565,8373,8221
Arkansas,Lincoln County,14477,14505,14571,14578,14466,14496,14315,14237,14176,14185,14104,14344,14186,14070,14034,13872,13745,13481,13208,13012,12944,13177,12914,12900
Arkansas,Little River County,13613,13334,13413,13361,13176,13114,13147,13107,13099,13228,13143,12949,12926,12743,12515,12417,12435,12386,12357,12368,12180,11929,11811,11766
Arkansas,Logan County,22500,22385,22454,22707,22682,22661,22689,22758,22699,22429,22325,22241,21928,22034,21866,21728,21743,21740,21705,21495,21410,21217,21242,21360
Arkansas,Lonoke County,53153,54043,55184,56452,58449,60225,62648,64379,66086,67481,68634,69537,70131,70775,71408,71409,71845,72843,73560,73648,73921,74755,75219,75924
Arkansas,Madison County,14272,14253,14137,14186,14437,14714,15156,15353,15619,15673,15735,15665,15604,15690,15741,15719,16136,16307,16359,16519,16644,16961,17493,17767
Arkansas,Marion County,16162,16232,16149,16133,16293,16464,16759,16795,16996,16721,16624,16676,16628,16449,16428,16226,16408,16458,16631,16645,16790,16957,17236,17485
Arkansas,Miller County,40436,40606,40923,41382,41765,42181,42669,42710,43047,43284,43529,43777,43686,43439,43509,43858,43776,43819,43431,43370,43177,42468,42484,42302
Arkansas,Mississippi County,51849,51017,49957,48554,47777,47399,46983,46850,47037,46857,46349,45988,45499,44642,44203,43692,42863,42093,41239,40717,40066,39525,38829,38635
Arkansas,Monroe County,10182,9947,9700,9579,9287,9176,8949,8670,8456,8286,8099,8099,7856,7693,7636,7454,7195,7012,6880,6723,6584,6644,6574,6540
Arkansas,Montgomery County,9263,9221,9150,9239,9334,9358,9437,9478,9573,9490,9472,9404,9344,9254,9163,9029,8947,8893,8927,9047,9006,8636,8531,8605
Arkansas,Nevada County,9895,9774,9652,9590,9535,9479,9383,9267,9062,9058,8976,9007,8909,8767,8642,8506,8368,8300,8272,8205,8099,8187,8191,8126
Arkansas,Newton County,8642,8534,8534,8613,8503,8467,8474,8428,8423,8311,8334,8252,8053,8045,7869,7848,7855,7816,7780,7712,7602,7167,7093,7079
Arkansas,Ouachita County,28677,28088,27701,27488,27107,26934,26656,26448,26202,26024,26134,25738,25405,24957,24767,24324,24021,23820,23605,23372,23167,22319,22010,21793
Arkansas,Perry County,10223,10306,10363,10346,10352,10356,10352,10496,10441,10443,10441,10384,10328,10334,10358,10303,10266,10332,10366,10417,10327,9991,10073,10188
Arkansas,Phillips County,26290,25821,25067,24520,24174,23946,23244,22775,22411,21976,21655,21407,20736,20435,19952,19548,19041,18607,18038,17769,17299,15813,15344,14991
Arkansas,Pike County,11332,11306,11321,11243,11246,11216,11262,11342,11283,11260,11285,11239,11251,11117,10988,10834,10836,10731,10657,10705,10643,10103,10123,10164
Arkansas,Poinsett County,25617,25498,25213,25177,25039,25058,24904,24813,24599,24632,24568,24445,24294,24184,24151,24004,23993,24082,23877,23502,23283,22651,22434,22373
Arkansas,Polk County,20268,20189,20243,20199,20057,20203,20422,20377,20388,20583,20680,20560,20421,20344,20257,20205,20164,20163,20019,19944,19707,19326,19368,19490
Arkansas,Pope County,54541,54986,55405,55622,56606,57535,58809,59793,60528,61302,61867,62694,62653,62612,63145,63642,63916,63657,63577,64145,64334,63733,64023,64663
Arkansas,Prairie County,9491,9505,9406,9303,9111,9046,8989,8951,8806,8754,8696,8604,8488,8381,8355,8311,8267,8263,8100,8093,7966,8086,8038,8012
Arkansas,Pulaski County,361876,362866,364327,365258,366608,368274,371647,373403,376567,380053,383632,387081,389392,391745,393210,393857,394322,393585,392184,392318,392980,398005,399886,400704
Arkansas,Randolph County,18155,18177,18115,18005,18207,18086,18185,18054,18072,17964,17969,17972,17840,17628,17579,17447,17452,17724,18085,18161,18247,18798,18842,18913
Arkansas,St. Francis County,29325,29072,29023,29170,28905,28639,28496,28394,28110,28336,28174,27934,27927,27442,27029,26600,26306,25959,25459,24977,24682,22707,22387,22066
Arkansas,Saline County,84084,85473,87031,88627,90961,93493,96661,100043,102599,105362,107532,109554,111454,113380,114906,116428,117707,119578,121147,122550,123968,125338,127419,129566
Arkansas,Scott County,10980,10950,10930,10936,10872,10976,11239,11287,11227,11097,11278,11241,11007,10908,10663,10538,10318,10360,10288,10217,10164,9789,9787,9836
Arkansas,Searcy County,8246,8220,8150,7996,8046,8110,8210,8275,8274,8190,8187,8077,8005,7992,7926,7838,7960,7928,7898,7862,7842,7894,7905,7818
Arkansas,Sebastian County,115578,116488,117200,117725,118168,119426,121492,122946,123762,125116,125920,127067,127645,127266,126852,127511,127578,127910,127582,127688,127590,128223,129226,129203
Arkansas,Sevier County,15747,15586,15702,15824,16041,16298,16273,16347,16606,16812,17142,17219,17186,17358,17411,17263,16959,17085,17019,16972,16702,15709,15681,15654
Arkansas,Sharp County,17138,17244,17276,17381,17353,17391,17629,17506,17416,17373,17236,17264,17032,17041,16821,16811,17016,17146,17222,17276,17424,17678,17790,17954
Arkansas,Stone County,11519,11484,11607,11704,11768,11909,12262,12230,12370,12340,12403,12505,12552,12434,12392,12405,12525,12555,12542,12614,12674,12442,12591,12677
Arkansas,Union County,45532,44894,44769,44281,43747,43134,42914,42267,42222,41944,41554,41404,40868,40619,40156,40112,39920,39499,39130,38677,38219,38285,37858,37409
Arkansas,Van Buren County,16221,16332,16322,16506,16664,16869,17027,17226,17373,17293,17265,17212,17166,16988,16911,16811,16682,16557,16580,16529,16541,15774,16114,16152
Arkansas,Washington County,158851,163151,166859,171424,176837,183799,190314,194526,197223,199774,204123,208088,211824,216107,220075,224600,228612,232915,236855,239392,243216,251664,257316,261880
Arkansas,White County,67382,68273,68796,69389,70403,71355,72728,73573,74848,76284,77350,78087,78659,78590,78500,78954,78941,78944,78390,78621,78729,77069,77645,78523
Arkansas,Woodruff County,8686,8675,8446,8284,8102,8023,7877,7648,7458,7294,7249,7175,7063,7029,6869,6715,6616,6580,6496,6431,6264,6124,6038,5939
Arkansas,Yell County,21147,21145,21147,21197,21074,21141,21556,21633,21935,22145,22206,21965,21827,21823,21771,21505,21520,21544,21506,21376,21181,20135,20121,20063
California,California,33987977,34479458,34871843,35253159,35574576,35827943,36021202,36250311,36604337,36961229,37349363,37636311,37944551,38253768,38586706,38904296,39149186,39337785,39437463,39437610,39368078,39142565,39142414,39198693
California,Alameda County,1449840,1469484,1462106,1454163,1445721,1441545,1444484,1455715,1477208,1498539,1513952,1530893,1553729,1579508,1607638,1634326,1650765,1659824,1666596,1668412,1662323,1643856,1635693,1638142
California,Alpine County,1209,1196,1237,1233,1263,1219,1276,1274,1202,1197,1163,1093,1111,1131,1083,1080,1053,1116,1081,1113,1119,1203,1169,1126
California,Amador County,35153,35697,36561,36994,37400,38040,38353,38756,38248,38238,38042,37539,37105,36624,36734,37039,37443,38549,39349,39693,40083,41245,41486,41798
California,Butte County,203807,206193,209120,211481,213065,214752,216824,217469,219034,219777,220072,219983,220877,221649,223525,224643,226222,228700,230330,218726,212744,206351,207384,207354
California,Calaveras County,40645,41304,42380,43755,44530,45295,46045,46268,46265,45900,45490,45159,44816,44658,44677,44972,45307,45658,45747,46119,46308,46262,46544,46580
California,Colusa County,18817,19022,19232,19568,20207,20540,20890,21075,21134,21250,21474,21315,21274,21239,21156,21208,21476,21558,21389,21474,21558,21931,21952,22093
California,Contra Costa County,952810,970952,979862,987531,992424,999013,1000834,1009152,1023344,1037890,1052827,1065361,1077439,1093253,1108665,1124148,1137259,1145623,1150840,1152883,1152333,1163813,1160296,1162179
California,Del Norte County,27440,27292,27397,27601,27950,28281,28211,28415,28496,28599,28632,28447,28195,27821,27182,27198,27415,27383,27793,27903,27968,27581,26758,26571
California,El Dorado County,157162,161101,165195,168331,171653,175003,176773,177694,179150,180455,181194,180963,180613,181529,183157,184627,186027,188793,190925,193057,192925,193724,193071,192440
California,Fresno County,801288,813021,829762,847193,861035,872470,883862,895933,909630,921478,933248,939251,944779,951143,960072,968889,976231,984726,991298,997847,1000918,1012879,1017107,1019899
California,Glenn County,26416,26450,26651,27016,27122,27393,27652,27775,28019,28100,28129,28131,27836,27784,27802,27723,27796,27876,27899,28445,28283,28714,28371,28190
California,Humboldt County,126462,127520,128780,129754,130702,131497,132093,132001,132657,133744,134794,135257,134597,134447,134556,135177,136477,136710,136502,135839,134977,134978,135013,134009
California,Imperial County,142410,143707,145640,148984,152259,156113,160505,164596,167917,172008,175234,175731,176487,176301,177786,178701,179881,181250,181062,180439,180267,179206,179767,180585
California,Inyo County,17955,18117,18394,18593,18578,18478,18370,18426,18318,18544,18513,18385,18344,18348,18280,18097,17897,17819,17894,17993,18046,18920,18745,18548
California,Kern County,663803,676574,694059,714272,736296,760726,784511,803281,818327,830137,842207,848651,854392,862727,869837,876548,881094,887316,893618,898898,901362,912782,917293,916646
California,Kings County,129835,132881,135369,139393,143601,145147,147712,150420,152027,152278,153174,151779,150884,150237,149373,149960,149269,149542,151221,152727,152692,152724,152776,153281
California,Lake County,58538,60219,61513,62496,63116,63811,64202,64077,64392,64413,64771,64258,63966,63811,64056,64266,63912,64132,64394,64463,64479,68623,68239,67934
California,Lassen County,33719,33548,33430,33930,34458,34488,34605,35615,35221,35160,34805,34235,33622,32128,31664,31256,30715,30919,30658,30694,30016,31884,30401,28838
California,Los Angeles County,9538191,9626034,9705913,9767145,9793263,9786373,9737955,9700359,9735147,9787400,9830420,9873700,9931394,9987189,10033449,10077263,10094865,10092365,10061533,10011602,9943046,9809239,9748447,9731837
California,Madera County,123587,125581,128369,132738,137106,140313,143622,146067,148359,149234,151408,151685,151520,151295,153357,153448,153694,155079,156373,156717,157761,159019,160414,163402
California,Marin County,247520,247866,246225,245054,243769,244206,244580,246248,248398,250862,252916,255380,256087,258441,260403,260974,260722,259975,260091,259085,257332,259254,257143,255706
California,Mariposa County,17101,17099,17243,17707,17844,17972,18219,18366,18412,18212,18243,18199,17912,17840,17745,17653,17498,17461,17361,17117,17160,17136,17095,16996
California,Mendocino County,86407,86841,87364,88140,88030,87981,87345,87071,87468,87722,87828,87335,87293,87070,87247,87131,87319,87690,87549,86932,86061,91303,90027,89354
California,Merced County,212258,218816,225351,231735,237180,242554,245338,248540,250538,252302,256778,259249,260776,261888,264241,266133,267370,270837,273733,277114,279252,284834,292034,294402
California,Modoc County,9406,9350,9362,9501,9605,9565,9617,9525,9551,9646,9685,9513,9358,9154,9078,9064,8957,8864,8816,8866,8763,8640,8625,8566
California,Mono County,12921,13224,13404,13352,13360,13474,13743,13678,13862,14008,14234,14424,14328,14064,14130,14074,14256,14333,14400,14450,14534,13263,13055,13207
California,Monterey County,402990,407082,408977,409725,408731,405139,401831,402376,406022,410263,416682,420379,424222,426163,427985,430178,433436,433803,433359,433380,430906,439245,436427,435637
California,Napa County,124565,126818,128744,130138,130387,130381,131440,132583,134093,135280,136858,137668,138504,139522,140331,140766,140778,139818,138620,137678,135965,136219,134492,133444
California,Nevada County,92520,93715,94647,95606,96512,97250,97549,97794,98200,98591,98794,98716,98165,97969,98605,98716,98939,99421,99472,99648,99606,103499,102356,102086
California,Orange County,2854513,2885457,2908245,2929376,2941711,2940055,2932261,2931629,2957593,2987177,3018963,3050199,3078710,3105262,3126523,3148952,3164277,3174159,3175579,3170851,3166857,3159351,3158489,3154563
California,Placer County,251012,263615,276907,290726,302841,312762,321934,329023,337568,343810,350048,356323,360269,365415,369241,372870,379046,385348,392735,398918,402950,412968,418439,424599
California,Plumas County,20754,20820,20866,20957,21000,21010,20762,20667,20410,20169,19950,19720,19380,18901,18631,18435,18691,18680,18830,19052,18967,19965,19433,19120
California,Riverside County,1558985,1616634,1687147,1771656,1856542,1931785,2012370,2075183,2109712,2146725,2203332,2233840,2260763,2286087,2315238,2344648,2378282,2413058,2443221,2465569,2489188,2455225,2479628,2503549
California,Sacramento County,1229940,1266257,1301079,1328531,1348932,1360816,1369563,1381161,1394438,1408601,1421959,1433712,1444819,1457283,1474828,1493547,1511401,1527984,1539550,1551660,1559146,1588824,1588743,1594506
California,San Benito County,53781,54644,55056,55198,54849,54647,54124,54072,54267,54436,55561,56094,56704,57320,57891,58276,59270,60190,61415,62803,64055,66703,67715,68341
California,San Bernardino County,1718037,1760731,1799791,1846115,1899065,1943924,1974140,1992161,2003735,2013960,2042441,2060596,2073088,2082101,2098346,2114352,2130726,2149847,2165627,2177279,2189183,2190877,2196029,2200805
California,San Diego County,2827366,2869672,2900355,2914702,2930007,2938375,2947289,2975742,3022116,3061203,3105989,3137236,3175148,3210788,3249307,3280825,3305462,3319019,3332483,3330459,3332427,3274244,3283755,3285890
California,San Francisco County,777885,780865,772723,766160,761325,763016,768650,778673,791152,801922,805463,815694,828963,839695,850918,863237,871343,877471,879676,878826,866606,815498,814176,819151
California,San Joaquin County,567885,591207,609041,626778,642898,656985,662812,668080,671692,677736,687744,694265,699444,701831,711296,721919,732662,743286,752590,761571,767967,788096,795880,805909
California,San Luis Obispo County,247839,251462,253083,254674,256842,258615,260498,262770,266358,268145,270113,271056,274174,275713,278271,280138,281884,282473,283250,282728,282249,279468,282535,282007
California,San Mateo County,707820,705621,697628,693057,690161,690078,690176,693849,703830,713617,720162,728945,739700,749131,757653,765479,767928,768658,768410,764810,758308,739330,732485,734267
California,Santa Barbara County,399990,403164,405178,406810,407284,408079,408085,411243,415859,420356,424712,425404,429635,434503,438921,442051,444112,444998,445137,445464,444766,437117,445286,443521
California,Santa Clara County,1684947,1688082,1669348,1663592,1663167,1675312,1691159,1712026,1740964,1765137,1787694,1811891,1837605,1866050,1891286,1915736,1928144,1932251,1931985,1922411,1907105,1878320,1883653,1897137
California,Santa Cruz County,255835,256045,254531,253021,252356,251377,251616,253304,256520,260009,263054,264927,266391,268836,270863,273495,274476,274865,273713,272870,269925,260904,265851,263699
California,Shasta County,163615,166408,170198,173202,174867,175615,176166,176548,177247,177279,177291,177613,177908,178447,178904,178386,178592,179403,179666,179645,179027,182243,180972,180656
California,Sierra County,3574,3518,3482,3511,3430,3378,3424,3373,3320,3248,3236,3100,3068,3031,2976,2990,2956,3008,2961,2959,2920,3298,3215,3180
California,Siskiyou County,44218,43908,43965,44287,44394,44641,44487,44465,44780,44788,44929,44622,44091,43550,43357,43275,43402,43647,43624,43663,43245,44144,43746,42941
California,Solano County,396974,404209,408226,408409,409301,408181,408402,408243,408972,410290,414305,416325,419645,423634,428971,433378,438834,443554,445931,447434,446935,450819,449724,451060
California,Sonoma County,460421,465293,465298,466489,466809,465938,465188,467356,473091,479479,485120,487231,489784,493870,498317,500598,502445,502203,497221,492318,489819,484561,483398,483366
California,Stanislaus County,449471,463761,477469,487357,492613,500020,504651,507834,509032,511536,515358,517515,520336,523313,527814,532954,538986,544494,547855,549761,550081,552939,552410,553921
California,Sutter County,79192,80138,82162,84671,86484,88764,91112,92959,93855,94366,94806,94466,94153,94457,94721,95224,95769,96161,96348,96910,96385,99121,98682,98457
California,Tehama County,56170,56685,57380,58528,59571,60602,61587,62147,62648,62891,63604,63337,63213,62878,62797,63150,63468,63827,63904,65186,64494,65467,65269,64959
California,Trinity County,12980,12859,13064,13210,13159,13440,13634,13648,13656,13762,13804,13685,13494,13427,13126,13094,12827,12727,12598,12337,12216,16102,15777,15684
California,Tulare County,368627,373171,379568,388743,398226,407970,414921,422140,429283,436987,443688,446709,449625,452259,454858,456794,458991,462072,464279,465751,468680,476939,478288,480747
California,Tuolumne County,54658,55253,55850,56513,56602,56788,56680,56339,56320,55845,55186,54808,54201,53975,53830,53599,53729,53953,54250,54290,54515,55126,53951,54123
California,Ventura County,756506,766689,779489,788070,793994,794197,798183,800027,806353,815130,825706,829908,833287,837729,842113,845599,846921,848264,847222,844203,841387,840009,835032,833071
California,Yolo County,169835,175337,180327,182954,185237,186269,189615,194339,197154,199791,201190,201931,204558,206267,208368,211998,215569,218470,220082,220019,219728,213545,223338,222919
California,Yuba County,60372,61249,62100,62733,63742,66285,69272,70761,71773,71607,72388,72480,72770,73082,73527,74039,74920,76575,77418,78549,80160,83035,84335,85695
Colorado,Colorado,4326921,4425687,4490406,4528732,4575013,4631888,4720423,4803868,4889730,4972195,5049071,5121900,5193660,5270774,5352637,5454328,5543844,5617421,5697155,5758486,5807719,5814036,5850935,5901339
Colorado,Adams County,350888,359816,370753,377464,384809,395146,406575,415746,424913,435700,443715,452209,460568,469995,479954,490448,497735,503717,511485,516575,519883,523603,528356,535677
Colorado,Alamosa County,14954,14956,15114,15067,15217,15236,15196,15180,15300,15289,15499,15715,15685,15794,15807,15894,16047,16102,16235,16200,16180,16578,16593,16668
Colorado,Arapahoe County,491482,502393,508936,513690,518971,524466,531619,542039,552461,563161,575022,586433,597052,609089,619681,631688,639605,645080,652395,656051,657452,656952,658176,661864
Colorado,Archuleta County,10020,10454,10885,11089,11266,11496,11937,12262,12250,12169,12063,12027,12141,12225,12240,12399,12834,13312,13670,13928,14196,13809,13987,14167
Colorado,Baca County,4501,4471,4336,4117,4064,3997,3933,3866,3806,3767,3795,3779,3722,3656,3586,3554,3534,3554,3587,3620,3555,3491,3435,3363
Colorado,Bent County,5954,5841,5973,6166,6180,6118,6012,5715,5962,6425,6510,6424,5850,5759,5821,5891,5832,5828,5793,5578,5356,5346,5430,5712
Colorado,Boulder County,271574,277597,279468,278768,279728,280241,284243,287428,290859,293190,295166,300045,304717,309538,312525,318408,321761,323019,325438,326020,327171,327133,328039,328419
Colorado,Broomfield County,39679,41055,41800,43805,44867,46313,48729,51526,53181,54789,56135,57485,58971,60158,61791,64914,66596,68340,69431,70617,72236,75430,76245,77029
Colorado,Chaffee County,16337,16488,16844,16921,17047,17105,17087,17377,17573,17852,17809,18035,18164,18375,18471,18635,19140,19700,20066,20319,20661,19743,20266,20608
Colorado,Cheyenne County,2209,2179,2119,2021,1981,1939,1912,1863,1881,1843,1830,1863,1871,1878,1845,1826,1848,1849,1864,1824,1795,1719,1734,1738
Colorado,Clear Creek County,9255,9383,9514,9402,9148,9150,9042,9152,9138,8994,9112,9012,9017,9025,9124,9246,9355,9573,9552,9598,9586,9425,9324,9123
Colorado,Conejos County,8401,8350,8358,8310,8353,8337,8256,8217,8200,8140,8288,8291,8248,8199,8230,8064,8044,8141,8154,8169,8143,7579,7560,7511
Colorado,Costilla County,3675,3619,3639,3645,3656,3562,3571,3567,3532,3481,3528,3640,3601,3540,3560,3576,3692,3758,3803,3872,3921,3614,3609,3624
Colorado,Crowley County,5509,5614,5666,5464,5720,5677,5886,6015,5947,5797,5838,5884,5468,5352,5610,5633,5276,5820,5886,5989,5696,5733,5601,5616
Colorado,Custer County,3523,3664,3714,3865,3911,3989,3994,4112,4107,4190,4271,4224,4217,4260,4339,4434,4581,4861,4962,5119,5183,5065,5343,5551
Colorado,Delta County,27877,28069,28677,28929,29305,29389,29789,30121,30712,31156,30885,30398,30473,30349,29973,29925,30352,30516,30835,31021,31067,31387,31573,31760
Colorado,Denver County,555651,561976,556790,552588,550756,551691,556895,564395,575721,589011,604414,620250,634965,649270,664540,683328,696273,704869,716340,725508,735538,711530,714851,721367
Colorado,Dolores County,1847,1849,1870,1842,1850,1869,1973,1980,2061,2057,2062,2044,2009,2033,1976,1980,2055,2044,2056,2042,2096,2376,2460,2525
Colorado,Douglas County,180121,196783,208911,220352,232508,243112,256136,267177,275500,281386,287003,292626,298826,306407,314783,322333,328680,336347,343780,351842,360750,369826,376462,385141
Colorado,Eagle County,41961,43238,44227,44995,45893,47205,48476,49803,51049,52513,52126,52048,52330,52814,53276,53863,54578,55022,55087,55183,54929,55787,55303,54592
Colorado,Elbert County,20060,21094,21678,21834,21977,22182,22423,22402,22634,22965,23138,23175,23276,23543,24035,24634,25130,25735,26267,26707,27313,27152,27817,28812
Colorado,El Paso County,519938,535864,544145,547549,556667,565800,580251,586783,597919,608061,626928,637376,645900,655178,662968,674094,688671,700838,712746,721929,728310,738811,742676,746934
Colorado,Fremont County,46245,46633,47019,46901,46605,46641,46873,46959,47166,46871,46837,47393,47072,46360,46185,46327,47047,47633,48070,48009,47867,49251,49585,50352
Colorado,Garfield County,44257,45636,46925,47622,48193,49579,51594,53534,55449,57089,56139,56049,56765,56945,57174,57724,58839,59065,59722,60031,60366,62116,62388,62921
Colorado,Gilpin County,4783,4781,4788,4777,4752,4810,4883,4893,5026,5352,5478,5429,5432,5535,5754,5813,5920,6024,6131,6232,6235,5891,5910,5923
Colorado,Grand County,12496,12743,13158,13324,13596,13627,14003,14306,14622,14902,14796,14564,14227,14320,14569,14742,15198,15385,15556,15748,15794,15854,15748,15971
Colorado,Gunnison County,14068,14206,14322,14273,14356,14456,14720,15043,15250,15356,15312,15267,15390,15597,15786,16125,16447,16896,17177,17480,17593,17296,17319,17334
Colorado,Hinsdale County,791,817,798,779,810,794,815,835,818,834,847,825,802,803,772,762,783,788,786,789,808,772,773,761
Colorado,Huerfano County,7771,7635,7571,7428,7193,7145,7127,7051,7073,6824,6667,6527,6567,6465,6399,6408,6583,6632,6877,6868,6883,6931,7077,7041
Colorado,Jackson County,1577,1529,1532,1512,1486,1449,1415,1407,1378,1408,1390,1357,1325,1338,1385,1352,1356,1376,1403,1397,1389,1358,1314,1316
Colorado,Jefferson County,526251,528845,527851,524940,520900,519675,521662,524911,529003,531961,535533,540582,546736,552242,559099,565240,571823,576041,580027,582800,583283,580854,576635,577693
Colorado,Kiowa County,1610,1550,1519,1501,1457,1467,1456,1410,1392,1378,1399,1432,1410,1393,1382,1386,1346,1368,1385,1417,1458,1451,1430,1376
Colorado,Kit Carson County,7971,7995,8250,8133,8157,8060,8011,7954,8157,8383,8276,8183,8088,8259,8028,8223,7632,7149,7166,7161,7121,6928,7010,7032
Colorado,Lake County,7815,7758,7676,7491,7434,7331,7278,7392,7450,7426,7287,7344,7259,7276,7333,7455,7591,7769,7807,8072,7987,7400,7356,7367
Colorado,La Plata County,44228,45044,45869,46121,46728,47575,48574,49343,50291,51105,51431,51886,52489,53432,53941,54776,55459,55717,56511,56440,56564,56177,56577,56401
Colorado,Larimer County,253072,260541,265372,268448,271510,275116,280713,286112,291650,296696,300637,305320,310983,316426,324272,333637,339394,344509,351045,357241,360428,362785,368017,371530
Colorado,Las Animas County,15297,15116,15424,15706,15573,15582,15673,15734,15770,15775,15421,15054,14996,14404,14054,14048,14085,14237,14460,14415,14420,14341,14312,14394
Colorado,Lincoln County,6070,5912,5936,5904,5751,5644,5530,5484,5468,5423,5473,5420,5441,5435,5503,5545,5546,5526,5595,5694,5680,5473,5520,5498
Colorado,Logan County,20699,21459,21548,21825,21795,21694,21911,22163,22128,22451,22735,22577,22360,22182,22446,22484,22427,22314,22286,22409,21974,21008,20829,20660
Colorado,Mesa County,117631,119496,122440,124994,127678,130194,134665,139434,143155,147851,146313,147205,147360,147249,147215,148159,149882,151435,153339,154552,155603,157458,158585,159690
Colorado,Mineral County,832,796,812,828,848,814,789,807,774,732,710,711,719,732,703,742,756,753,774,756,773,925,923,932
Colorado,Moffat County,13147,13065,13193,13106,13175,12956,13115,13348,13585,13728,13818,13424,13172,13129,12941,12946,13155,13095,13148,13209,13144,13166,13172,13287
Colorado,Montezuma County,23847,23692,23935,24255,24456,24514,24968,25157,25222,25507,25539,25489,25497,25575,25551,25763,26063,26187,26303,26369,26408,26238,26491,26600
Colorado,Montrose County,33599,34361,35154,35767,36310,37227,38282,39673,40658,41535,41183,40980,40675,40584,40622,40609,41183,41795,42309,42791,43322,43243,43845,44319
Colorado,Morgan County,27257,27307,27556,27736,27736,27727,27816,27745,27701,28099,28193,28450,28243,28217,28098,28245,28178,28275,28754,28938,28941,29018,29392,29806
Colorado,Otero County,20242,20012,19688,19585,19436,19247,19042,18783,18726,18743,18855,18837,18631,18449,18334,18182,18279,18344,18354,18243,18201,18530,18272,18148
Colorado,Ouray County,3775,3787,3872,3880,4003,4055,4090,4250,4405,4395,4455,4424,4508,4554,4576,4611,4794,4815,4834,5005,5001,5064,5108,5185
Colorado,Park County,14670,15255,15760,16024,16130,16204,16230,16445,16394,16098,16262,16060,16052,16190,16392,16739,17372,17935,18583,18881,18955,17747,17929,18121
Colorado,Phillips County,4455,4456,4497,4415,4475,4467,4414,4378,4349,4359,4472,4402,4417,4384,4394,4328,4307,4339,4343,4359,4367,4508,4464,4490
Colorado,Pitkin County,14817,15013,15098,15217,15220,15399,15504,15814,16454,17008,17163,17177,17303,17474,17730,17962,18009,18027,18066,17902,17894,17349,16877,16690
Colorado,Prowers County,14431,14182,14057,13853,13613,13480,13130,12736,12663,12593,12546,12500,12422,12319,12064,11937,11937,11990,12038,12106,12106,11948,11834,11789
Colorado,Pueblo County,141800,144014,146537,147907,148654,149825,152026,155121,156748,157846,159477,160208,160763,161096,161434,163101,164883,166370,167574,168409,169823,169354,169485,169723
Colorado,Rio Blanco County,5986,5868,5951,5923,6007,5945,6176,6373,6522,6779,6620,6751,6763,6699,6604,6487,6443,6362,6347,6350,6342,6447,6561,6586
Colorado,Rio Grande County,12445,12213,12224,12296,12328,12208,12033,11852,11860,11872,12011,11914,11867,11674,11505,11355,11354,11300,11274,11277,11296,11409,11329,11194
Colorado,Routt County,19815,20210,20469,20893,21162,21398,21859,22491,23135,23688,23447,23256,23283,23610,24085,24388,24737,25220,25489,25579,25560,25069,25112,25154
Colorado,Saguache County,5939,6024,6209,6262,6365,6296,6223,6148,6179,6134,6122,6187,6331,6240,6195,6250,6413,6632,6837,6829,6938,6517,6632,6687
Colorado,San Juan County,562,581,594,610,631,627,649,661,670,657,710,690,692,692,712,690,691,713,760,723,748,738,796,797
Colorado,San Miguel County,6609,6858,7111,7062,7038,7097,7071,7322,7366,7379,7357,7491,7588,7632,7751,7850,8032,8049,8195,8169,8105,8082,8011,7874
Colorado,Sedgwick County,2746,2661,2694,2652,2551,2522,2474,2400,2421,2392,2372,2371,2377,2338,2332,2373,2399,2314,2284,2274,2260,2328,2294,2305
Colorado,Summit County,23700,24716,25006,25408,25313,25487,26019,26603,27144,27678,28081,28048,28307,28741,29333,30064,30573,30848,30771,30851,30631,31235,30905,30824
Colorado,Teller County,20655,21193,21543,21682,21678,21978,22281,22707,22725,22937,23454,23378,23456,23372,23458,23421,24098,24713,25158,25408,25529,24951,24858,24711
Colorado,Washington County,4939,4874,5035,5028,4923,4912,4907,4883,4792,4800,4803,4750,4689,4731,4720,4775,4824,4909,4861,4869,4875,4869,4840,4859
Colorado,Weld County,182782,192278,202234,208858,215322,222879,230703,237692,243442,248193,254270,258867,264025,270105,277480,286493,296330,306571,315360,324703,333983,339942,350610,360216
Colorado,Yuma County,9823,9822,9762,9923,9791,9765,9784,9788,9843,10022,10043,10138,10107,10139,10191,10044,10057,9976,9964,10020,10047,9926,9970,9981
Connecticut,Connecticut,3411777,3432835,3458749,3484336,3496094,3506956,3517460,3527270,3545579,3561807,3577073,3588632,3595211,3595792,3595697,3588561,3579830,3575324,3574561,3566022,3557006,3606607,3617925,3643023
Connecticut,Fairfield County,884364,889063,892900,896342,897472,897653,896254,897498,903824,910421,918714,928099,935293,940189,944524,945323,945096,944107,945511,944388,942426,NA,NA,NA
Connecticut,Hartford County,858416,862573,867451,873335,874449,878081,881298,884548,887891,891667,894478,896900,897795,897837,897618,896563,894282,893141,892767,891349,889226,NA,NA,NA
Connecticut,Litchfield County,182597,184118,185974,187424,188601,188912,189682,189866,190175,190015,189840,188979,187591,186866,185380,184171,182837,181719,181151,180396,179610,NA,NA,NA
Connecticut,Middlesex County,155593,157006,159187,160864,161450,162191,163473,164129,164962,165607,165697,166199,165677,165390,164857,163809,163403,163058,163053,162538,161657,NA,NA,NA
Connecticut,New Haven County,824911,829875,835099,841939,844505,847162,850207,853598,856622,860025,862989,863974,864732,863035,863149,860506,858159,857845,856895,853818,851948,NA,NA,NA
Connecticut,New London County,259848,261396,264698,266584,268595,269664,270814,270669,272634,273630,274055,273086,274173,273093,271593,269818,268639,267829,267089,265784,264999,NA,NA,NA
Connecticut,Tolland County,136863,138934,142362,145195,146706,147657,148954,149718,151583,152330,152781,153066,152005,151831,151766,151815,151223,151136,150913,150865,150600,NA,NA,NA
Connecticut,Windham County,109185,109870,111078,112653,114316,115636,116778,117244,117888,118112,118519,118329,117945,117551,116810,116556,116191,116489,117182,116884,116540,NA,NA,NA
Delaware,Delaware,786373,795699,806169,818003,830803,845150,859268,871749,883874,891730,899769,907590,915518,924062,933131,942065,949989,957942,966985,976668,986809,1005062,1020625,1036423
Delaware,Kent County,127229,129228,131824,134605,139342,144585,149704,153969,157925,160081,162912,165161,167370,169144,171600,173308,174776,176754,178954,181492,183643,185069,187819,190123
Delaware,New Castle County,501837,506026,510158,514769,518944,523343,527174,530555,533958,536898,538986,542031,545053,548614,551124,553929,555582,556491,557983,559941,561531,572116,576316,582325
Delaware,Sussex County,157307,160445,164187,168629,172517,177222,182390,187225,191991,194751,197871,200398,203095,206304,210407,214828,219631,224697,230048,235235,241635,247877,256490,263975
District of Columbia,District of Columbia,572046,574504,573158,568502,567754,567136,570681,574404,580236,592228,604453,620290,635737,651559,663603,677014,687576,697079,704147,708253,712816,669256,676725,687324
District of Columbia,District of Columbia,572046,574504,573158,568502,567754,567136,570681,574404,580236,592228,604453,620290,635737,651559,663603,677014,687576,697079,704147,708253,712816,669256,676725,687324
Florida,Florida,16047515,16356966,16689370,17004085,17415318,17842038,18166990,18367842,18527305,18652644,18843326,19055607,19302016,19551678,19853880,20219111,20627237,20977089,21254926,21492056,21733312,21831949,22379312,22904868
Florida,Alachua County,218611,221718,224614,227022,229867,233756,239506,242685,244888,246657,247497,249879,251596,252585,255606,259215,264127,266501,269190,269489,271218,281710,285241,288962
Florida,Baker County,22374,22620,23298,23555,24142,24832,25571,26212,26725,27124,27106,27055,27059,27008,27123,27357,27903,28255,28381,29288,29566,28378,27781,28542
Florida,Bay County,148393,150207,152741,155044,158804,162917,165644,165345,166267,167464,169272,169587,171818,174704,178435,181678,183765,184841,186555,173895,171322,179548,185732,192422
Florida,Bradford County,26064,26083,26306,27035,27703,28098,28506,28825,28961,28979,28480,28430,27052,26804,26562,26759,26756,27158,27759,28348,28593,28057,27275,27788
Florida,Brevard County,477819,486429,495425,504847,518722,529907,535138,539719,542378,542109,543573,544442,547119,550478,555838,566133,577380,588165,594978,601024,608459,618000,631956,646705
Florida,Broward County,1630600,1662848,1690118,1707543,1725461,1746896,1739348,1720825,1723633,1733310,1753578,1787096,1814468,1836869,1861259,1885435,1913780,1935945,1948058,1955475,1958105,1935655,1966237,2002786
Florida,Calhoun County,13040,12847,12947,13293,13445,13850,13997,14222,14351,14692,14599,14725,14673,14582,14456,14412,14346,14463,14593,14140,14078,13520,13462,13497
Florida,Charlotte County,142266,146311,150123,153235,157755,155262,157099,159742,160467,159629,159990,159926,162840,164801,168208,172607,178046,181998,185204,189669,194711,194982,203113,207085
Florida,Citrus County,118649,121197,123491,126215,129840,133791,137826,140974,142122,141381,141129,139782,139215,138888,138907,140397,142988,145619,147920,150153,153010,158193,162586,166836
Florida,Clay County,141629,145685,150947,155620,163238,169418,178339,184256,187289,189101,191395,192335,193909,195732,198687,202552,207401,212381,215902,219014,221770,222671,226797,232734
Florida,Collier County,254015,264240,275490,285321,296021,307452,312621,314437,316641,318485,322472,327670,332330,339133,347401,356288,365894,373286,378657,385917,392973,387316,400510,410065
Florida,Columbia County,56571,57040,57930,59395,60804,63109,65890,66604,67318,67412,67597,67326,67903,67444,67821,68277,69300,70051,70719,71766,72654,69945,71941,73324
Florida,DeSoto County,32196,32402,32446,33271,33895,33864,34300,34537,34374,34592,34984,34847,35003,34903,35333,35644,36228,37159,37128,37821,38520,34341,35483,36274
Florida,Dixie County,13758,14033,14234,14364,14825,15427,15892,16083,16214,16403,16390,16403,16152,16084,16041,16352,16455,16609,16692,16887,17057,16929,16839,17221
Florida,Duval County,779800,790681,800532,809633,820070,828988,842098,851033,855437,859795,865876,872483,880349,886277,897094,911106,927038,939167,950469,959853,966728,1002908,1021040,1038833
Florida,Escambia County,294725,297776,297568,296603,298225,298339,300395,297393,296854,297015,298043,299478,303556,306879,308200,309630,311975,313882,315857,319379,322364,323468,324227,328034
Florida,Flagler County,50579,53944,57905,62947,69387,77008,84339,90516,93546,94700,95928,97473,98461,99845,101961,104533,107608,110316,112415,115481,118451,120996,126974,131892
Florida,Franklin County,9839,9910,9972,10025,10090,10198,11308,11491,11484,11515,11554,11471,11609,11520,11656,11702,11834,11730,11694,12113,12201,12194,12491,12628
Florida,Gadsden County,44950,45153,44762,44952,45129,45258,45258,45867,46319,46264,46449,47372,46571,46084,46113,46057,46069,45984,45933,45670,45277,43502,43389,44100
Florida,Gilchrist County,14443,14283,14502,15011,15271,15801,16223,16610,16797,16829,16956,17002,16908,16972,17007,17394,17607,17899,18263,18572,18885,18319,19027,19735
Florida,Glades County,10579,10948,11284,11514,11901,12284,12297,12357,12752,12839,12842,12842,12676,12680,12956,13115,13421,13591,13762,13914,14198,12269,12496,12839
Florida,Gulf County,14566,14868,14897,15266,15455,15781,15856,15908,15851,15933,15847,15767,15769,15887,16011,15944,16082,16115,16137,13498,13534,14462,15302,15757
Florida,Hamilton County,13330,13733,13795,14010,14101,14017,14430,14589,14785,14930,14747,14596,14726,14344,14071,14275,14309,14397,14289,14470,14521,13073,13216,13721
Florida,Hardee County,26769,26378,26787,26765,26847,26874,27049,27489,27603,27661,27801,27681,27433,27307,27259,27167,27228,27172,27106,26806,26822,25328,25692,25944
Florida,Hendry County,36255,36029,36035,36138,36903,38201,38776,39006,39177,39010,39180,38968,37864,37802,38467,39242,40097,41074,41306,42069,42813,40221,41725,44111
Florida,Hernando County,131390,134127,137818,142686,149593,157156,164398,169891,172437,171950,173008,172877,172777,173721,175411,178036,182668,186899,190851,194290,198792,200727,207169,213415
Florida,Highlands County,87417,88510,89939,90943,93079,95614,97788,99023,99568,98956,98700,98493,98244,98118,98636,100204,102058,103828,104453,105890,106639,103286,105954,108151
Florida,Hillsborough County,1003435,1028385,1054860,1077462,1108225,1143154,1171826,1184686,1196773,1214050,1233846,1255639,1279861,1304474,1332742,1364645,1398093,1428960,1455351,1476431,1497957,1484844,1523839,1557313
Florida,Holmes County,18553,18757,18880,19254,19319,19523,19824,19991,20141,20147,19855,19841,19704,19604,19578,19292,19426,19458,19512,19661,19594,19136,19324,19662
Florida,Indian River County,113323,115456,118144,120450,125001,127955,131463,134564,136277,137016,138268,139122,140515,141961,144532,147547,151281,154260,157023,159739,162518,163903,167698,170487
Florida,Jackson County,46701,46242,46139,46274,46946,47930,48265,48368,50272,50064,49701,49204,49111,48885,48737,48617,48325,48288,48089,46257,46085,47138,48294,48731
Florida,Jefferson County,12891,12871,13316,13602,14030,14210,14461,14383,14606,14704,14763,14527,14218,14212,14061,14121,13985,14226,14358,14280,14543,14497,15090,15547
Florida,Lafayette County,7011,7153,7287,7356,7630,8131,8341,8398,8465,8435,8891,8801,8791,8819,8860,8722,8760,8603,8649,8384,8482,7957,7786,8192
Florida,Lake County,212347,222297,231519,241489,254625,267587,281329,289909,293654,295511,297950,300547,303806,308088,315493,325338,335209,345848,357086,366941,375492,396414,410981,426782
Florida,Lee County,444311,461037,478889,497662,522431,555029,582678,604716,610984,612297,620151,631198,644451,660197,677710,700243,723467,741188,755159,772268,790767,791013,826567,844226
Florida,Leon County,240571,242583,245404,250673,254188,258083,263076,268519,271130,273263,276058,278420,283707,282006,283923,286098,286960,291125,291905,293866,295460,296057,298181,299024
Florida,Levy County,34644,35118,35964,36530,37510,38355,39447,40204,40809,40880,40735,40165,39835,39449,39317,39630,39885,40339,40839,41620,42214,44169,45291,46665
Florida,Liberty County,6989,7049,7231,7325,7449,7820,8011,8113,8323,8347,8355,8266,8304,8360,8419,8412,8307,8234,8421,8341,8364,7294,7609,7771
Florida,Madison County,18734,18859,18707,18778,19075,19070,19299,19322,19347,19329,19205,19134,18973,18757,18607,18485,18342,18512,18623,18599,18707,17943,17978,18322
Florida,Manatee County,265644,272281,279950,287000,296183,306845,313771,316410,318766,320711,323435,327619,333965,342024,351080,362821,375538,385458,394043,402977,411219,413805,430700,444457
Florida,Marion County,260221,264553,271716,280091,291164,303558,316310,325634,330052,330880,331290,332325,333945,335196,338165,342388,347958,353953,359630,365997,373513,385024,396661,412338
Florida,Martin County,127301,129856,132945,136598,139729,141912,141802,143542,144369,145506,146393,147904,149032,151197,153218,155674,158425,159716,160661,161212,162088,159925,162379,164241
Florida,Miami-Dade County,2259508,2287458,2315747,2336070,2358684,2385872,2405911,2415576,2436062,2463943,2505379,2544511,2576473,2609570,2634056,2659549,2689890,2709126,2709711,2711612,2707303,2669925,2713415,2774250
Florida,Monroe County,79470,79038,78755,78497,77616,75819,73793,72906,72730,72627,73269,73988,74596,75878,76353,76758,76968,76556,74362,73897,73900,82234,82002,81306
Florida,Nassau County,57957,59300,60816,62069,63699,65568,67823,69969,71557,72671,73473,74166,74546,75428,76309,78022,80168,83024,85923,88583,91113,94413,97891,101579
Florida,Okaloosa County,171200,172564,176257,177649,182506,184045,184071,182677,181752,181153,180728,183205,189957,192969,195074,198310,200912,204275,207731,211411,212820,213678,217115,219624
Florida,Okeechobee County,35917,36298,36776,37224,38556,39247,39668,39840,39968,39899,40041,39854,39693,39464,39550,39833,40767,41248,41601,42141,42297,40034,40416,41603
Florida,Orange County,903019,931775,955136,979227,1011681,1053341,1083429,1100663,1115525,1131351,1149500,1170699,1202716,1227761,1257031,1291844,1327775,1357720,1383657,1395371,1404396,1427909,1465146,1501265
Florida,Osceola County,174146,181694,190844,202687,216541,228026,242081,253722,261746,265267,269837,278669,288932,299322,311150,323860,338182,353306,367359,374170,385315,404055,426556,447243
Florida,Palm Beach County,1135787,1160474,1191340,1218100,1252223,1278380,1284489,1286586,1294938,1307371,1323394,1336875,1355149,1376782,1399064,1424772,1451469,1470583,1482833,1497800,1507600,1503677,1531542,1557481
Florida,Pasco County,347038,357653,369665,383238,401648,421844,439529,453579,461313,462607,465543,466529,469755,474501,483590,495130,510319,525533,539129,554032,570412,585290,610584,636049
Florida,Pinellas County,922150,923850,925102,926266,928305,929426,924182,918624,916458,915330,916719,918574,921863,928755,936862,947664,960527,968886,973343,975367,976802,959703,964693,967301
Florida,Polk County,485515,492917,501469,513058,527685,547373,568324,585982,594801,598683,602788,610026,615581,622808,634624,648823,666271,685790,707095,724967,744552,755712,790530,824172
Florida,Putnam County,70433,70585,71386,71853,72831,73792,74663,75107,74999,74546,74262,73657,72936,72380,71987,71961,72410,73418,73968,74309,74815,74116,74805,76211
Florida,St. Johns County,124522,129805,135770,142165,151717,160266,168480,175318,181720,186281,191323,196165,202164,209579,218009,226582,235192,244067,254007,265068,278715,293292,307837,321510
Florida,St. Lucie County,193518,198459,205796,214924,228548,241965,255251,266860,273151,274344,278689,280481,283042,285437,290207,297471,305775,313207,320340,328063,337186,344300,359882,376186
Florida,Santa Rosa County,118360,121261,127438,131463,137241,141132,142983,146158,148538,149544,151966,155796,158285,160519,162840,166451,170224,174413,179573,184587,189139,193751,198363,203569
Florida,Sarasota County,327165,333707,340590,347862,357751,367912,371361,375325,377178,377262,379874,382298,386585,390153,396636,405099,413395,420073,426890,435006,443465,448730,464067,472079
Florida,Seminole County,367378,374593,382846,388141,395230,406840,413218,413571,416564,419788,423508,426382,430626,435640,441583,448535,456266,463052,468195,471791,474171,470935,481084,489254
Florida,Sumter County,53738,55793,59539,61934,64456,69261,76202,82101,86433,90643,94074,98011,101727,106980,112354,117229,122249,125298,129351,133772,139018,134908,144978,152157
Florida,Suwannee County,35071,35679,36186,36812,37597,38687,39533,40309,40774,41263,41495,43365,43533,43578,43777,43670,43849,44125,44206,44420,44851,44139,45370,46134
Florida,Taylor County,19233,19379,19465,20011,20093,20515,20793,21805,22356,22482,22566,22666,22760,22880,22591,22362,22098,21784,21525,21537,21600,20811,21347,21766
Florida,Union County,13450,13598,13662,13787,14470,14856,14873,15419,15718,15340,15524,15308,15266,15165,15260,15268,15256,15455,15302,15213,15182,15852,15490,15993
Florida,Volusia County,444935,451103,458248,466074,476845,486297,494748,498935,497366,494688,494527,494558,496711,500702,507050,517144,529100,538755,547117,554065,561497,566481,580481,592622
Florida,Wakulla County,22924,23779,24458,25062,25832,26706,27785,28588,29183,30459,30826,30977,30860,31009,31418,31529,31894,32055,32369,33636,34319,34287,35159,36472
Florida,Walton County,40755,42391,43935,45578,47518,49392,51145,52355,53563,54534,55233,55613,57215,59232,61244,63145,65488,68110,70874,74127,76648,79744,83100,86338
Florida,Washington County,21023,21316,21287,21537,21967,22216,22860,23469,24706,24693,24899,24516,24747,24506,24300,24556,24469,24577,24845,25647,25932,24856,25426,25545
Georgia,Georgia,8227303,8377038,8508256,8622793,8769252,8925922,9155813,9349988,9504843,9620846,9712587,9803630,9903580,9975592,10071204,10183353,10308442,10417031,10519389,10628020,10710017,10792060,10931805,11064432
Georgia,Appling County,17396,17455,17502,17732,17740,17769,17725,17985,18133,18144,18261,18459,18382,18367,18469,18420,18443,18447,18538,18389,18325,18421,18479,18517
Georgia,Atkinson County,7591,7641,7748,7990,7985,8096,8197,8346,8366,8386,8366,8359,8254,8263,8211,8331,8293,8257,8344,8269,8393,8353,8236,8351
Georgia,Bacon County,10131,10133,10101,10253,10283,10552,10682,10968,10987,11134,11076,11150,11152,11174,11178,11225,11268,11204,11096,11098,11036,11074,11174,11140
Georgia,Baker County,4025,4005,3923,4124,4024,3967,3877,3706,3728,3560,3415,3311,3370,3346,3287,3192,3185,3158,3089,3047,2971,2824,2796,2750
Georgia,Baldwin County,44684,44764,45203,45433,45967,46304,46513,47336,47855,47087,45735,45178,46522,46191,45920,45566,45260,44993,45001,45006,45099,43703,43649,43423
Georgia,Banks County,14544,15025,15485,15836,16250,16683,17076,17550,17953,18208,18415,18245,18128,18216,18220,18375,18292,18607,18918,19175,19352,18597,19404,19863
Georgia,Barrow County,46520,48171,50409,52253,55032,57889,61395,64760,67362,68548,69731,69835,70128,71233,72843,74979,77108,79086,81105,83581,85588,86759,89359,93011
Georgia,Bartow County,76806,79984,83106,85731,87834,90334,92983,95714,98415,99807,100195,100110,100241,100923,101251,102063,103418,105190,106488,107757,109426,110953,112805,114977
Georgia,Ben Hill County,17483,17315,17178,17095,17106,17243,17525,17719,17675,17581,17653,17595,17608,17461,17462,17368,17267,17059,16794,16711,16614,17128,17055,17150
Georgia,Berrien County,16268,16392,16671,17017,17399,17735,18051,18255,18863,19067,19303,19380,19160,19059,18813,18989,18968,19071,19207,19377,19408,18120,18238,18587
Georgia,Bibb County,153857,153548,153929,153697,154159,154003,154510,154286,154384,155154,155715,156297,156701,155138,154447,154068,153212,152920,153069,153191,152737,156005,156115,156676
Georgia,Bleckley County,11654,11781,11757,11807,12018,12127,12553,13016,12985,13034,13098,13077,12888,12742,12706,12710,12868,12769,12833,12923,12955,12274,12270,12455
Georgia,Brantley County,14700,15093,15556,15911,16222,16535,16895,17198,17593,18129,18435,18549,18522,18253,18368,18443,18425,18848,19021,19124,19202,18123,18196,18417
Georgia,Brooks County,16458,16307,16229,16051,16127,16124,16309,16333,16475,16375,16199,15982,15616,15648,15524,15672,15732,15641,15491,15518,15357,16276,16300,16275
Georgia,Bryan County,23474,23867,24377,25069,26061,26557,27346,28302,29178,29987,30382,31300,32293,33082,33726,34860,35916,37091,38151,39692,40755,46976,48316,49876
Georgia,Bulloch County,56146,56808,57361,59314,60832,63048,64304,65768,67092,68598,70729,72642,73114,71830,72667,73137,74660,76046,77332,79718,80839,80682,83027,84332
Georgia,Burke County,22279,22582,22626,22692,22867,22939,22875,22972,23084,23117,23367,23513,23054,22832,22629,22644,22638,22553,22501,22497,22648,24372,24433,24431
Georgia,Butts County,19621,20186,20993,21540,21706,22055,22669,23184,23794,23682,23674,23603,23431,23216,23337,23516,23738,24064,24172,24917,25426,26177,26745,26875
Georgia,Calhoun County,6325,6271,6359,6286,6306,6256,6350,6269,6456,6670,6697,6625,6568,6598,6513,6536,6359,6393,6340,6184,6231,5543,5471,5462
Georgia,Camden County,43824,44469,45299,44568,46096,46673,47086,48947,49713,50024,50697,50344,51402,51478,52000,52549,52602,53211,53816,54784,55388,55796,57036,57991
Georgia,Candler County,9585,9442,9772,9937,10039,10158,10388,10586,10691,10880,11030,11199,11090,10950,10853,10864,10837,10698,10813,10835,10985,10953,11000,11106
Georgia,Carroll County,87932,91132,94087,97396,99774,102526,105853,108947,110242,110433,110661,110733,111428,112290,113970,114501,116180,117437,118094,120115,121633,121592,124564,127293
Georgia,Catoosa County,53549,54638,56024,57614,58866,59745,61095,62539,63271,63874,63975,64771,64893,65258,65516,65841,66350,66570,67402,67585,67996,68446,68840,68935
Georgia,Charlton County,10312,10675,10910,11282,11378,11635,12089,12056,12604,12665,12137,13452,13350,13103,13046,13238,12850,12779,12826,13277,13430,12827,12781,12928
Georgia,Chatham County,232492,234150,236510,237348,240818,242242,246896,251981,255269,262122,265871,271665,276243,277790,282396,286239,289055,289771,289771,290185,289463,295714,301512,304757
Georgia,Chattahoochee County,15047,15780,18043,15289,15515,14096,11828,11965,11624,11955,11136,11270,12293,12271,11738,11075,10065,10197,10548,10991,10551,9047,8773,8588
Georgia,Chattooga County,25419,25675,25688,25981,25537,25506,25640,26230,26146,25894,26016,25689,25635,25062,24871,24918,24847,24757,24836,24846,24843,24850,24921,25176
Georgia,Cherokee County,143777,151189,158682,165585,173105,182128,193241,202544,208271,212232,215129,217769,220690,224372,230239,235424,241929,247944,254277,259475,265274,274778,281455,287243
Georgia,Clarke County,102401,103890,104673,106287,109752,109536,112074,113995,115768,116843,116668,118229,119915,120927,120437,123621,124873,126674,127179,128238,127795,129211,129954,130338
Georgia,Clay County,3353,3360,3314,3303,3233,3216,3232,3262,3233,3201,3175,3163,3107,3017,3074,3080,3015,2971,2901,2901,2866,2868,2862,2869
Georgia,Clayton County,238079,245327,248954,252631,255322,256292,258552,260441,262099,260067,259623,262081,265371,264133,266757,272874,279346,284175,289229,292404,292646,299234,298862,299380
Georgia,Clinch County,6831,6901,6870,6933,6893,6948,6828,6838,6941,6799,6800,6719,6688,6756,6780,6828,6762,6658,6601,6637,6582,6708,6684,6808
Georgia,Cobb County,611505,623006,631018,634638,640346,646754,661913,670438,679822,684776,690063,696629,706517,716265,727847,739428,748767,753361,757133,761060,762944,766747,774162,781208
Georgia,Coffee County,37592,38350,38791,39183,39383,39829,40702,41299,41813,42089,42332,42998,43131,43084,42893,42998,42924,42871,43060,43278,43218,43053,43311,43464
Georgia,Colquitt County,42140,42223,42570,42554,42987,42993,43700,44209,44872,45152,45628,45778,46029,46139,45880,45486,45471,45501,45467,45569,45542,45774,45952,46515
Georgia,Columbia County,90138,92537,95818,98761,102934,106477,110845,115074,117504,121050,124815,128832,132601,136232,139223,143991,147622,151757,154399,157129,160377,159680,162681,165470
Georgia,Cook County,15855,15885,15985,16060,16268,16567,16622,16848,17067,17114,17227,17036,16906,17055,17307,17076,17175,17217,17161,17241,17291,17264,17414,17760
Georgia,Coweta County,90117,93627,97191,100382,104089,108371,113749,118156,122281,125501,127955,129390,130614,132980,135191,138217,140561,143218,146063,148504,150849,149999,153002,156269
Georgia,Crawford County,12408,12496,12553,12592,12784,12875,12943,12895,12967,12711,12591,12576,12567,12474,12395,12351,12250,12236,12273,12345,12231,12140,12197,12335
Georgia,Crisp County,22018,22184,22284,22194,22320,22456,22718,23146,23243,23378,23423,23753,23593,23304,23064,22961,22882,22675,22572,22382,22034,20005,19755,19668
Georgia,Dade County,15199,15520,15658,15901,16028,16188,16411,16648,16651,16657,16609,16605,16528,16466,16299,16176,16249,16270,16238,16103,16057,16220,16114,16188
Georgia,Dawson County,16238,16875,17521,18406,18831,19611,20660,21509,21951,22325,22343,22334,22511,22730,23024,23371,23664,24410,25106,26091,27113,28505,30175,31720
Georgia,Decatur County,28223,27870,27892,27795,27763,27511,27835,27883,28010,28058,27813,27655,27449,27401,27183,27063,26682,26727,26613,26496,26457,29097,29038,29124
Georgia,DeKalb County,668271,670900,669789,668148,666204,668998,676687,680962,685646,690658,692902,698496,710783,718026,725247,734846,747299,751680,755514,759932,762009,759333,764440,768047
Georgia,Dodge County,19168,19513,19771,20180,20319,20550,20954,21225,21399,21659,21775,21606,21511,21424,21167,21133,20866,20777,20858,20672,20452,19739,19903,19799
Georgia,Dooly County,11519,12040,12207,12508,12848,13292,13719,13867,14191,14769,14869,14610,14414,14373,14248,14033,13870,13694,13718,13400,13174,10879,10639,11056
Georgia,Dougherty County,95859,95944,95429,95015,94596,94610,94418,94522,94363,94688,94577,95080,94716,93441,92775,91556,90365,89537,89247,87854,86477,82271,82972,82635
Georgia,Douglas County,92774,95720,98582,102034,107377,113354,119918,125560,129508,131292,132722,133128,133597,136081,138082,140264,141824,143563,145260,146680,147988,145786,147690,149401
Georgia,Early County,12303,12207,12047,11978,11800,11749,11648,11429,11262,11101,10988,10791,10641,10543,10451,10459,10310,10313,10255,10176,10037,10638,10567,10570
Georgia,Echols County,3782,3774,3751,3844,3926,3946,3913,3938,3954,4012,4050,4063,3965,3992,4027,4024,3934,3888,3933,3963,4002,3697,3694,3739
Georgia,Effingham County,37755,39116,40757,42168,43674,45729,47823,49660,50738,51908,52436,52709,53360,54456,55452,57125,58705,60121,62274,64342,65765,66795,69030,71549
Georgia,Elbert County,20464,20544,20610,20572,20693,20593,20631,20551,20477,20335,20112,19822,19577,19492,19391,19303,19122,19104,19053,19205,19335,19572,19853,20003
Georgia,Emanuel County,21851,21683,21511,21616,21579,21777,22091,22109,22421,22456,22664,22489,22727,22626,22476,22465,22405,22528,22582,22600,22507,22907,22953,23146
Georgia,Evans County,10531,10691,10885,11020,10889,10895,10889,10899,11020,11016,11007,10983,10678,10792,10808,10690,10633,10747,10677,10661,10638,10704,10662,10753
Georgia,Fannin County,19954,20412,21041,21424,21873,22174,22758,23185,23416,23661,23663,23647,23617,23835,23869,24455,25051,25348,25995,26068,26521,25800,25702,25916
Georgia,Fayette County,92073,94086,95707,97634,99443,101961,104099,104989,105192,105493,106945,107171,107343,108103,109259,110215,111294,112626,113333,114645,115821,120751,122150,123698
Georgia,Floyd County,90837,91181,92597,93539,94014,94332,95165,95308,95922,96383,96274,96174,95944,95901,95894,96209,96730,97459,97907,98325,98604,98498,99586,100407
Georgia,Forsyth County,100400,108491,115797,122698,129639,137643,147228,157129,166338,171993,176738,181828,186848,193875,202697,211368,220856,229367,237330,244624,250847,260816,268075,274535
Georgia,Franklin County,20314,20703,20942,21193,21430,21725,21956,22195,22254,22152,22048,21982,21927,22056,22187,22281,22333,22876,23039,23322,23504,23518,24151,24815
Georgia,Fulton County,816190,820213,815224,812568,809481,818737,845181,869329,888694,905511,926197,947582,973464,981844,992321,1005752,1023816,1039996,1051516,1065019,1077402,1062576,1076569,1083971
Georgia,Gilmer County,23634,24229,24920,25575,26175,26808,27665,27996,28211,28174,28335,28329,28291,28721,28999,29512,29897,30470,31011,31575,31978,32102,32413,32868
Georgia,Glascock County,2574,2586,2618,2644,2720,2763,2893,2988,3010,3066,3080,3103,3107,3060,3008,3020,2976,3031,2968,2959,2984,2897,2919,2943
Georgia,Glynn County,67696,68558,69408,70391,71475,72589,74870,76513,78013,78946,79816,80123,80889,81533,82212,83368,84211,84836,85099,85326,85568,84773,85202,86229
Georgia,Gordon County,44401,45757,46939,48145,49426,50602,52161,53409,54567,54945,55214,55522,55691,55767,55848,56330,57015,57204,57737,58046,58780,58252,58909,59844
Georgia,Grady County,23624,23635,23635,23716,23840,24031,24384,24624,24728,24893,25060,25103,25283,25120,25236,25106,24895,24762,24730,24588,24491,25858,26056,26130
Georgia,Greene County,14389,14703,14984,15110,15330,15499,15587,15823,15869,15934,16006,16049,16116,16241,16418,16620,16892,17225,17730,18356,18837,19553,20136,20733
Georgia,Gwinnett County,595584,620025,641986,663391,687468,710978,740267,764129,780721,796276,808719,822407,836854,853496,871052,888597,905291,918681,928072,937399,942627,965458,980015,991602
Georgia,Habersham County,36095,36914,37421,38051,38491,39155,40616,41865,42550,42947,43080,43041,43373,43146,43553,43775,44166,44687,45580,45542,46047,46753,47558,48851
Georgia,Hall County,140993,146148,150229,153561,156385,160979,166524,172446,177277,178503,180253,182299,184136,186459,189156,192249,196176,198854,201396,204310,206591,206998,213126,218248
Georgia,Hancock County,10066,10022,9829,9764,9673,9634,9650,9889,9808,9508,9391,9394,9078,8952,8571,8579,8644,8545,8344,8475,8494,8676,8453,8730
Georgia,Haralson County,25788,26232,26676,27227,27621,27987,28121,28558,28645,28774,28774,28474,28325,28357,28513,28733,28860,29286,29626,29884,30383,30601,31340,32040
Georgia,Harris County,23912,24547,25327,26256,27180,28170,29289,30276,30807,31494,32167,32303,32564,32532,32730,33147,33615,33945,34552,35188,36080,35594,36308,36700
Georgia,Hart County,23046,23049,23286,23402,23966,24376,24764,24894,25138,25108,25217,25414,25512,25458,25367,25415,25459,25708,26078,26255,26406,26326,26877,27557
Georgia,Heard County,11038,11173,11207,11169,11273,11350,11553,11618,11809,11765,11854,11729,11652,11564,11622,11557,11578,11748,11801,11825,11973,11531,11720,12052
Georgia,Henry County,121774,131000,140747,150928,159971,169607,180304,188736,194658,199622,205265,206934,208047,210089,213059,216548,221040,225246,229873,234671,239139,245127,248559,254934
Georgia,Houston County,111294,113432,116411,119396,123723,126201,128978,132373,134922,137416,140713,143557,145630,147352,148429,149197,151287,152757,155004,157427,160110,167245,169791,171955
Georgia,Irwin County,9905,9953,9775,9777,9402,9779,9852,9493,9803,9536,9528,9677,9598,9345,9077,9137,9307,9362,9395,9442,9387,9376,9121,9123
Georgia,Jackson County,41845,43367,44940,46230,48288,50607,54037,57521,59420,60052,60706,60985,60860,61286,62125,63439,65091,67681,70347,73015,76199,80394,84102,88723
Georgia,Jasper County,11496,11629,12027,12417,12588,12985,13370,13569,13769,13842,13926,13832,13638,13594,13530,13679,13776,13881,14024,14207,14483,15275,15985,16496
Georgia,Jeff Davis County,12734,12877,13088,13234,13433,13729,14028,14204,14577,14892,15091,15161,15194,15041,14927,15012,14954,15033,15015,15101,15213,14865,14909,14927
Georgia,Jefferson County,17229,17121,17091,17019,16988,16924,16889,16830,16925,17067,16884,16772,16351,16245,16127,15926,15773,15638,15423,15344,15267,15480,15318,15211
Georgia,Jenkins County,8584,8577,8543,8518,8490,8510,8533,8442,8340,8339,8345,8124,9114,9196,9040,8906,8823,8844,8790,8734,8746,8769,8661,8628
Georgia,Johnson County,8567,8768,9436,9456,9613,9516,9638,10107,10127,9990,9971,10003,10008,9909,9813,9717,9679,9750,9767,9724,9667,9004,9255,9328
Georgia,Jones County,23762,24315,24909,25738,26537,27189,27563,28000,28552,28710,28634,28724,28610,28563,28641,28432,28572,28459,28603,28689,28787,28406,28514,29000
Georgia,Lamar County,16024,16464,16289,16470,16567,16961,17115,17476,18025,18233,18335,18153,18026,17926,18187,18229,18462,18582,18866,19001,19261,18702,19489,20420
Georgia,Lanier County,7283,7253,7422,7748,7824,8068,8509,9013,9560,9810,10126,10481,10462,10405,10362,10264,10444,10456,10450,10581,10737,10052,10207,10452
Georgia,Laurens County,44931,45123,45634,46277,46329,46751,47287,47649,48192,48601,48439,47841,47819,47727,47553,47491,47287,47362,47293,47567,47512,49526,49705,49932
Georgia,Lee County,24808,24945,25115,25260,25965,26505,27365,27792,28111,28326,28397,28585,28718,29055,29139,29191,29203,29429,29764,30045,30234,33210,33699,33928
Georgia,Liberty County,61811,61388,62505,60403,63254,64718,63047,63708,62635,67061,62819,65210,64482,62438,64217,61762,61672,61819,60887,62813,63004,66771,68031,68235
Georgia,Lincoln County,8335,8375,8375,8357,8284,8274,8198,8161,8156,8073,7966,7872,7764,7734,7644,7720,7859,7859,7927,7969,8031,7750,7872,7898
Georgia,Long County,10370,10551,10894,10849,11355,11677,12152,12381,12744,13787,14644,15097,16013,16510,17058,17695,18392,18822,19148,19647,20171,17105,18409,19651
Georgia,Lowndes County,92206,92402,93903,94207,96510,98273,100592,101752,104918,107583,109734,111519,114141,112985,113630,113501,114457,115495,116361,117600,118268,118966,119547,120800
Georgia,Lumpkin County,21251,22152,23048,24162,24916,25884,27300,28228,29128,29723,29998,30453,30684,30872,31122,31292,31422,32812,32934,33692,34186,32844,34763,35268
Georgia,McDuffie County,21269,21323,21141,21155,21256,21419,21564,21527,21790,21836,21876,21614,21630,21506,21529,21470,21481,21517,21545,21317,21162,21628,21727,21860
Georgia,McIntosh County,10948,11401,11648,11878,12182,12408,12950,13623,13973,14268,14271,14226,13887,14030,14067,14033,14068,14092,14243,14294,14387,11056,11190,11532
Georgia,Macon County,14025,14186,14245,14294,14304,14241,14364,14402,14496,14842,14662,14452,14297,13973,13822,13689,13483,13255,13153,12934,12712,11854,11778,11838
Georgia,Madison County,25800,26046,26512,26857,26859,27123,27347,27649,27820,28008,28167,28186,28081,28213,28376,28431,28833,29253,29653,29925,30457,30891,31447,32255
Georgia,Marion County,7189,7322,7400,7521,7637,7818,8089,8255,8357,8561,8753,8699,8672,8581,8636,8561,8490,8438,8392,8413,8516,7431,7464,7485
Georgia,Meriwether County,22526,22524,22726,22615,22563,22587,22694,22506,22632,22446,21849,21596,21331,21214,21201,21167,21052,21011,21061,21112,21164,20733,20892,20964
Georgia,Miller County,6351,6372,6336,6206,6135,6096,6104,6124,6158,6131,6123,6072,6004,5900,5943,5847,5875,5816,5646,5667,5622,5852,5790,5790
Georgia,Mitchell County,23965,23872,23698,23594,23520,23363,23579,23974,23840,23592,23500,23399,23086,22990,22712,22449,22443,22313,22156,21846,21602,21326,21182,20778
Georgia,Monroe County,21824,22092,22767,23499,23648,24080,24924,25726,25969,26233,26467,26301,26336,26585,26637,26683,26880,27153,27523,27677,28042,28752,29455,30616
Georgia,Montgomery County,8234,8505,8532,8805,9040,8997,9165,9175,9100,9136,9116,9027,8883,8954,8978,8939,8996,9032,9157,9148,9012,8640,8656,8767
Georgia,Morgan County,15531,15951,16244,16397,16604,16925,17316,17648,17958,17921,17862,17906,17807,17681,17894,17947,18097,18374,18808,19239,19636,20660,21048,21537
Georgia,Murray County,36737,37683,38167,38998,39465,39723,40173,40138,39869,39888,39559,39363,39311,39173,39212,39426,39322,39761,39836,39996,40032,39976,40432,41072
Georgia,Muscogee County,186478,186375,185139,180838,185057,186543,189464,184704,184763,188796,190417,195340,199077,203370,200746,198925,196354,193858,194362,196074,196442,205094,202658,201959
Georgia,Newton County,62768,66823,71102,75610,80603,85647,90647,95699,98240,99494,100086,100446,100965,102060,103470,104920,106529,107903,109556,111894,113295,115356,117970,120529
Georgia,Oconee County,25874,26135,26501,27334,27904,28616,29720,30755,31697,32386,32984,33269,33521,34084,35077,35861,36928,38122,39500,40296,41124,43049,43676,44256
Georgia,Oglethorpe County,12688,12902,13152,13369,13591,13699,14030,14382,14663,14784,14919,14700,14500,14415,14532,14722,14710,14851,15034,15222,15383,15187,15532,15788
Georgia,Paulding County,83026,88910,94561,100340,106350,113132,122635,131172,137066,140761,142741,143606,144750,146775,148562,151691,155415,159642,164482,169302,173359,173998,178885,183535
Georgia,Peach County,23871,24063,24348,24595,24818,24756,25510,26467,27222,27474,27741,28031,28012,27411,27391,27216,27111,27179,27574,27697,27950,28254,28484,28807
Georgia,Pickens County,23412,24334,25258,26209,26810,27277,28169,29095,29531,29542,29436,29390,29258,29389,29807,30139,30654,31542,32039,32648,33127,34035,34817,35975
Georgia,Pierce County,15702,15811,15995,16278,16755,17179,17502,17933,18210,18564,18818,18769,18902,19015,19004,19089,19116,19200,19398,19443,19522,19978,20176,20443
Georgia,Pike County,13571,13834,14445,14881,15474,15908,16590,17220,17619,17721,17905,17792,17780,17784,17774,17935,17916,18213,18622,18953,19121,19545,19936,20422
Georgia,Polk County,38178,38612,39109,39246,39564,39860,40372,40789,41407,41386,41523,41277,41097,40972,40876,41209,41584,41842,42373,42616,42840,43322,43706,44363
Georgia,Pulaski County,9655,9882,10168,10351,10646,10890,11183,11445,11638,11903,11991,11855,11716,11578,11520,11409,11296,11197,11079,11161,11191,9572,9953,10114
Georgia,Putnam County,18834,19152,19366,19494,19810,20012,20368,20800,21075,21179,21205,21242,21135,21280,21142,21310,21502,21676,21749,22083,22520,22614,22928,23183
Georgia,Quitman County,2596,2607,2547,2478,2457,2519,2545,2529,2547,2497,2521,2454,2407,2368,2287,2277,2323,2334,2254,2300,2271,2239,2254,2278
Georgia,Rabun County,15070,15310,15458,15691,15757,15934,16090,16306,16359,16295,16280,16257,16303,16184,16159,16224,16493,16560,16853,17116,17273,17119,17292,17525
Georgia,Randolph County,7773,7786,7747,7699,7726,7707,7786,7758,7645,7736,7696,7570,7310,7202,7315,7153,7150,6974,6826,6806,6682,6262,6155,6113
Georgia,Richmond County,199547,199443,198670,196958,196883,195837,196449,196483,198423,198489,201005,200618,201827,201457,201448,201639,202179,201965,202027,202639,202079,205331,206510,205646
Georgia,Rockdale County,70724,71875,73158,74860,76577,78086,79911,82146,83558,84625,85434,85423,85453,86522,87222,88424,88995,89800,90402,90639,90939,93899,95016,96263
Georgia,Schley County,3791,3860,3920,3976,4070,4270,4374,4601,4835,4954,5010,5043,5023,5095,5189,5208,5179,5236,5212,5254,5196,4488,4503,4534
Georgia,Screven County,15341,15057,15226,15040,15047,15065,14884,14865,14843,14905,14500,14403,14170,14145,14001,14060,14015,13953,13960,13945,14012,14067,13977,14204
Georgia,Seminole County,9329,9251,9210,9033,9065,8905,8869,8800,8827,8760,8727,8766,8869,8844,8596,8559,8424,8249,8266,8090,8060,9166,9129,9080
Georgia,Spalding County,58497,58927,59699,60222,60588,61091,61971,62682,63651,64135,64081,64045,63693,63521,63703,63826,64523,65348,66092,66835,67414,67698,69015,69992
Georgia,Stephens County,25482,25594,25625,25432,25314,25332,25488,25620,26004,26069,26193,25763,25721,25571,25429,25475,25680,25785,26083,26017,26107,26769,26724,27255
Georgia,Stewart County,5284,5358,5424,5472,5534,5595,5627,5691,5814,5968,6053,6065,6106,5555,5882,5969,6129,6329,6434,6649,6689,4913,4634,4697
Georgia,Sumter County,33448,33447,33362,33178,32902,32622,32785,32987,33012,32724,32816,31993,31509,31265,31089,30625,30334,29838,29713,29401,29282,28989,28880,28942
Georgia,Talbot County,6563,6675,6749,6696,6775,6906,6959,7026,6899,6873,6844,6854,6643,6556,6535,6499,6361,6254,6281,6188,6143,5757,5759,5715
Georgia,Taliaferro County,2076,2031,2040,1923,1903,1858,1863,1851,1820,1774,1698,1705,1673,1687,1691,1641,1616,1612,1610,1549,1562,1567,1600,1601
Georgia,Tattnall County,22322,22242,22276,22485,23034,23165,23417,23444,23801,25068,25585,25435,25457,25632,25319,25394,25352,25420,25508,25317,25365,24100,24012,24328
Georgia,Taylor County,8821,8756,8837,8879,8918,8860,8798,8868,8945,8854,8911,8513,8434,8456,8453,8316,8256,8181,8067,8051,8074,7770,7767,7793
Georgia,Telfair County,11893,12155,12347,13887,14685,15070,15401,15932,16230,16200,16497,16242,16364,16624,16448,16448,15960,15912,15888,15813,15781,12319,12416,10969
Georgia,Terrell County,10935,10822,10607,10641,10453,10134,9969,9701,9648,9596,9321,9390,9225,9167,9081,9016,8873,8698,8601,8573,8523,8927,8782,8704
Georgia,Thomas County,42829,42674,42555,42956,42762,43556,43901,44269,44627,44689,44769,44591,44535,44783,44784,44819,44967,44623,44336,44427,44372,45835,45542,45666
Georgia,Tift County,38348,38133,38217,38215,38622,38789,39503,39720,39806,39748,40339,41160,40947,40180,40456,40538,40562,40455,40562,40653,40719,41095,41378,41620
Georgia,Toombs County,26137,26040,26031,26009,26166,26539,26851,27185,27345,27079,27297,27198,27170,27184,27131,27151,27141,26868,26910,26844,26973,26854,26881,27198
Georgia,Towns County,9348,9499,9532,9745,9872,9940,10281,10452,10485,10444,10488,10577,10560,10784,11081,11208,11416,11557,11844,12009,12247,12880,12944,13007
Georgia,Treutlen County,6862,6895,6881,6924,6949,6679,6771,6773,6847,6906,6876,6823,6787,6686,6813,6807,6720,6751,6780,6860,6822,6364,6353,6351
Georgia,Troup County,58923,59844,60224,60791,62001,63233,63897,64894,65860,66422,67187,67651,68324,68859,69341,69666,69990,70123,70091,70059,70214,69535,70297,70957
Georgia,Turner County,9475,9512,9514,9407,9310,9245,9133,9111,9029,8900,8950,8941,8446,8208,8069,7988,7970,7902,7917,7929,7882,8920,8842,8926
Georgia,Twiggs County,10556,10418,10503,10461,10266,9978,9715,9545,9442,9257,8968,8836,8560,8522,8399,8353,8263,8268,8179,8164,8103,7880,7688,7706
Georgia,Union County,17398,17822,18349,19018,19378,19856,20460,20988,21285,21338,21342,21265,21342,21440,21782,22029,22664,23406,23961,24606,25358,25605,26400,27115
Georgia,Upson County,27746,27788,27624,27648,27514,27440,27349,27423,27321,27360,27087,26919,26561,26425,26166,26237,26243,26223,26249,26402,26527,27685,28098,28265
Georgia,Walker County,61268,62109,62841,63478,64228,65160,66343,67405,68103,68612,68761,68825,68487,68643,68714,68604,68509,69087,69507,69769,70116,68425,68887,69410
Georgia,Walton County,61413,63847,66103,68161,70334,73696,77057,80440,82602,83353,84004,84647,84998,86068,87557,88373,89886,91389,93450,94818,96875,99804,103056,106778
Georgia,Ware County,35421,35426,35203,35222,34991,35011,35624,36016,36065,35985,36340,36279,35896,35745,35520,35337,35675,35705,35703,35816,35826,35554,35608,36263
Georgia,Warren County,6275,6356,6270,6229,6195,6153,6038,5981,5942,5914,5804,5679,5546,5520,5459,5375,5355,5263,5227,5220,5232,5215,5168,5108
Georgia,Washington County,21188,21170,21000,21110,21088,20155,20805,21155,21202,21240,21156,20971,20791,20575,20549,20734,20349,20313,20418,20352,20150,19772,19791,19891
Georgia,Wayne County,26596,26888,27308,27860,28227,28522,28929,29421,30042,30016,30115,30301,30331,30009,29916,29460,30038,29843,29874,30017,30023,30231,30786,31449
Georgia,Webster County,2398,2369,2389,2488,2549,2576,2630,2735,2710,2772,2789,2764,2766,2670,2612,2632,2607,2586,2575,2573,2595,2364,2351,2367
Georgia,Wheeler County,6174,6697,6584,6576,6500,6701,6954,6918,7018,7150,7423,8078,7932,7934,7984,7909,8012,7958,7891,7870,7751,7742,7307,7097
Georgia,White County,20186,21124,22281,23178,24015,24690,25575,26173,26626,26949,27168,27401,27626,27831,28025,28389,28793,29429,29893,30601,31094,28404,28810,29056
Georgia,Whitfield County,84222,86332,88041,89478,91842,94162,96408,98654,100546,101009,102934,102909,102926,102691,103039,103621,104314,104086,104109,104265,103837,102729,103252,104147
Georgia,Wilcox County,8632,8868,8766,8837,8882,8789,8868,8889,9023,9156,9270,9248,9069,9054,8929,9015,8834,8780,8784,8607,8502,8745,8747,8801
Georgia,Wilkes County,10694,10658,10695,10736,10613,10553,10586,10524,10630,10571,10590,10230,10093,9931,9960,9927,9808,9868,9845,9769,9694,9490,9585,9552
Georgia,Wilkinson County,10193,10227,10126,10040,9968,9881,9793,9750,9691,9652,9540,9413,9481,9361,9283,9080,9021,8953,9005,8936,8812,8794,8689,8747
Georgia,Worth County,21983,22019,21873,21874,21873,21670,21783,21646,21701,21799,21630,21516,21356,21058,21010,20692,20732,20532,20307,20185,19972,20568,20420,20271
Hawaii,Hawaii,1213519,1225948,1239613,1251154,1273569,1292729,1309731,1315675,1332213,1346717,1363621,1379562,1395199,1408822,1415335,1422999,1428885,1425763,1423102,1415615,1407006,1447029,1440359,1441387
Hawaii,Hawaii County,149244,151690,154576,158442,162852,168237,173536,177733,181506,183629,185406,187101,189199,191521,193812,196111,198583,200400,202263,202165,203340,203933,206324,208043
Hawaii,Honolulu County,876629,882755,890473,894311,907997,918181,926954,925335,933680,943177,955775,967510,978295,986494,988002,991755,993044,986973,981076,973491,963826,1004349,995652,994576
Hawaii,Kalawao County,145,138,133,127,117,114,109,105,99,93,90,90,89,89,89,88,88,87,87,87,87,81,81,81
Hawaii,Kauai County,58568,59075,59981,60805,62095,62863,63465,64490,65603,66518,67226,67894,68680,69653,70316,71052,71574,71838,72292,72190,71851,73851,73823,73933
Hawaii,Maui County,128933,132290,134450,137469,140508,143334,145667,148012,151325,153300,155124,156967,158936,161065,163116,163993,165596,166465,167384,167682,167902,164815,164479,164754
Idaho,Idaho,1299430,1319962,1340372,1363380,1391802,1428241,1468669,1505105,1534320,1554439,1571450,1584272,1595910,1612053,1632248,1652495,1684036,1719745,1752074,1789060,1826913,1904848,1944299,1971122
Idaho,Ada County,303328,313896,321616,327393,334926,348755,363498,375368,382618,388577,393531,401352,409032,416180,425774,433254,444929,456994,469161,481880,494399,513098,520788,526690
Idaho,Adams County,3477,3495,3559,3624,3693,3817,3788,3949,4021,4000,3953,3981,3907,3865,3884,3891,3944,4128,4215,4265,4447,4621,4780,4898
Idaho,Bannock County,75728,76296,76487,76312,76834,77419,78491,79338,80609,81994,83071,83657,83781,83494,83587,84263,84762,85571,86761,87822,88795,88523,89871,90585
Idaho,Bear Lake County,6424,6394,6219,6219,6170,6077,6071,6049,6027,6014,5971,5961,5897,5953,5931,5883,5940,6029,6026,6131,6143,6569,6751,6783
Idaho,Benewah County,9186,8968,8917,8901,8907,9053,9260,9296,9385,9286,9285,9176,9129,9033,9035,8999,9033,9167,9222,9303,9430,9900,10301,10400
Idaho,Bingham County,41753,42073,42101,42555,42702,43173,43396,43816,44414,45087,45769,45903,45519,45435,45226,45071,45313,45888,46054,46772,47202,48938,49997,50398
Idaho,Blaine County,19115,19755,20189,20557,20811,20897,21082,21169,21477,21590,21326,21085,21131,21333,21471,21659,22069,22401,22736,23012,23426,24784,25186,25180
Idaho,Boise County,6702,6733,6854,6977,7004,6981,7151,7229,7148,7051,7032,6986,6792,6722,6780,6963,7099,7370,7689,7903,8065,8133,8426,8560
Idaho,Bonner County,36950,36980,37634,38382,38836,39576,40127,40738,40966,40809,40915,40795,40367,40553,41330,41656,42423,43715,44709,45774,46817,49649,51521,52709
Idaho,Bonneville County,82968,83907,85060,86846,89514,91709,94756,97890,100811,103016,104592,105833,106788,107407,108285,109916,112162,114608,116661,119286,122134,128072,129690,131475
Idaho,Boundary County,9913,9816,9834,9960,10163,10303,10530,10754,10831,10819,11026,10822,10816,10856,10963,11310,11714,11995,12073,12340,12656,12627,13377,13677
Idaho,Butte County,2894,2853,2906,2842,2812,2825,2786,2838,2846,2835,2907,2832,2758,2665,2658,2565,2573,2582,2592,2620,2646,2665,2692,2747
Idaho,Camas County,968,1000,1025,1029,1022,1069,1073,1103,1120,1133,1109,1113,1081,1041,1052,1068,1078,1092,1098,1091,1130,1137,1168,1232
Idaho,Canyon County,133082,139179,145160,151395,157130,163947,172188,179645,184996,187357,189428,191392,193784,198661,202542,206956,211573,217037,223518,230270,237053,243752,251532,258742
Idaho,Caribou County,7281,7326,7161,7105,7106,6963,6886,6873,6840,6922,6977,6841,6770,6788,6793,6732,6870,6980,7019,7149,7123,7115,7208,7233
Idaho,Cassia County,21393,21557,21504,21466,21323,21372,21281,21568,22134,22476,23088,23111,23265,23344,23503,23497,23477,23661,23769,24052,24277,25242,25625,25817
Idaho,Clark County,1024,965,948,892,923,925,947,948,981,961,988,955,885,879,889,885,867,878,845,838,852,794,812,801
Idaho,Clearwater County,8930,8689,8579,8596,8610,8659,8776,8788,8764,8761,8740,8609,8579,8570,8564,8554,8660,8651,8759,8761,8846,8927,9034,9192
Idaho,Custer County,4336,4223,4143,4116,4129,4084,4155,4200,4300,4363,4366,4325,4327,4226,4134,4061,4089,4138,4216,4273,4249,4444,4503,4531
Idaho,Elmore County,28610,27613,27047,25972,26355,25919,25927,26595,26930,26769,27123,26237,26314,26296,26257,25861,26178,26907,27309,27373,27448,28994,29494,29706
Idaho,Franklin County,11350,11463,11687,11718,11959,12079,12085,12277,12570,12757,12794,12813,12801,12809,12924,12974,13345,13501,13718,13898,14215,14673,15172,15516
Idaho,Fremont County,11769,11891,12029,12370,12640,12610,12770,13005,13112,13173,13251,13116,12973,12881,12815,12824,12932,13140,13162,13105,13218,13593,14048,14258
Idaho,Gem County,15215,15393,15488,15693,15925,16304,16632,16833,16941,16809,16675,16696,16638,16582,16665,16706,17005,17351,17622,18174,18703,19813,20739,21384
Idaho,Gooding County,14196,14215,14342,14483,14562,14614,14749,14963,15216,15270,15503,15352,15246,15162,15080,15181,15150,15155,15187,15290,15618,15806,15890,16113
Idaho,Idaho County,15470,15447,15495,15410,15555,15522,15638,15770,15896,16138,16291,16465,16448,16256,16285,16312,16247,16392,16469,16623,16823,17059,17670,17928
Idaho,Jefferson County,19193,19322,19802,20249,20842,21674,22439,23475,24696,25770,26236,26315,26642,26809,26948,27133,27827,28448,29418,29918,30581,32208,33365,34259
Idaho,Jerome County,18493,18579,18730,18971,19331,19654,20111,20572,21217,22039,22469,22516,22572,22759,22918,22960,23438,23791,24078,24486,24578,24740,25228,25574
Idaho,Kootenai County,109487,111542,113667,116512,121002,125972,129510,132811,135627,137407,138901,140986,142173,144019,146687,149566,153221,157594,161279,165656,170628,180089,183540,185237
Idaho,Latah County,34878,35285,35183,35473,35864,35958,36251,36179,36524,36939,37334,37872,38127,38262,38570,38860,39157,39903,39996,40372,40830,40406,41330,41691
Idaho,Lemhi County,7724,7593,7590,7600,7660,7708,7795,7780,7902,7870,7957,7985,7769,7718,7728,7744,7715,7837,7974,8067,8054,8158,8286,8447
Idaho,Lewis County,3740,3599,3673,3671,3669,3665,3712,3707,3739,3832,3816,3805,3820,3805,3813,3792,3850,3883,3835,3845,3838,3689,3727,3740
Idaho,Lincoln County,4051,4159,4242,4372,4441,4694,4762,4938,5041,5151,5211,5135,5267,5333,5336,5312,5304,5361,5360,5325,5358,5289,5365,5444
Idaho,Madison County,27519,27699,28478,29997,31990,33807,34984,35771,36564,37121,37623,37937,37712,37607,38005,38120,39111,39540,39451,40205,40318,54079,55427,55123
Idaho,Minidoka County,20103,19603,19542,19389,19167,19013,19046,19184,19393,19884,20112,20208,20156,20399,20340,20431,20609,20683,20667,20910,21216,21951,22202,22526
Idaho,Nez Perce County,37398,36999,37111,37696,37798,38071,38513,38720,38810,39049,39339,39444,39512,39819,39873,40039,40200,40376,40408,40601,40755,42511,43003,42978
Idaho,Oneida County,4135,4176,4125,4089,4086,4137,4146,4167,4201,4248,4298,4232,4224,4256,4177,4249,4302,4393,4429,4500,4520,4604,4740,4955
Idaho,Owyhee County,10690,10877,10876,11033,10990,10993,11114,11255,11515,11547,11512,11378,11411,11396,11292,11294,11368,11632,11664,11823,12133,12362,12644,12762
Idaho,Payette County,20624,20796,20966,21133,21139,21484,21916,22437,22618,22665,22621,22561,22697,22581,22790,22833,22927,23218,23560,24051,24771,26385,26934,27284
Idaho,Power County,7484,7422,7371,7293,7432,7426,7564,7532,7564,7628,7879,7783,7833,7794,7734,7690,7653,7587,7654,7636,7643,7980,8122,8301
Idaho,Shoshone County,13762,13464,13044,12897,12781,12912,13014,12949,13031,12862,12729,12664,12703,12675,12380,12446,12428,12511,12781,12868,12911,13623,13951,14072
Idaho,Teton County,6098,6455,6849,7193,7460,7814,8270,8932,9627,10041,10193,10161,10128,10410,10450,10744,11179,11463,11640,12096,12501,12273,12553,12632
Idaho,Twin Falls County,64360,64556,65473,67092,68309,69833,71974,73738,75143,76271,77517,78108,78564,79919,81019,82289,83847,85439,86166,87127,88411,92410,93973,95404
Idaho,Valley County,7659,7773,7762,8003,8283,8779,9480,9929,10060,9975,9787,9639,9544,9585,9805,10058,10438,10700,11054,11443,11792,12258,12436,12630
Idaho,Washington County,9970,9936,9904,9904,9947,9995,10025,10027,10095,10173,10205,10135,10028,9916,9956,9894,10030,10055,10070,10126,10360,10905,11198,11508
Illinois,Illinois,12434161,12488445,12525556,12556006,12589773,12609903,12643955,12695866,12747038,12796778,12843166,12867783,12883029,12895778,12885092,12859585,12821709,12779893,12724685,12667017,12587530,12700641,12621821,12642259
Illinois,Adams County,68183,68014,67776,67267,66818,66920,67106,66943,66943,67039,67120,67214,67149,67005,66983,66850,66490,66073,65603,65402,64783,65077,64526,64435
Illinois,Alexander County,9684,9592,9592,9254,9186,8914,8730,8552,8461,8295,8209,7993,7721,7242,7084,6763,6448,6276,6043,5791,5497,5028,4859,4723
Illinois,Bond County,17659,17586,17735,17960,18101,17988,18004,18077,17916,17747,17778,17727,17538,17332,17076,16688,16553,16654,16668,16458,16262,16797,16716,16637
Illinois,Boone County,42052,43220,44585,46242,47893,49725,51797,53512,54211,54154,54160,54123,53729,53737,53702,53571,53559,53481,53368,53281,52777,53173,53084,53239
Illinois,Brown County,6977,6984,6925,6997,6968,6917,6875,6833,6896,6963,6919,6883,6893,6867,6836,6755,6636,6614,6580,6619,6546,6444,6321,6301
Illinois,Bureau County,35456,35181,35057,35080,34951,34977,35183,35153,35078,35058,34941,34631,34350,34112,33858,33494,33393,33134,32938,32621,32303,32999,32862,32758
Illinois,Calhoun County,5086,5045,4987,5122,5138,5163,5174,5160,5084,5082,5088,5047,4983,5006,4923,4858,4872,4847,4834,4740,4616,4392,4335,4293
Illinois,Carroll County,16611,16405,16312,16267,16102,15914,15866,15734,15638,15476,15361,15229,15121,14969,14783,14638,14601,14473,14337,14338,14241,15712,15553,15492
Illinois,Cass County,13675,13677,13549,13674,13640,13670,13611,13699,13660,13623,13646,13625,13427,13293,13079,12843,12677,12525,12353,12141,11925,12778,12672,12779
Illinois,Champaign County,180041,181956,184198,187013,188617,190659,193844,196621,197570,199968,201332,203239,204697,206527,208068,209534,210388,210630,210206,209612,209192,207232,208033,209813
Illinois,Christian County,35383,35240,35181,35172,35308,35165,35076,35034,34974,34808,34786,34705,34522,34155,33824,33480,33268,33045,32709,32427,32075,33731,33410,33319
Illinois,Clark County,16969,16829,16844,16750,16718,16728,16669,16682,16634,16431,16309,16205,16265,16105,16060,15881,15860,15824,15594,15465,15268,15375,15211,15218
Illinois,Clay County,14409,14260,14228,14194,14142,14134,14061,13975,13971,13826,13802,13721,13710,13550,13441,13395,13309,13259,13260,13177,13079,13166,13053,12945
Illinois,Clinton County,35565,35792,36003,36231,36495,36681,37051,37160,37472,37459,37833,38024,37908,37725,37637,37657,37594,37649,37666,37440,37398,36898,36987,36886
Illinois,Coles County,53114,52549,52454,52974,53182,53016,53359,53492,53454,53612,53924,53632,53333,53075,52552,52217,51820,51403,50946,50774,50383,47136,46708,46532
Illinois,Cook County,5373418,5360562,5328775,5294739,5252021,5207615,5165495,5154235,5161831,5181728,5200950,5219636,5239105,5252513,5254108,5243371,5223386,5199582,5171007,5145326,5108284,5185134,5133106,5142522
Illinois,Crawford County,20411,20363,20204,20106,20059,20051,19966,19886,19831,19845,19794,19779,19594,19441,19290,19262,19139,18979,18849,18686,18512,18673,18516,18342
Illinois,Cumberland County,11318,11238,11171,11066,11078,11057,11103,11077,11100,11044,11041,11084,10955,10911,10931,10869,10884,10887,10782,10733,10649,10358,10296,10272
Illinois,DeKalb County,89237,90545,91951,94096,96106,98438,101437,103746,104601,105146,105201,104466,104385,104226,104593,104238,104219,104513,104587,105131,104491,100584,100569,100661
Illinois,De Witt County,16800,16792,16673,16686,16671,16716,16792,16742,16733,16538,16556,16549,16490,16372,16216,16185,16152,15910,15768,15624,15368,15410,15341,15331
Illinois,Douglas County,19964,20032,20017,20010,20100,20101,20111,20061,19970,19949,19970,19863,19881,19853,19898,19827,19732,19616,19449,19450,19510,19714,19702,19733
Illinois,DuPage County,906284,911474,913880,914078,913940,911378,908685,907426,909798,912732,918764,924866,928719,932301,933480,933669,931408,930569,927808,922761,917481,927145,925143,929180
Illinois,Edgar County,19582,19465,19249,19085,19041,18987,18986,18929,18768,18668,18530,18397,18170,17959,17827,17625,17538,17415,17379,17169,16858,16601,16426,16442
Illinois,Edwards County,6963,6879,6856,6883,6825,6796,6694,6728,6710,6675,6729,6674,6725,6691,6631,6514,6546,6455,6393,6405,6356,6087,6073,6021
Illinois,Effingham County,34248,34334,34281,34408,34497,34365,34289,34191,34173,34275,34234,34268,34270,34213,34115,34200,34184,34165,34233,34109,34065,34514,34336,34453
Illinois,Fayette County,21827,21695,21814,21514,21056,21848,21925,21890,22006,22089,22125,22385,22167,22201,22088,22048,21579,21537,21380,21332,21264,21438,21284,21209
Illinois,Ford County,14195,14148,14118,14095,14135,14092,14096,14213,14095,14084,14075,13875,13877,13670,13539,13527,13346,13291,13215,12972,12949,13480,13270,13316
Illinois,Franklin County,39003,38798,38893,39066,39298,39587,39560,39473,39546,39482,39578,40038,39872,39561,39456,39398,39090,39024,38737,38530,38060,37484,37226,37156
Illinois,Fulton County,38216,37880,37587,37705,37630,37452,37387,37272,37224,37090,37050,36909,36585,36322,35996,35709,35498,35099,34743,34240,33690,33344,33022,32664
Illinois,Gallatin County,6405,6279,6144,6117,6071,6030,5980,5883,5796,5631,5576,5490,5391,5387,5279,5224,5165,5073,5049,4833,4793,4908,4842,4708
Illinois,Greene County,14752,14620,14622,14558,14411,14382,14167,14001,13956,13926,13866,13857,13657,13635,13416,13345,13111,13153,13051,12922,12702,11848,11643,11572
Illinois,Grundy County,37704,38320,38865,39819,41410,44181,46534,48175,49166,49702,50144,50103,50161,50183,50281,50358,50325,50627,51012,51031,50993,52984,53153,53587
Illinois,Hamilton County,8602,8527,8440,8431,8525,8471,8497,8416,8454,8448,8449,8425,8387,8347,8313,8247,8197,8192,8149,8133,8084,7908,7976,7886
Illinois,Hancock County,20148,20069,19794,19673,19577,19479,19412,19359,19192,19080,19090,18999,18830,18545,18326,18217,18206,17959,17815,17700,17422,17395,17250,17195
Illinois,Hardin County,4777,4765,4723,4724,4664,4615,4508,4462,4386,4344,4312,4291,4278,4174,4146,4065,3997,3920,3876,3848,3808,3640,3588,3599
Illinois,Henderson County,8172,8150,8078,7935,7912,7786,7614,7565,7463,7340,7326,7221,7048,6969,7018,7001,6889,6824,6726,6709,6535,6309,6168,6105
Illinois,Henry County,51078,50714,50454,50714,50509,50572,50392,50528,50492,50536,50438,50293,50263,49932,49841,49654,49511,49222,49082,48933,48411,48929,48567,48362
Illinois,Iroquois County,31386,31022,30805,30688,30493,30548,30308,30282,30228,29863,29660,29501,29270,28943,28725,28529,28150,27780,27450,27093,26711,26761,26417,26033
Illinois,Jackson County,59633,59530,58949,59282,59462,60006,60170,59518,59605,59664,60361,60378,59081,59779,59386,59249,58768,57973,57327,56844,56675,52986,53004,52867
Illinois,Jasper County,10067,10056,10015,9970,10010,9905,9807,9776,9786,9701,9691,9755,9674,9608,9633,9630,9557,9504,9589,9618,9465,9210,9185,9156
Illinois,Jefferson County,40041,39874,39805,39730,39638,39624,39545,39412,39277,38970,38806,38758,38672,38656,38390,38290,38236,38059,37704,37635,37235,36899,36415,36331
Illinois,Jersey County,21642,21751,22001,22126,22374,22500,22736,22838,23084,23060,22944,22885,22717,22610,22500,22268,21965,21892,21738,21667,21616,21350,21222,21158
Illinois,Jo Daviess County,22296,22486,22480,22701,22646,22680,22828,22758,22715,22685,22655,22638,22542,22398,22341,22068,21826,21509,21349,21224,21239,22016,21863,21749
Illinois,Johnson County,12836,12794,12454,12969,12903,12816,12889,12792,12671,12604,12591,12849,12851,12861,12882,12768,12445,12394,12380,12380,12358,13481,13401,13355
Illinois,Kane County,407847,423975,440437,453929,466884,475384,485179,495752,504437,511273,516499,519091,520615,522523,525476,528562,530540,532101,532838,532293,531010,516564,515070,517241
Illinois,Kankakee County,103842,104490,104932,105794,106744,107917,109735,111499,112658,113107,113502,113532,112995,112764,111916,111786,111066,110530,109863,109569,108594,106757,106221,106386
Illinois,Kendall County,55311,58437,62523,67740,73723,81107,90740,100917,108559,112490,115304,116817,118255,119582,121385,122892,124549,126163,127663,128900,130638,135023,137602,140229
Illinois,Knox County,55783,55329,54963,54425,53909,53513,53196,52894,52836,52817,52919,52702,52302,52130,51945,51377,50931,50601,50008,49669,49053,49333,48713,48663
Illinois,Lake County,648150,658986,668022,668760,677735,684419,689891,692995,697369,701042,704596,701652,702117,704259,704359,704687,704401,702825,700455,697134,693593,712733,712143,714207
Illinois,LaSalle County,111600,112212,111904,110949,112135,112565,113139,113794,114171,113999,113840,113527,112913,112419,111650,111015,110176,109590,109136,108517,107571,109166,108210,108397
Illinois,Lawrence County,15432,15527,16045,16455,16562,16910,16730,16952,16935,16802,16825,16904,16732,16728,16564,16467,16176,16025,15816,15665,15467,15246,14937,14886
Illinois,Lee County,36092,36100,35825,35586,35704,35635,35905,36191,36272,36189,35941,35611,35218,35123,34912,34521,34499,34533,34281,34061,33647,34202,33928,33606
Illinois,Livingston County,39751,39881,39519,39095,39145,39062,38978,39069,39071,39054,38878,38813,38519,37404,37043,36615,36104,36080,35630,35557,35414,35799,35513,35321
Illinois,Logan County,31161,30934,30873,30958,30981,30795,30562,30498,30513,30342,30286,30271,30359,29829,29660,29286,29167,29035,28873,28633,28383,27978,27654,27508
Illinois,McDonough County,32841,32789,32802,32971,32798,32848,32868,32945,32615,32611,32609,32527,32567,32264,31811,31461,30938,30419,30091,29792,29295,26906,26965,26952
Illinois,McHenry County,261084,267632,274441,281743,287997,294280,300630,305117,307246,308067,309192,308519,308248,307629,307425,307595,307142,307842,308145,307439,305888,311669,311921,313435
Illinois,McLean County,150844,152713,155882,157795,159096,160299,162925,165223,166825,168727,169832,170939,172762,175087,174166,173222,173157,172769,172368,171272,171256,171411,171571,171493
Illinois,Macon County,114499,113604,112564,111572,111181,111083,110808,110751,110588,110732,110715,110699,110162,109596,108562,107398,106411,105474,104529,104012,103015,102619,101369,100754
Illinois,Macoupin County,48972,48788,48719,48690,48612,48418,48176,48195,48092,47630,47808,47742,47058,46685,46216,45887,45708,45521,45342,45079,44567,44563,44239,44127
Illinois,Madison County,259204,260343,261130,262566,263722,264759,266164,267382,268232,268978,269271,268666,268124,267340,266662,266112,265773,265516,264481,263609,262635,265001,263981,263442
Illinois,Marion County,41665,41393,40971,40602,40229,39941,40037,39898,39794,39465,39417,39147,39018,38685,38573,38381,38057,37757,37453,37309,37045,37390,36878,36640
Illinois,Marshall County,13137,12917,12939,12911,13007,12952,12896,12896,12725,12671,12629,12488,12261,12129,11966,11925,11887,11667,11485,11463,11309,11665,11657,11650
Illinois,Mason County,16001,15960,15847,15717,15671,15471,15153,15078,14962,14787,14625,14470,14322,14144,14102,13862,13677,13672,13520,13387,13173,12826,12717,12588
Illinois,Massac County,15136,15077,15206,15205,15444,15477,15397,15471,15408,15435,15414,15281,15067,14846,14756,14568,14461,14298,14037,13772,13636,13953,13858,13751
Illinois,Menard County,12476,12503,12525,12562,12641,12556,12570,12746,12780,12720,12695,12700,12692,12576,12513,12364,12431,12311,12297,12198,12068,12170,12076,11996
Illinois,Mercer County,16937,16910,16914,16829,16795,16694,16642,16598,16650,16438,16426,16320,16165,16077,15902,15748,15611,15618,15572,15490,15225,15583,15512,15456
Illinois,Monroe County,27764,28302,29070,29771,30422,31007,31644,32139,32533,32848,32990,33273,33320,33523,33608,33811,34037,34261,34446,34738,34739,35007,35107,35144
Illinois,Montgomery County,30657,30516,30550,30355,30394,30288,30378,30295,30276,30124,30076,29866,29620,29367,29450,29196,29057,28781,28705,28401,28045,28128,27971,27756
Illinois,Morgan County,36638,36403,36262,36241,36332,36101,35966,35936,35761,35602,35510,35482,35318,35009,34684,34693,34654,34275,34052,33679,33400,33289,32931,32773
Illinois,Moultrie County,14327,14324,14362,14432,14521,14587,14565,14666,14743,14787,14853,14859,14876,14799,14754,14747,14610,14704,14662,14464,14347,14573,14361,14327
Illinois,Ogle County,51275,51468,51758,52227,52536,52893,53358,53634,53802,53621,53477,53073,52788,52278,51944,51572,51174,51021,50802,50660,50306,51540,51437,51391
Illinois,Peoria County,183186,182348,182685,182338,182613,182868,183446,184048,184803,186930,186311,186775,187354,188688,187572,186552,185116,182657,180773,179359,177652,179847,178503,178735
Illinois,Perry County,23055,23006,22708,22631,22630,22608,22692,22596,22434,22374,22343,22267,21849,21718,21543,21522,21407,21292,21163,20935,20664,21027,20503,20499
Illinois,Piatt County,16387,16357,16216,16375,16463,16649,16682,16664,16716,16774,16705,16683,16505,16437,16414,16356,16511,16427,16375,16391,16355,16764,16678,16720
Illinois,Pike County,17320,17178,17031,16866,16910,16862,16632,16772,16615,16473,16408,16348,16233,16069,15953,15794,15757,15669,15614,15574,15239,14621,14492,14339
Illinois,Pope County,4411,4376,4334,4393,4424,4346,4397,4439,4393,4431,4471,4502,4464,4462,4382,4302,4189,4193,4183,4176,4142,3763,3757,3715
Illinois,Pulaski County,7294,7118,7001,6859,6733,6575,6434,6359,6198,6164,6157,5990,5965,5897,5802,5662,5604,5531,5426,5309,5201,5093,4966,4957
Illinois,Putnam County,6065,6052,6061,6074,6015,5977,5931,5987,5989,5997,6007,5978,5911,5854,5831,5729,5702,5696,5740,5745,5716,5589,5562,5588
Illinois,Randolph County,33910,34127,33512,33410,33714,33588,33688,33598,33584,33528,33437,33375,33023,33123,33088,32754,32368,32258,32161,31725,31351,30207,30101,29993
Illinois,Richland County,16259,16162,16326,16305,16270,16258,16171,16153,16061,16229,16215,16189,16132,16008,16019,15952,15819,15842,15700,15519,15507,15784,15536,15502
Illinois,Rock Island County,149134,148734,148286,147384,147291,147067,147131,147918,147501,147552,147517,147474,147699,147686,147090,146161,144977,143824,142522,141775,140907,142943,141812,141939
Illinois,St. Clair County,256462,256540,257952,258448,260214,261255,263445,264764,266518,268489,270419,270097,268748,266934,266061,265008,263482,262881,261631,259889,258046,255210,252947,252094
Illinois,Saline County,26603,26249,26060,25832,25763,25526,25482,25390,25140,24911,24932,24904,24913,24801,24496,24495,24217,23968,23769,23540,23182,23368,23141,22988
Illinois,Sangamon County,189152,189924,190756,191339,191885,192432,193317,194025,195094,196180,197822,199052,199431,199190,199252,198973,198085,197163,195802,194882,193882,195468,194483,194216
Illinois,Schuyler County,7199,7123,7175,7236,7374,7508,7513,7545,7543,7489,7543,7463,7456,7393,7262,7150,7040,6984,6896,6829,6738,6835,6755,6725
Illinois,Scott County,5549,5541,5505,5507,5467,5457,5392,5388,5373,5373,5342,5232,5290,5212,5171,5112,5053,4983,4952,4974,4950,4984,4898,4850
Illinois,Shelby County,22850,22702,22656,22625,22484,22445,22379,22314,22398,22386,22335,22280,22204,22139,22102,21819,21734,21773,21685,21625,21299,20853,20706,20593
Illinois,Stark County,6317,6308,6268,6196,6172,6136,6156,6143,6109,6043,5977,5843,5742,5708,5602,5508,5523,5459,5407,5312,5262,5291,5324,5267
Illinois,Stephenson County,48920,48625,48367,48503,48479,48105,47917,47794,47805,47792,47649,47328,46895,46683,46280,45680,45512,44998,44702,44371,43831,44130,43702,43347
Illinois,Tazewell County,128520,128468,128722,128770,129656,130784,131804,133131,133893,135054,135433,135863,136149,136297,135392,134350,134004,133525,132465,131848,130777,130640,129859,129835
Illinois,Union County,18267,18116,18092,18116,18048,18071,18082,18066,17965,17909,17775,17690,17609,17541,17404,17285,17120,16982,16853,16693,16498,17035,16901,16866
Illinois,Vermilion County,83821,83646,83299,82996,82955,82728,82715,82258,81930,81710,81551,81427,80881,80608,79811,79209,78503,77722,76703,75736,74855,73175,72089,71551
Illinois,Wabash County,12895,12755,12640,12561,12486,12451,12354,12237,12158,12040,11914,11796,11690,11675,11604,11627,11518,11466,11407,11370,11190,11209,11061,11032
Illinois,Warren County,18680,18471,18388,18227,17894,17874,17839,17828,17665,17689,17702,17831,17742,17660,17705,17448,17283,17133,16979,16816,16696,16595,16368,16224
Illinois,Washington County,15162,15258,15129,15189,15106,14950,15008,14890,14855,14755,14698,14574,14598,14411,14389,14259,14176,13960,14010,13926,13764,13651,13650,13570
Illinois,Wayne County,17112,17068,17007,16947,16881,16910,16829,16951,16930,16788,16734,16667,16668,16679,16610,16534,16573,16435,16311,16196,16031,15995,15903,15875
Illinois,White County,15333,15286,15138,15011,15089,15074,14942,14796,14868,14767,14626,14592,14524,14435,14265,14204,14081,13898,13642,13574,13364,13767,13636,13482
Illinois,Whiteside County,60615,60511,60022,59489,59352,59094,59033,58819,58784,58667,58448,58288,57772,57477,57037,56943,56505,56009,55532,55215,54656,55320,54602,54582
Illinois,Will County,507629,530086,553714,579547,605934,627610,650779,664048,671392,674970,678697,680813,682459,683720,685123,685825,688330,690356,690934,690176,688726,699327,699110,703383
Illinois,Williamson County,61279,61737,62137,62510,63379,63875,64424,65201,65674,66229,66369,66745,66793,67472,67439,67457,67504,67076,67017,66633,66415,66895,66565,66737
Illinois,Winnebago County,278981,280009,281162,283230,284337,286178,289405,293991,295726,295612,295127,293667,292128,291006,288770,287237,286171,284658,283588,282465,281295,283413,282081,282214
Illinois,Woodford County,35499,35559,35698,36041,36514,37032,37385,37961,38452,38675,38659,38849,38846,39039,39068,38949,38934,38676,38461,38353,38091,38220,38254,38387
Indiana,Indiana,6091866,6127760,6155967,6196638,6233007,6278616,6332669,6379599,6424806,6459325,6490621,6517250,6538989,6570575,6596019,6611442,6637898,6662068,6698481,6731010,6754953,6815907,6844545,6880131
Indiana,Adams County,33597,33556,33523,33746,33822,33867,33887,33962,34214,34351,34396,34370,34408,34655,34771,34962,35216,35409,35565,35688,35839,36012,36204,36469
Indiana,Allen County,332786,334956,337124,339569,340916,343238,346314,349534,351264,353693,355856,359013,360946,363432,365254,367508,369526,371803,375076,379006,382187,389220,392119,395131
Indiana,Bartholomew County,71763,72110,71890,72299,72882,73660,74508,75265,76080,76566,76855,77639,79031,79692,80546,81516,82373,82455,83062,84063,84447,82732,83746,84248
Indiana,Benton County,9412,9313,9163,9148,9016,8915,8871,8805,8801,8735,8888,8859,8824,8752,8724,8698,8659,8637,8677,8763,8741,8678,8676,8761
Indiana,Blackford County,13988,13735,13696,13642,13496,13392,13161,13078,12971,12844,12747,12655,12527,12456,12342,12237,12109,12019,11934,11787,11782,12047,11905,11875
Indiana,Boone County,46390,47035,48071,49047,50158,51261,52750,53778,54648,55915,56891,57924,59050,60373,61663,63080,64274,65833,66999,67915,69347,73087,74403,76195
Indiana,Brown County,14998,15200,15339,15375,15390,15283,15329,15274,15274,15261,15218,15079,15053,15062,14953,15003,15017,15025,15244,15066,15112,15590,15617,15691
Indiana,Carroll County,20150,20298,20270,20433,20148,20274,20179,20118,20114,20103,20162,20042,20112,20117,19958,19891,19966,20074,20208,20211,20228,20519,20507,20570
Indiana,Cass County,40939,40859,40389,40218,39921,39637,39255,39033,39070,38968,38965,38917,38771,38580,38482,38079,37927,37827,37885,37610,37388,37573,37670,37802
Indiana,Clark County,96714,97228,97935,99349,100435,101781,104148,105672,107406,109067,110610,111504,111879,112722,114082,114887,115660,116648,117287,118191,119266,122922,124306,125686
Indiana,Clay County,26565,26605,26486,26788,27015,27097,27096,26983,27058,26901,26876,26847,26796,26670,26439,26406,26218,26176,26215,26301,26246,26399,26378,26419
Indiana,Clinton County,33942,33809,33610,33383,33342,33237,33298,33188,33352,33280,33234,33034,32889,32765,32461,32372,32156,32155,32113,32298,32206,32982,32794,32879
Indiana,Crawford County,10786,10922,10976,11007,11029,11012,11008,10933,10792,10664,10726,10622,10669,10621,10669,10556,10569,10532,10585,10593,10629,10490,10520,10442
Indiana,Daviess County,29882,29755,29860,30108,30300,30452,30469,30702,30947,31389,31716,31952,32113,32274,32671,32819,33000,33127,33314,33439,33505,33410,33613,33801
Indiana,Dearborn County,46349,46726,47052,47631,48135,48421,48879,49348,49643,49931,50100,49990,49742,49757,49448,49491,49468,49634,49560,49573,49824,50888,50976,51414
Indiana,Decatur County,24572,24585,24793,24946,25208,25374,25469,25486,25600,25595,25772,25900,26041,26232,26411,26338,26569,26627,26685,26472,26584,26360,26458,26395
Indiana,DeKalb County,40537,40576,40732,41047,41283,41494,41594,41876,42033,42053,42285,42500,42337,42378,42442,42511,42671,42830,43231,43561,43670,43417,43804,44177
Indiana,Delaware County,118776,120281,119949,119935,118938,118170,117326,117229,117007,117490,117669,117914,117053,116867,116528,115814,115696,115268,114118,113769,113454,112059,112183,112448
Indiana,Dubois County,39892,40142,40244,40547,40950,41265,41589,41728,41955,41897,41875,42159,42084,42281,42306,42329,42463,42520,42568,42578,42542,43569,43550,43678
Indiana,Elkhart County,183412,184708,184543,187149,189316,192242,195047,196304,197762,197514,197646,198292,198988,200225,201446,203022,203626,204279,205588,206268,206161,207093,207161,206963
Indiana,Fayette County,25556,25263,25094,24953,24844,24700,24508,24413,24384,24247,24282,24152,23949,23827,23443,23389,23246,23138,23026,23038,22892,23381,23342,23256
Indiana,Floyd County,70879,71441,71407,71219,71465,71905,72358,72876,73775,74284,74679,74987,75284,76053,76138,76559,76801,77043,77870,78601,78936,80598,80662,80882
Indiana,Fountain County,17929,17752,17825,17738,17578,17436,17459,17396,17356,17183,17249,17161,17123,16886,16697,16543,16464,16442,16439,16425,16511,16485,16601,16674
Indiana,Franklin County,22252,22315,22475,22700,22852,23049,23122,23276,23330,23195,23047,23041,23036,22980,22993,22953,22774,22702,22752,22763,22761,22892,23107,23174
Indiana,Fulton County,20549,20509,20464,20379,20466,20540,20563,20571,20670,20772,20844,20734,20639,20455,20522,20346,20150,20022,20113,20042,20018,20415,20353,20319
Indiana,Gibson County,32491,32647,32684,32934,33198,33268,33429,33290,33331,33345,33537,33525,33533,33491,33733,33656,33669,33730,33622,33709,33825,32981,33004,32919
Indiana,Grant County,73325,72905,72425,72113,71479,70803,70448,70012,70250,70195,69975,69633,69110,68887,68381,67543,66731,66373,66112,65836,65225,66189,66020,66303
Indiana,Greene County,33191,33195,33052,33287,33384,33320,33223,33020,32977,32995,33205,33034,32947,32746,32654,32428,32231,32194,32124,32117,32203,30874,31076,31132
Indiana,Hamilton County,185221,194664,204721,215152,225319,235039,244738,253725,261974,269394,276390,283405,289821,296970,302921,308623,316221,323225,330635,337955,344238,357691,366264,372588
Indiana,Hancock County,55710,56729,58223,59606,60922,63045,65402,67115,68107,69183,70250,70373,70594,71000,71773,72441,73790,75040,76521,78159,79553,81899,83119,86176
Indiana,Harrison County,34569,34863,35408,35934,36736,37354,37766,38142,38628,39148,39394,39187,39014,39002,39175,39537,39669,39797,40258,40552,40682,39808,39823,40011
Indiana,Hendricks County,105378,110144,115206,119340,124115,128082,132350,137267,140710,143944,145867,148678,150761,153596,155906,157848,160459,163637,166759,169924,173251,179830,183507,187141
Indiana,Henry County,48469,48397,48258,48145,48184,48064,48375,48030,49420,49305,49476,49221,49118,48847,48887,48662,48349,48178,48205,48025,48033,49038,48829,48993
Indiana,Howard County,84940,84909,84563,84538,84291,84382,83943,83743,83472,82701,82770,82805,82853,82761,82633,82378,82395,82302,82339,82660,82732,83653,83574,83857
Indiana,Huntington County,38068,37877,37992,37875,37768,37650,37601,37447,37244,37205,37109,37169,36983,36786,36624,36535,36313,36253,36249,36544,36395,36788,36799,36818
Indiana,Jackson County,41428,41343,41335,41403,41417,41683,41725,41693,41705,41798,42587,42922,42996,43450,43719,43892,43991,43942,44049,44179,44222,46231,46385,46787
Indiana,Jasper County,30334,30417,30664,31133,31503,31763,32419,32894,33155,33278,33529,33429,33498,33432,33523,33498,33414,33439,33356,33516,33440,33155,33280,33456
Indiana,Jay County,21792,21726,21713,21681,21651,21595,21564,21580,21467,21399,21196,21336,21346,21267,21135,21135,21021,20879,20721,20446,20416,20293,20137,20069
Indiana,Jefferson County,31706,31887,31871,31779,31787,31998,32287,32140,32586,32558,32394,32273,32442,32399,32412,32305,32259,32031,32169,32265,32110,33124,32902,32938
Indiana,Jennings County,27747,27932,28131,28012,28202,28352,28320,28502,28480,28546,28500,28154,28150,28238,27930,27847,27682,27686,27650,27662,27515,27513,27468,27614
Indiana,Johnson County,115756,117843,120447,122202,124192,126769,130512,133933,136933,138584,140009,141747,143502,145448,147129,149021,151621,153879,156301,158332,160607,164440,165951,168305
Indiana,Knox County,39195,38840,38832,38580,38712,38543,38399,38325,38497,38499,38405,38479,37986,38070,37979,37784,37367,37070,36602,36603,36522,35982,35895,36027
Indiana,Kosciusko County,74211,74756,74861,75176,75447,75934,76358,76832,77091,77263,77368,77349,77605,77873,78384,78562,78764,79121,79467,79438,78988,80265,80676,80441
Indiana,LaGrange County,34892,35299,35453,35711,36017,36283,36613,36931,37181,37119,37134,37470,37663,38089,38436,38620,39122,39247,39425,39771,40119,40527,40865,40979
Indiana,Lake County,484514,484454,484520,485596,487405,489530,491432,493403,495479,495789,495981,495035,493511,491909,491259,488195,486381,484834,484918,486244,487536,499319,500065,500591
Indiana,LaPorte County,110121,110077,109555,109027,108914,109541,109641,110846,111267,111465,111465,111328,111321,111452,111774,110884,110331,109958,110134,110044,109663,112552,111810,111586
Indiana,Lawrence County,45915,45965,46039,46178,46106,46233,46165,46300,46233,46138,46124,46144,46121,45900,45653,45571,45560,45595,45690,45419,45496,45063,45213,45034
Indiana,Madison County,133213,132920,132433,131740,131366,130871,131240,131203,131537,131599,131642,131013,130216,130331,129773,129436,129360,129465,129509,129416,129681,130846,131524,132746
Indiana,Marion County,860832,865662,866210,868576,870378,873310,878515,883591,889504,898394,904878,911294,919917,930127,936178,940152,946050,951247,959370,963829,966183,971682,973375,975654
Indiana,Marshall County,45243,45534,45518,45923,46288,46549,46851,46871,47012,47126,47020,46944,46950,46921,46935,46746,46629,46434,46311,46197,46108,46168,46394,46323
Indiana,Martin County,10360,10311,10341,10309,10361,10323,10344,10334,10304,10300,10338,10339,10322,10238,10245,10222,10195,10188,10204,10179,10079,9807,9808,9862
Indiana,Miami County,36184,36475,37019,37251,37120,37445,37745,37580,37281,37127,36800,36658,36547,36191,36088,36023,36047,35903,35652,35488,35328,36003,35562,35477
Indiana,Monroe County,120872,121696,122628,124514,126359,128121,130677,132514,134401,136198,138422,140280,141570,142185,143554,144432,145936,146840,147411,148178,148219,141243,141181,141052
Indiana,Montgomery County,37601,37793,37782,37634,37795,38105,38040,38172,38204,38180,38096,38340,38180,38143,38158,38255,38240,38343,38251,38275,38365,38069,38345,38571
Indiana,Morgan County,66838,66884,67266,67729,67795,68037,68308,68354,68964,68583,69061,69237,69184,69352,69509,69576,69653,69835,70108,70403,70707,72289,72239,73100
Indiana,Newton County,14525,14358,14343,14446,14386,14485,14326,14374,14348,14207,14243,14086,14046,14032,14093,13978,14009,14036,13979,13972,13907,13815,13841,14033
Indiana,Noble County,46640,47110,46884,46917,46996,47292,47470,47419,47561,47574,47541,47297,47192,47246,47372,47514,47432,47379,47649,47907,47832,47408,47281,47508
Indiana,Ohio County,5582,5633,5735,5779,5868,5943,6022,5992,6069,6134,6119,6055,6061,5992,5965,5888,5905,5867,5880,5908,5892,5992,6089,5993
Indiana,Orange County,19316,19373,19439,19622,19624,19744,19666,19868,19837,19931,19800,19942,19743,19830,19767,19628,19470,19413,19567,19657,19651,19816,19633,19711
Indiana,Owen County,21837,21954,22079,22321,22190,21975,21871,21838,21763,21642,21572,21489,21368,21152,21016,20823,20898,20779,20879,20881,20833,21519,21552,21775
Indiana,Parke County,17179,17202,17274,17515,17460,17396,17376,17449,17488,17326,17332,17082,17118,17235,17239,16974,16938,16902,16955,16893,16871,16506,16365,16483
Indiana,Perry County,18865,18893,18903,18963,19148,19260,19202,19379,19340,19331,19327,19429,19376,19424,19343,19323,19008,19010,19100,19184,19154,19341,19241,19291
Indiana,Pike County,12826,12905,12984,12970,13047,12879,13016,13047,13047,12836,12831,12593,12614,12490,12485,12399,12371,12302,12384,12383,12378,12176,12139,12089
Indiana,Porter County,147137,148372,149992,151731,153664,156024,158595,160835,162538,163572,164592,165535,165742,166538,167242,167439,167616,168568,169647,170599,170980,174591,175014,175289
Indiana,Posey County,27070,26933,26908,26736,26664,26488,26348,26229,26080,25941,25903,25695,25618,25565,25608,25621,25626,25563,25529,25408,25275,25170,25111,25047
Indiana,Pulaski County,13605,13627,13606,13634,13667,13682,13713,13724,13646,13548,13351,13226,13006,12935,12911,12801,12613,12529,12502,12379,12388,12368,12461,12434
Indiana,Putnam County,36180,36382,36525,37145,37516,37780,37768,38189,38325,38052,37906,37868,37654,37508,37464,37397,37151,37409,37494,37566,37469,37036,37300,37578
Indiana,Randolph County,27363,27166,26989,26763,26582,26517,26415,26223,26300,26240,26133,26030,25857,25618,25333,25139,25091,24917,24736,24533,24191,24415,24407,24360
Indiana,Ripley County,26654,27130,27421,27615,27849,28040,28352,28361,28605,28716,28814,28646,28449,28297,28343,28375,28412,28432,28526,28465,28448,29025,29042,29208
Indiana,Rush County,18194,18145,18034,18090,17869,17826,17723,17756,17543,17461,17358,17284,17106,16998,16846,16709,16628,16642,16635,16605,16649,16689,16661,16815
Indiana,St. Joseph County,265845,265502,265090,264762,264541,264863,265496,266045,267282,266827,266961,266726,266576,267188,268023,268567,270042,270219,270961,271695,271484,272315,272796,273658
Indiana,Scott County,23049,23332,23370,23638,23626,23889,23982,24137,24089,24165,24174,23909,23724,23761,23645,23670,23700,23810,23773,23855,23788,24423,24455,24625
Indiana,Shelby County,43479,43746,43577,43385,43488,43482,43812,44086,44345,44551,44391,44277,44258,44336,44359,44343,44241,44378,44535,44771,44871,45113,45213,45281
Indiana,Spencer County,20432,20465,20422,20529,20605,20896,20977,21032,20978,20992,20908,20971,20784,20765,20764,20644,20496,20441,20385,20273,20225,19841,19890,20018
Indiana,Starke County,23525,23217,23361,23336,23310,23394,23362,23260,23379,23343,23372,23174,23165,23146,22960,22864,23023,22946,22953,23011,23049,23380,23251,23334
Indiana,Steuben County,33339,33556,33496,33789,33718,33926,34044,34004,34055,34194,34165,34074,34168,34383,34506,34489,34372,34422,34570,34759,34831,34712,34731,34876
Indiana,Sullivan County,21756,21771,21792,21801,21809,21689,21540,21558,21550,21483,21469,21216,21202,21138,20994,20874,20695,20690,20673,20601,20578,20787,20702,20822
Indiana,Switzerland County,9129,9465,9711,9722,9863,10165,10151,10271,10387,10541,10615,10633,10462,10598,10565,10616,10650,10689,10757,10815,10724,9863,9985,9965
Indiana,Tippecanoe County,149359,151095,152348,154040,155832,158834,163010,166226,169039,171937,172963,175892,179181,182043,184542,186858,190475,191334,193705,194881,196115,187428,189402,190482
Indiana,Tipton County,16582,16508,16529,16511,16510,16411,16326,16257,16137,16046,15895,15817,15660,15544,15406,15250,15161,15148,15100,15133,15227,15393,15329,15295
Indiana,Union County,7343,7323,7366,7293,7291,7378,7432,7467,7428,7466,7520,7497,7355,7311,7252,7201,7162,7199,7086,7135,7119,7016,6975,6972
Indiana,Vanderburgh County,172052,172449,173067,174239,175113,175769,176822,177789,178053,178995,179833,180488,181075,181633,182010,181600,181536,181031,181165,181561,182447,180188,179725,179942
Indiana,Vermillion County,16772,16639,16556,16493,16515,16603,16585,16561,16387,16377,16148,16072,15924,15853,15661,15597,15588,15507,15508,15493,15329,15429,15397,15363
Indiana,Vigo County,105762,105482,105221,105356,104662,105245,106509,106885,106972,107429,107958,108350,108561,108251,107989,107615,107871,107648,107438,106958,106608,106127,106066,106053
Indiana,Wabash County,34993,34700,34488,34325,34131,33806,33665,33361,33238,33036,32826,32574,32396,32281,32117,31883,31569,31401,31210,31028,30784,30888,30869,30762
Indiana,Warren County,8435,8553,8598,8589,8609,8626,8625,8554,8602,8533,8501,8472,8393,8370,8340,8272,8166,8203,8268,8262,8194,8453,8492,8498
Indiana,Warrick County,52531,52780,53317,54439,55171,56066,56746,57754,58435,59197,59835,60213,60365,60877,60986,61563,62046,62433,62443,62851,63269,64660,65297,66013
Indiana,Washington County,27247,27484,27674,27736,27854,27893,28164,28236,28298,28144,28290,28201,27919,27788,27895,27784,27719,27780,27936,28063,28213,28137,28158,28189
Indiana,Wayne County,71033,70712,70545,70490,70070,69793,69642,69365,69093,68984,68853,68661,68256,67829,67427,67044,66723,66307,66131,65943,65778,66453,66337,66273
Indiana,Wells County,27619,27626,27745,27803,27826,27820,27872,27836,27751,27620,27642,27737,27707,27716,27817,27854,27863,27934,27982,28131,28142,28165,28339,28636
Indiana,White County,25246,25351,25240,25060,24976,24861,24830,24762,24871,24573,24635,24594,24467,24404,24436,24279,24105,24178,24168,24197,24165,24648,24654,24775
Indiana,Whitley County,30634,30998,31278,31621,31841,32182,32597,32853,33047,33125,33335,33357,33336,33287,33449,33451,33479,33732,34036,33868,34378,34481,34600,34786
Iowa,Iowa,2929067,2931997,2934234,2941999,2953635,2964454,2982644,2999212,3016734,3032870,3049883,3066772,3076844,3093935,3110643,3122541,3133210,3143734,3149900,3159596,3163561,3198613,3202820,3218414
Iowa,Adair County,8223,8132,8059,8050,8019,7932,7924,7871,7747,7676,7675,7546,7466,7385,7365,7142,7006,7047,7028,7102,7059,7522,7457,7399
Iowa,Adams County,4476,4402,4370,4365,4307,4226,4224,4195,4151,4047,4019,3994,3910,3890,3874,3752,3690,3655,3628,3602,3588,3641,3602,3553
Iowa,Allamakee County,14674,14333,14289,14345,14324,14371,14378,14335,14325,14263,14355,14224,14150,14074,14067,13881,13847,13812,13832,13671,13642,13965,14072,14168
Iowa,Appanoose County,13696,13578,13420,13522,13462,13453,13319,13105,12950,12896,12877,12853,12713,12659,12678,12587,12515,12367,12467,12525,12430,12269,12135,12129
Iowa,Audubon County,6804,6664,6572,6479,6430,6324,6265,6222,6200,6136,6107,6000,5861,5859,5768,5707,5625,5550,5482,5491,5481,5645,5573,5533
Iowa,Benton County,25326,25532,25829,25946,26181,26265,26137,26066,26097,26117,26073,26079,25829,25698,25620,25608,25634,25651,25546,25544,25414,25745,25756,25769
Iowa,Black Hawk County,128019,127765,126876,126491,126682,127021,127486,127756,129203,130595,131221,131598,131904,132966,133433,133764,133144,132278,131769,131089,130786,130587,130081,131179
Iowa,Boone County,26251,26249,26086,26232,26372,26500,26471,26553,26454,26360,26281,26287,26138,26294,26303,26468,26434,26498,26356,26338,26277,26770,26570,26567
Iowa,Bremer County,23312,23506,23386,23549,23728,23833,24054,24237,24162,24183,24289,24383,24499,24585,24678,24755,24796,24861,25022,25170,25311,25119,25260,25304
Iowa,Buchanan County,21064,20952,20796,20822,20910,20831,20957,21069,21154,21016,20936,20911,20995,21028,21135,21110,20999,21133,21140,21148,21287,20707,20700,20725
Iowa,Buena Vista County,20361,20241,20233,20141,20000,19970,19909,19798,19855,20004,20332,20310,20558,20649,20608,20373,20327,20154,19807,19690,19772,20794,20651,20698
Iowa,Butler County,15299,15065,14926,14939,14985,14965,14931,14961,14957,14699,14911,14966,14972,14973,14958,14880,14694,14593,14516,14404,14333,14351,14275,14225
Iowa,Calhoun County,11088,10918,10683,10488,10382,10228,10093,9947,9845,9684,9662,10064,9912,9899,9845,9801,9808,9730,9653,9616,9473,9894,9725,9790
Iowa,Carroll County,21382,21225,21159,21024,20936,20973,20832,20869,20742,20743,20838,20860,20653,20539,20495,20421,20362,20256,20101,20118,19914,20754,20565,20512
Iowa,Cass County,14675,14488,14242,14275,14142,14002,14021,13988,13935,13949,13952,13762,13697,13569,13394,13354,13198,13155,12959,12822,12817,13085,13125,13131
Iowa,Cedar County,18199,18126,18150,18224,18248,18213,18332,18321,18460,18458,18501,18362,18299,18229,18278,18257,18351,18488,18508,18541,18485,18429,18331,18269
Iowa,Cerro Gordo County,46389,45844,45430,45412,44993,44741,44531,44461,44285,44239,44104,43971,43704,43537,43224,43006,43107,43030,42643,42477,42103,42767,42408,42470
Iowa,Cherokee County,13019,12905,12685,12579,12510,12380,12215,12152,12014,11953,12095,12027,11954,11876,11803,11488,11386,11315,11281,11231,11190,11539,11492,11652
Iowa,Chickasaw County,13168,13192,12941,12770,12691,12561,12603,12540,12471,12465,12416,12407,12289,12273,12250,12152,12098,12008,11965,11943,11834,11882,11755,11694
Iowa,Clarke County,9194,9207,9213,9282,9307,9180,9196,9149,9217,9228,9300,9318,9339,9244,9192,9213,9293,9395,9489,9382,9353,9751,9676,9631
Iowa,Clay County,17360,17256,17086,16985,16960,16848,16812,16725,16697,16708,16650,16598,16540,16440,16483,16498,16301,16151,16167,16094,15976,16459,16506,16530
Iowa,Clayton County,18611,18529,18369,18357,18358,18269,18272,18259,18209,18185,18087,18019,17947,17793,17771,17726,17657,17647,17515,17497,17321,17058,17058,16985
Iowa,Clinton County,50120,49889,49659,49585,49498,49475,49487,49342,49303,49147,49093,49105,48711,48297,47921,47593,47285,46926,46506,46559,46392,46491,46268,46134
Iowa,Crawford County,16944,16960,16981,16953,16941,16920,16868,16931,16881,16944,17132,17213,17292,17351,17156,17069,17107,17065,17081,16903,16834,16242,16135,16138
Iowa,Dallas County,41446,43204,44960,47118,50387,53042,56158,59164,62144,64489,66616,69699,72248,74968,77758,80658,84278,87219,89999,93631,96963,104194,108164,111593
Iowa,Davis County,8544,8588,8586,8534,8612,8583,8619,8676,8675,8701,8765,8772,8705,8767,8755,8774,8893,8969,8967,9006,9051,9155,9158,9165
Iowa,Decatur County,8645,8669,8603,8575,8580,8618,8576,8569,8457,8506,8433,8250,8241,8223,8216,8145,8061,7956,7901,7852,7769,7797,7822,7781
Iowa,Delaware County,18416,18294,18271,18190,18066,17955,17957,17981,17840,17755,17751,17631,17568,17475,17397,17395,17289,17139,17115,17057,16937,17552,17590,17583
Iowa,Des Moines County,42253,41820,41138,41047,40562,40332,40192,40206,40235,40379,40318,40074,40247,40421,40127,39909,39719,39400,39259,39051,38708,38545,38258,38360
Iowa,Dickinson County,16460,16477,16351,16339,16506,16644,16667,16634,16690,16666,16667,16861,16929,16883,16845,17009,17135,17167,17159,17290,17549,17876,18052,18087
Iowa,Dubuque County,89201,88932,89132,90012,90462,90769,91258,92130,92519,92948,93880,94656,95183,95990,96544,96934,96819,97162,96961,97432,97590,98863,98748,98988
Iowa,Emmet County,10995,10890,10815,10724,10553,10527,10437,10417,10448,10361,10280,10092,9949,9886,9830,9708,9588,9428,9276,9224,9095,9333,9197,9277
Iowa,Fayette County,22022,21791,21643,21604,21415,21426,21265,21005,20910,20939,20839,20975,20773,20516,20288,20143,19858,19680,19643,19575,19258,19303,19292,19239
Iowa,Floyd County,16854,16660,16670,16641,16586,16520,16586,16497,16331,16248,16310,16095,16090,16029,16008,15920,15870,15778,15784,15655,15480,15458,15316,15266
Iowa,Franklin County,10679,10618,10674,10655,10716,10766,10699,10759,10690,10656,10683,10695,10509,10507,10433,10318,10173,10150,10081,10082,9971,9949,9918,9895
Iowa,Fremont County,7995,7874,7787,7743,7655,7616,7622,7642,7489,7453,7432,7371,7140,7068,7029,6910,6945,6927,6956,6917,6729,6584,6465,6458
Iowa,Greene County,10341,10150,10105,9996,9932,9800,9611,9548,9415,9329,9335,9331,9181,9158,9127,8947,9011,8959,8971,8881,8795,8726,8707,8597
Iowa,Grundy County,12368,12319,12372,12348,12383,12406,12436,12317,12359,12447,12447,12478,12437,12340,12388,12402,12303,12296,12268,12227,12217,12376,12379,12412
Iowa,Guthrie County,11334,11225,11227,11343,11389,11249,11150,11116,11038,10939,10956,10864,10768,10675,10690,10653,10661,10652,10719,10741,10737,10598,10687,10763
Iowa,Hamilton County,16423,16236,16337,16366,16285,16261,16144,15987,15863,15739,15636,15468,15321,15347,15222,15220,15090,15034,14887,14797,14716,14866,14848,14848
Iowa,Hancock County,12109,11954,11846,11905,11838,11834,11729,11580,11525,11371,11321,11296,11180,11134,11043,11029,10887,10762,10726,10664,10507,10687,10664,10631
Iowa,Hardin County,18807,18669,18476,18327,18164,17974,17893,17789,17690,17535,17519,17376,17360,17390,17338,17257,17193,17076,16965,16809,16575,16705,16677,16523
Iowa,Harrison County,15685,15592,15421,15444,15412,15362,15346,15177,14946,14972,14922,14764,14474,14359,14268,14145,14051,14116,14086,14034,13928,14692,14635,14638
Iowa,Henry County,20341,20408,20086,20225,20225,20354,20326,20359,20307,20202,20119,20252,20003,20029,19846,19862,19842,20056,20015,19835,19697,20387,20253,19573
Iowa,Howard County,9934,9908,9860,9808,9792,9760,9664,9636,9625,9568,9559,9548,9550,9443,9357,9322,9261,9235,9185,9146,9176,9509,9502,9357
Iowa,Humboldt County,10377,10335,10176,10154,10121,10033,10038,9935,9911,9843,9796,9782,9724,9682,9641,9562,9530,9568,9520,9499,9473,9630,9545,9564
Iowa,Ida County,7804,7704,7636,7571,7457,7369,7247,7228,7215,7090,7078,7046,7045,7075,6971,6967,6960,6864,6829,6822,6833,6980,6900,6835
Iowa,Iowa County,15729,15868,15911,16062,16108,16297,16391,16308,16337,16406,16321,16324,16183,16286,16325,16293,16202,16139,16150,16146,16138,16583,16491,16386
Iowa,Jackson County,20297,20267,20142,20148,20146,20124,20092,20015,19919,19841,19845,19734,19684,19516,19430,19363,19406,19377,19375,19375,19205,19402,19350,19353
Iowa,Jasper County,37252,37377,37552,37703,37645,37482,37288,37167,37103,36879,36815,36624,36583,36739,36891,36762,36722,36997,37121,37171,37148,37887,37966,37991
Iowa,Jefferson County,16189,16207,16131,16194,16298,16315,16401,16600,16607,16782,16827,17099,17281,17632,17795,17913,18027,18108,18102,18180,18347,15786,15632,15626
Iowa,Johnson County,111455,113546,114948,116673,118891,120300,122226,124541,127113,129864,131225,134125,137180,140266,142874,145114,147167,149703,151003,152480,153740,155047,156815,158202
Iowa,Jones County,20259,20254,20283,20406,20613,20605,20678,20803,20848,20562,20649,20743,20602,20522,20553,20435,20385,20610,20627,20634,20617,20832,20960,20917
Iowa,Keokuk County,11418,11369,11330,11186,11061,10881,10713,10688,10620,10552,10498,10399,10427,10336,10282,10169,10171,10144,10221,10192,10085,9912,9895,9947
Iowa,Kossuth County,17206,16912,16670,16525,16437,16287,16045,15878,15685,15630,15500,15396,15407,15325,15221,15150,15104,14935,14834,14769,14680,14511,14462,14410
Iowa,Lee County,37931,37435,36960,36627,36587,36364,36291,36130,35819,35856,35857,35575,35549,35250,35077,34916,34441,34239,33929,33641,33480,33260,32793,32509
Iowa,Linn County,192365,194359,195987,196920,198314,200395,202709,205840,208558,210217,211501,214242,215542,216567,218223,220392,222299,224553,226060,227241,227854,229474,228947,229402
Iowa,Louisa County,12174,12184,12225,12230,12115,11862,11904,11892,11830,11416,11375,11384,11364,11353,11254,11289,11219,11203,11135,11059,11011,10736,10657,10540
Iowa,Lucas County,9369,9386,9360,9384,9508,9462,9331,9280,9137,8948,8885,8879,8777,8695,8633,8609,8565,8537,8590,8561,8518,8708,8720,8775
Iowa,Lyon County,11748,11684,11670,11702,11692,11677,11604,11536,11545,11557,11578,11694,11761,11700,11709,11755,11800,11791,11849,11806,11756,12035,12185,12288
Iowa,Madison County,14049,14144,14312,14481,14733,14918,15262,15418,15517,15510,15732,15738,15639,15482,15620,15727,15800,16005,16140,16273,16521,16792,17050,16999
Iowa,Mahaska County,22299,22407,22394,22156,22240,22454,22298,22388,22483,22364,22376,22506,22407,22432,22466,22417,22325,22422,22203,22429,22370,21982,21959,21967
Iowa,Marion County,32104,32583,32572,32547,32618,32774,33396,33279,33515,33468,33234,33274,33277,33019,33280,33123,33157,33107,33251,33280,33168,33450,33582,33718
Iowa,Marshall County,39356,39414,39297,39397,39711,39646,39601,39875,40151,40280,40746,41013,41032,40993,40712,40340,40122,40051,39879,39472,39495,39915,39940,40230
Iowa,Mills County,14554,14497,14546,14621,14715,14905,15214,15239,15214,15056,15061,15031,14874,14907,14763,14885,15041,15060,15122,15124,14766,14491,14572,14642
Iowa,Mitchell County,10868,10736,10822,10830,10898,10800,10836,10812,10815,10763,10781,10709,10714,10663,10694,10670,10650,10544,10536,10565,10647,10555,10557,10544
Iowa,Monona County,10009,9860,9791,9819,9681,9566,9479,9423,9350,9247,9231,9238,9090,9030,8898,8865,8779,8721,8649,8626,8598,8595,8515,8503
Iowa,Monroe County,8005,7986,7887,7954,7969,7955,7911,7877,7904,7924,7974,8057,8070,7974,7952,7919,7835,7782,7738,7681,7770,7586,7524,7486
Iowa,Montgomery County,11793,11509,11313,11211,11191,11214,11179,10981,10823,10803,10718,10633,10541,10407,10386,10153,10135,10119,9976,9917,9935,10317,10210,10148
Iowa,Muscatine County,41791,41760,41757,41654,41758,41894,42145,42325,42515,42783,42738,42847,42922,43018,43032,43069,42942,42825,42784,42571,42394,42693,42501,42316
Iowa,O'Brien County,15067,14950,14808,14762,14564,14552,14558,14421,14332,14412,14374,14217,14154,14046,14045,13927,13921,13777,13806,13796,13679,14048,14107,14067
Iowa,Osceola County,6985,6963,6899,6888,6863,6743,6713,6600,6617,6509,6439,6315,6203,6236,6231,6161,6089,6024,6020,5961,5987,6174,6073,6016
Iowa,Page County,16939,16822,16506,16356,16227,16274,16331,16256,16083,15885,15922,15900,15705,15521,15487,15466,15343,15253,15227,15129,15073,15232,15169,15012
Iowa,Palo Alto County,10135,10051,9896,9748,9753,9702,9586,9577,9486,9510,9383,9354,9278,9163,9120,9137,9032,9045,8910,8873,8845,8932,8772,8807
Iowa,Plymouth County,24870,24847,24729,24858,25042,24980,24982,24886,24898,24904,24995,24824,24836,24937,24918,24912,25207,25053,25024,25200,25219,25738,25714,25765
Iowa,Pocahontas County,8602,8465,8355,8170,8003,7835,7694,7667,7510,7395,7278,7203,7143,7112,7099,6970,6845,6830,6709,6632,6607,7043,7090,7024
Iowa,Polk County,375627,380108,384355,388277,392164,399030,405990,413024,419495,425737,432260,438783,444753,452780,461069,467517,474593,480962,486222,491031,494281,497903,501261,507487
Iowa,Pottawattamie County,88022,87953,88447,88821,89762,90198,90867,91239,91781,92395,93359,93517,92965,92923,93332,93657,93649,93563,93445,93405,93328,93403,93180,93353
Iowa,Poweshiek County,18903,18972,18941,19060,19106,19002,19053,19140,19025,18958,18885,18900,18734,18618,18624,18379,18297,18359,18461,18458,18381,18623,18521,18497
Iowa,Ringgold County,5465,5415,5339,5332,5335,5304,5230,5201,5164,5119,5129,5048,5025,4971,4961,4978,4994,5029,4921,4866,4801,4636,4692,4646
Iowa,Sac County,11481,11403,11119,10967,10871,10716,10707,10532,10475,10342,10346,10223,10161,10028,10046,9961,9804,9797,9675,9675,9603,9771,9680,9663
Iowa,Scott County,158614,158203,158086,158048,158145,158543,159597,160077,161824,163582,165841,166686,168433,170321,171457,172072,172361,172691,173019,173400,173216,174250,173985,174589
Iowa,Shelby County,13031,12990,12869,12819,12750,12547,12480,12496,12338,12165,12160,11997,12032,11905,11886,11799,11662,11584,11564,11479,11430,11776,11745,11823
Iowa,Sioux County,31609,31952,32164,32318,32547,32726,33077,33150,33364,33587,33705,34022,34289,34511,34648,34764,34955,34784,34767,34950,35043,35979,36231,36399
Iowa,Story County,80152,80260,81885,82068,82754,82884,84739,86540,87831,89285,89575,91164,92046,93938,95894,96744,97012,97335,96749,97441,98237,99683,99995,101501
Iowa,Tama County,18084,18080,18017,18030,18167,18197,18149,18064,17986,17833,17730,17613,17500,17432,17309,17214,17212,17040,16853,16904,16801,16862,16910,16787
Iowa,Taylor County,6976,6894,6813,6747,6689,6534,6557,6448,6348,6355,6303,6301,6259,6227,6172,6243,6219,6113,6190,6188,6092,5868,5870,5917
Iowa,Union County,12281,12240,12163,12004,12085,12143,12225,12319,12447,12527,12528,12555,12585,12615,12625,12431,12366,12472,12297,12224,12157,12048,11922,11913
Iowa,Van Buren County,7793,7716,7722,7672,7665,7638,7660,7690,7699,7628,7548,7512,7449,7434,7390,7297,7243,7155,7008,7044,7069,7256,7250,7266
Iowa,Wapello County,36007,35947,35796,35750,35709,35855,35776,35458,35381,35481,35667,35484,35430,35506,35421,35450,35270,35043,35060,35151,34985,35304,35080,35417
Iowa,Warren County,40787,41080,41422,42187,42584,43339,44178,44868,45450,45926,46308,46654,46906,47369,47848,48486,49383,50087,51053,51548,52265,53487,54325,55298
Iowa,Washington County,20718,21064,21108,21190,21258,21350,21472,21588,21686,21692,21693,21825,21910,21954,22040,22160,22147,22236,22095,22030,21992,22526,22541,22554
Iowa,Wayne County,6728,6655,6665,6614,6561,6494,6478,6376,6373,6393,6402,6337,6329,6384,6375,6359,6438,6488,6376,6413,6415,6522,6472,6542
Iowa,Webster County,40234,40045,39654,39377,38922,38562,38534,38393,38273,38316,37915,37754,37335,37344,37085,37089,36813,36650,36361,35982,35934,37172,36703,36653
Iowa,Winnebago County,11778,11586,11403,11412,11321,11340,11138,10986,10927,10917,10841,10699,10608,10440,10567,10612,10599,10582,10555,10357,10277,10657,10651,10563
Iowa,Winneshiek County,21265,21258,21183,21006,21040,21060,21012,21078,20980,21025,21059,21055,21048,20849,20708,20756,20432,20140,20026,19992,19862,19944,19915,19728
Iowa,Woodbury County,103786,103129,102666,102039,101816,100589,100693,100492,100910,101581,102407,102741,102351,102317,102333,102532,102654,102098,102415,103132,103138,105801,105674,106544
Iowa,Worth County,7894,7797,7795,7734,7731,7742,7649,7655,7632,7610,7594,7560,7495,7488,7558,7503,7470,7456,7416,7407,7359,7374,7316,7322
Iowa,Wright County,14327,14133,13957,13831,13808,13717,13588,13492,13375,13262,13202,13032,13019,12982,12905,12843,12825,12758,12669,12551,12416,12821,12740,12744
Kansas,Kansas,2693681,2702162,2713535,2723004,2734373,2745299,2762931,2783785,2808076,2832704,2859169,2869677,2886024,2894306,2901861,2910717,2912977,2910892,2912748,2912635,2913805,2938338,2937324,2951500
Kansas,Allen County,14393,14171,14110,13940,13923,13733,13639,13545,13422,13407,13354,13348,13304,13065,12889,12680,12667,12545,12500,12404,12399,12506,12479,12466
Kansas,Anderson County,8091,8195,8143,8190,8101,8087,8023,8040,8158,8101,8097,8066,7925,7859,7888,7826,7828,7850,7858,7899,7949,7811,7787,7813
Kansas,Atchison County,16796,16868,16823,16875,16937,16865,16902,16864,16820,16965,16894,16756,16779,16697,16534,16429,16376,16319,16202,16138,16015,16235,16091,16142
Kansas,Barber County,5292,5158,5088,5049,5004,4984,5003,4927,4844,4882,4844,4922,4867,4909,4881,4824,4672,4569,4462,4458,4358,4105,4125,4078
Kansas,Barton County,28163,27771,27684,27581,27390,27536,27460,27492,27314,27526,27705,27700,27522,27447,27339,27164,26904,26427,26120,25938,25658,25267,25055,24901
Kansas,Bourbon County,15366,15368,15200,15187,15110,15002,14990,15038,15127,15157,15172,14945,14877,14835,14798,14734,14619,14604,14538,14499,14435,14327,14454,14432
Kansas,Brown County,10709,10555,10373,10271,10253,10087,10111,10036,9988,9972,9988,9973,9869,9916,9789,9710,9639,9619,9592,9541,9482,9456,9371,9267
Kansas,Butler County,59681,59894,60473,61056,61849,62547,63571,64213,64941,65617,65923,65854,65692,65706,65900,66293,66723,66916,66887,66932,66992,67984,68264,68638
Kansas,Chase County,3019,2966,3008,2942,2996,2962,2949,2840,2810,2779,2794,2768,2741,2688,2652,2654,2631,2652,2565,2585,2586,2608,2559,2555
Kansas,Chautauqua County,4344,4240,4183,4143,4139,3989,3836,3757,3735,3691,3660,3612,3562,3532,3460,3389,3361,3320,3287,3203,3230,3384,3387,3360
Kansas,Cherokee County,22554,22338,22185,22138,22124,21750,21855,21896,21720,21658,21569,21368,21206,20915,20785,20552,20280,20151,20024,19948,19681,19182,19043,19095
Kansas,Cheyenne County,3157,3083,3033,2957,2922,2880,2866,2810,2778,2743,2720,2693,2668,2672,2687,2676,2665,2682,2625,2624,2600,2635,2613,2634
Kansas,Clark County,2402,2393,2372,2364,2358,2298,2252,2200,2225,2242,2201,2121,2166,2179,2115,2082,2068,1996,1995,2006,1963,1957,1947,1861
Kansas,Clay County,8827,8730,8607,8493,8447,8444,8458,8527,8618,8500,8553,8526,8499,8384,8298,8291,8106,8003,8008,8009,8025,8099,8048,7996
Kansas,Cloud County,10238,10090,9948,9886,9739,9741,9560,9525,9541,9545,9518,9420,9416,9355,9332,9192,9088,8922,8725,8779,8642,8965,8937,8849
Kansas,Coffey County,8932,8828,8784,8795,8694,8622,8652,8542,8563,8566,8610,8489,8470,8381,8398,8294,8346,8231,8212,8142,8158,8343,8261,8272
Kansas,Comanche County,1955,1984,1956,1910,1905,1931,1842,1841,1902,1878,1895,1884,1916,1928,1950,1828,1844,1763,1740,1704,1690,1667,1695,1674
Kansas,Cowley County,36342,36103,36680,36300,36317,35928,35787,36148,36284,36195,36285,36259,36281,36186,35918,35774,35662,35311,35067,34784,34628,34631,34457,34245
Kansas,Crawford County,38262,38434,38330,38631,38656,38638,38855,38922,38997,38966,39185,39210,39333,39264,39291,39166,39082,38942,38884,38734,38730,39034,39180,38969
Kansas,Decatur County,3460,3450,3381,3302,3239,3128,3107,3043,2992,2980,2952,2927,2886,2911,2900,2927,2829,2866,2842,2816,2776,2756,2681,2732
Kansas,Dickinson County,19349,19138,19121,19238,19189,19285,19429,19454,19862,19730,19739,19686,19708,19436,19311,19214,18971,18829,18621,18381,18266,18463,18344,18432
Kansas,Doniphan County,8240,8219,8186,8144,8013,7868,7936,7988,8003,7907,7950,7961,7891,7876,7839,7789,7713,7655,7632,7584,7496,7455,7488,7530
Kansas,Douglas County,100247,101269,102552,103570,104826,105681,107187,107892,109010,110039,111130,112500,113360,114779,116540,118265,119876,120516,121327,122269,122530,119503,120053,121179
Kansas,Edwards County,3434,3376,3309,3223,3231,3194,3078,3068,3058,3008,3049,3021,2968,2969,3026,2955,2896,2871,2806,2783,2750,2802,2747,2731
Kansas,Elk County,3217,3147,3148,3087,3073,3041,2971,2939,2954,2914,2872,2786,2662,2634,2695,2572,2514,2511,2470,2507,2507,2431,2448,2478
Kansas,Ellis County,27454,27591,27532,27507,27457,27429,27653,27710,28010,28353,28467,28772,29100,29044,28983,29030,28946,28755,28709,28652,28671,28856,28868,28920
Kansas,Ellsworth County,6536,6477,6419,6440,6437,6404,6465,6503,6471,6432,6511,6467,6469,6372,6353,6311,6300,6295,6156,6093,6034,6328,6398,6387
Kansas,Finney County,40508,39730,38499,37701,37462,36754,36259,35663,35461,36300,37013,37114,37106,37069,37105,37127,36827,36685,36473,36351,35917,38091,37665,37999
Kansas,Ford County,32544,32182,31981,32285,32265,32354,32029,32168,32187,33158,34094,34371,34661,34872,34923,34617,34446,34082,33623,33346,33094,34190,33842,34047
Kansas,Franklin County,24869,25000,25218,25312,25525,25527,25716,25734,25851,25870,26035,25861,25836,25747,25551,25495,25546,25667,25681,25618,25703,26024,25994,26223
Kansas,Geary County,27845,27821,27679,27532,27149,27099,27708,27951,30276,31537,35212,35309,37946,36857,36530,36783,35401,33935,32998,31992,32218,36131,35525,35192
Kansas,Gove County,3087,3044,3018,2947,2896,2840,2824,2757,2646,2689,2691,2727,2762,2796,2749,2700,2621,2623,2612,2665,2621,2750,2741,2733
Kansas,Graham County,2925,2896,2886,2842,2786,2762,2751,2707,2669,2592,2595,2635,2581,2588,2557,2591,2558,2485,2448,2441,2389,2403,2395,2371
Kansas,Grant County,7880,7789,7901,7770,7722,7687,7707,7756,7674,7731,7852,7893,7833,7843,7784,7719,7660,7476,7271,7136,7077,7335,7230,7158
Kansas,Gray County,5913,5921,5973,5981,5951,5882,5838,5735,5821,5920,6037,6086,5963,5979,6060,6083,6043,6020,6085,5996,5954,5661,5707,5765
Kansas,Greeley County,1530,1524,1422,1377,1366,1299,1262,1275,1247,1210,1259,1255,1268,1283,1302,1302,1280,1227,1229,1211,1196,1283,1230,1174
Kansas,Greenwood County,7647,7653,7567,7493,7415,7222,6944,6957,6817,6724,6677,6611,6427,6361,6290,6235,6104,6068,6008,6001,5868,5921,5917,5909
Kansas,Hamilton County,2651,2675,2676,2694,2642,2590,2583,2633,2638,2669,2694,2634,2648,2616,2654,2563,2628,2609,2584,2515,2425,2478,2445,2459
Kansas,Harper County,6511,6436,6307,6308,6261,6166,6049,5998,6063,6025,6028,5938,5862,5844,5831,5785,5670,5581,5500,5442,5336,5352,5374,5392
Kansas,Harvey County,32894,32961,33254,33422,33549,33566,33659,33823,33994,34547,34726,34698,34769,34736,34621,34832,34777,34436,34225,34442,34291,33799,33710,33635
Kansas,Haskell County,4302,4246,4194,4214,4238,4250,4182,4184,4153,4188,4274,4235,4212,4124,4100,4087,4026,4019,3993,3987,3923,3653,3573,3630
Kansas,Hodgeman County,2072,2118,2139,2122,2089,2038,2027,1959,1949,1929,1912,1957,1927,1923,1882,1868,1841,1858,1799,1763,1779,1724,1707,1681
Kansas,Jackson County,12655,12672,12826,12983,13069,13362,13356,13348,13235,13369,13492,13429,13402,13312,13441,13286,13274,13347,13288,13164,13171,13264,13285,13392
Kansas,Jefferson County,18553,18640,18741,18835,19042,19159,19005,19049,19072,19037,19132,18941,18858,18767,18798,18789,18838,18935,18901,19165,19032,18435,18344,18307
Kansas,Jewell County,3747,3603,3491,3421,3349,3271,3264,3200,3137,3077,3075,3091,3055,3061,3044,2964,2890,2858,2832,2858,2833,2947,2906,2901
Kansas,Johnson County,454539,463554,475239,485689,495396,504441,514813,523879,532175,539396,545876,553034,559647,566661,573322,580158,586601,592055,599045,602948,607220,614962,619311,625444
Kansas,Kearny County,4497,4489,4371,4249,4231,4147,4052,3928,3909,3941,3998,3960,3974,3913,3940,3936,3896,3939,3926,3807,3745,3895,3854,3803
Kansas,Kingman County,8685,8597,8472,8544,8439,8249,8119,8011,7892,7885,7840,7891,7827,7803,7687,7639,7407,7278,7148,7056,6974,7288,7184,7091
Kansas,Kiowa County,3264,3160,3150,3175,3130,3088,3039,2837,2418,2490,2570,2558,2512,2533,2530,2568,2509,2488,2490,2470,2456,2407,2410,2404
Kansas,Labette County,22733,22436,22214,22100,21911,21913,21929,21928,21786,21759,21555,21380,21165,20875,20779,20640,20323,20146,19929,19704,19586,19908,19750,19833
Kansas,Lane County,2145,2104,1981,1956,1916,1848,1780,1763,1756,1779,1740,1743,1682,1698,1666,1630,1596,1549,1535,1527,1518,1564,1552,1533
Kansas,Leavenworth County,68957,69906,70793,70939,71373,71788,72741,73791,74560,75461,76504,77116,77708,78177,78678,79269,80422,81259,81659,81911,82246,82395,82852,83735
Kansas,Lincoln County,3576,3560,3513,3536,3414,3443,3360,3365,3333,3249,3235,3232,3179,3159,3182,3141,3075,3044,2994,2964,2986,2907,2909,2924
Kansas,Linn County,9580,9734,9724,9775,9830,10032,10013,9858,9731,9669,9640,9610,9481,9538,9532,9574,9604,9694,9771,9714,9654,9745,9771,9885
Kansas,Logan County,3059,2992,2984,2925,2905,2881,2808,2798,2779,2729,2758,2766,2794,2775,2767,2785,2821,2812,2804,2776,2732,2713,2706,2678
Kansas,Lyon County,35967,36049,35826,35868,36034,35936,35832,36018,35591,33777,33654,33651,33544,33478,33148,33142,33367,33246,33302,33224,33045,32034,31994,32267
Kansas,McPherson County,29572,29489,29237,29239,29276,29375,29174,29250,29095,29222,29151,29158,29226,29424,28908,28667,28466,28722,28565,28584,28448,30167,30106,30236
Kansas,Marion County,13394,13377,13289,13240,13066,13012,12804,12707,12639,12654,12642,12546,12378,12206,12188,12054,12008,11950,11885,11831,11652,11744,11800,11768
Kansas,Marshall County,10933,10791,10585,10451,10312,10270,10171,10150,10174,10121,10117,9985,10027,9975,9947,9848,9805,9697,9718,9691,9652,10023,10007,9963
Kansas,Meade County,4621,4669,4663,4595,4570,4586,4531,4490,4497,4502,4596,4519,4378,4284,4355,4298,4230,4226,4091,4023,4029,3998,3905,3911
Kansas,Miami County,28536,28770,29072,29437,30158,30758,31180,31962,32131,32445,32860,32743,32681,32850,32889,32782,32960,33450,33714,34244,34334,34641,34759,35333
Kansas,Mitchell County,6911,6772,6706,6688,6539,6443,6382,6389,6370,6420,6354,6284,6302,6309,6248,6295,6193,6132,6096,5967,5879,5750,5774,5789
Kansas,Montgomery County,36242,35935,35490,35152,35150,35034,35246,35504,35538,35589,35390,34790,34483,34458,34109,33458,32850,32382,32040,31796,31502,31180,30905,30756
Kansas,Morris County,6120,6061,5981,5922,5904,5947,5929,5931,5999,5958,5913,5864,5849,5720,5665,5630,5553,5471,5551,5623,5559,5388,5376,5289
Kansas,Morton County,3482,3393,3387,3403,3326,3300,3285,3256,3227,3226,3228,3176,3126,3114,3039,2950,2802,2743,2662,2536,2538,2674,2600,2592
Kansas,Nemaha County,10694,10494,10501,10490,10397,10367,10345,10325,10259,10165,10173,10087,10070,10097,10092,10099,10102,10063,10085,10170,10121,10228,10151,10094
Kansas,Neosho County,16934,16884,16719,16615,16664,16591,16479,16578,16587,16568,16480,16454,16425,16390,16332,16291,16131,16098,15984,15899,15929,15791,15583,15451
Kansas,Ness County,3448,3391,3352,3274,3219,3177,3135,3150,3127,3085,3104,3118,3077,3087,3090,3022,2966,2864,2811,2782,2768,2658,2671,2639
Kansas,Norton County,5962,5863,5845,5852,5789,5765,5748,5698,5702,5640,5674,5656,5589,5617,5536,5538,5504,5432,5443,5372,5328,5370,5322,5314
Kansas,Osage County,16756,16657,16689,16722,16843,16869,16633,16468,16439,16297,16291,16342,16179,16084,15973,15867,15836,15842,15921,15906,15770,15754,15690,15798
Kansas,Osborne County,4436,4342,4283,4149,4094,4035,3998,3916,3867,3913,3838,3833,3810,3800,3752,3641,3598,3539,3456,3438,3439,3487,3488,3440
Kansas,Ottawa County,6192,6142,6188,6153,6112,6097,6108,6101,6137,6114,6077,6063,6027,6040,6027,5932,5898,5813,5744,5713,5712,5835,5833,5842
Kansas,Pawnee County,7225,7068,6996,6964,6975,7027,6889,6930,6859,6927,6962,6977,6865,6863,6823,6772,6716,6673,6554,6384,6366,6240,6153,6068
Kansas,Phillips County,5995,5903,5833,5748,5749,5642,5573,5588,5586,5620,5638,5540,5520,5559,5494,5419,5402,5379,5274,5248,5181,4818,4792,4762
Kansas,Pottawatomie County,18302,18412,18580,18925,19193,19444,19720,20395,20884,21206,21701,22033,22339,22586,22755,23145,23646,23938,24243,24468,24722,25884,26331,26506
Kansas,Pratt County,9649,9579,9669,9575,9492,9618,9658,9698,9684,9669,9641,9644,9760,9780,9769,9695,9558,9493,9326,9114,9127,9168,9080,9107
Kansas,Rawlins County,2988,2917,2903,2836,2776,2697,2663,2655,2592,2558,2504,2508,2509,2563,2543,2504,2494,2471,2483,2493,2511,2561,2531,2480
Kansas,Reno County,64731,64584,64163,63990,63779,63778,63822,63683,63974,64196,64597,64432,64210,64090,63716,63612,63230,62756,62363,61963,61793,61523,61514,61419
Kansas,Republic County,5804,5685,5485,5395,5285,5238,5159,5124,5067,5045,4952,4892,4826,4767,4741,4688,4660,4655,4623,4563,4536,4699,4638,4608
Kansas,Rice County,10728,10609,10526,10465,10498,10396,10224,10103,10175,10047,10089,10096,9988,9974,9972,9926,9773,9559,9453,9512,9362,9388,9387,9305
Kansas,Riley County,63237,62962,62625,62922,64218,64751,66928,67329,69444,69995,71481,73449,77545,76996,76570,77293,75374,74129,74826,72762,73202,71870,71618,71673
Kansas,Rooks County,5665,5560,5482,5430,5400,5352,5322,5275,5254,5179,5174,5201,5221,5195,5203,5179,5118,5055,4989,4937,4827,4859,4798,4776
Kansas,Rush County,3536,3511,3454,3439,3442,3384,3294,3273,3310,3253,3322,3211,3208,3175,3160,3097,3052,3049,3037,2994,2947,2935,2949,2833
Kansas,Russell County,7349,7179,7066,7032,7085,6930,6894,6943,6869,6880,6990,6985,6989,6977,7008,7045,6997,6928,6885,6868,6804,6694,6726,6683
Kansas,Saline County,53659,53952,54157,54018,54178,54361,54478,54723,54811,55164,55733,55785,55841,55765,55540,55463,54975,54529,54351,54140,53926,53829,53461,53342
Kansas,Scott County,5100,5110,4960,4865,4713,4771,4738,4707,4729,4823,4967,4892,4856,4908,4968,4950,4976,4931,4918,4850,4790,5115,5010,4962
Kansas,Sedgwick County,453705,456887,461020,462442,464021,467113,471659,478479,486077,495006,499393,501051,504171,506542,509084,511230,513324,513392,513877,516579,519907,524470,525488,530254
Kansas,Seward County,22616,22544,22687,22647,22538,22334,22246,22409,22522,22729,23036,23131,23358,23318,23308,23283,22907,22239,21904,21421,21038,21764,21326,21209
Kansas,Shawnee County,170027,170320,170349,170854,171378,171893,172986,174162,175449,176786,178301,178968,179013,178714,178651,178789,178413,178096,177224,176735,175999,178424,177454,177596
Kansas,Sheridan County,2795,2728,2675,2659,2594,2618,2585,2578,2605,2575,2545,2501,2490,2499,2501,2474,2489,2526,2521,2517,2520,2451,2428,2409
Kansas,Sherman County,6746,6606,6396,6293,6186,6155,5979,6004,6017,6004,6006,6055,6122,6094,6069,5965,5960,5935,5915,5932,5777,5939,5857,5791
Kansas,Smith County,4519,4416,4311,4246,4190,4128,4052,4008,3909,3849,3851,3791,3754,3700,3730,3691,3657,3616,3582,3571,3544,3566,3553,3541
Kansas,Stafford County,4752,4723,4646,4559,4468,4473,4440,4460,4404,4422,4440,4383,4350,4340,4282,4217,4194,4187,4119,4081,4046,4012,3979,3948
Kansas,Stanton County,2394,2410,2421,2366,2354,2252,2212,2176,2169,2174,2253,2213,2156,2179,2143,2072,2111,2056,2026,1987,1969,2046,1977,2012
Kansas,Stevens County,5460,5428,5442,5473,5626,5592,5481,5397,5440,5592,5755,5631,5737,5806,5838,5791,5655,5542,5496,5405,5388,5305,5151,5074
Kansas,Sumner County,25946,25704,25500,25248,25146,24795,24493,24290,24238,24160,24104,23788,23632,23534,23381,23414,23165,23103,22982,22810,22578,22327,22384,22393
Kansas,Thomas County,8179,8164,8119,8040,7919,7768,7726,7681,7685,7753,7938,7948,7942,7944,7849,7908,7838,7824,7673,7704,7702,7950,7882,7858
Kansas,Trego County,3280,3225,3137,3097,3120,3025,2991,2971,2943,2985,3003,2953,2939,2943,2893,2904,2848,2842,2782,2779,2758,2791,2757,2758
Kansas,Wabaunsee County,6868,6801,6750,6759,6823,6925,6845,6998,7077,7059,7043,7036,6993,7024,6936,6886,6876,6827,6882,6892,6906,6970,7002,7073
Kansas,Wallace County,1733,1695,1671,1623,1562,1531,1527,1481,1447,1469,1490,1525,1523,1560,1501,1505,1499,1513,1484,1518,1536,1513,1491,1501
Kansas,Washington County,6413,6281,6201,6156,6072,6022,5950,5880,5848,5779,5799,5820,5727,5626,5610,5568,5561,5475,5457,5449,5427,5521,5495,5553
Kansas,Wichita County,2512,2511,2453,2431,2347,2361,2287,2264,2222,2211,2237,2260,2228,2192,2187,2166,2133,2121,2112,2118,2074,2079,2061,2093
Kansas,Wilson County,10303,10216,10104,10063,9784,9772,9747,9783,9592,9485,9383,9239,9121,9093,8971,8847,8709,8707,8668,8555,8362,8525,8577,8438
Kansas,Woodson County,3754,3742,3602,3572,3485,3523,3440,3363,3347,3309,3303,3322,3274,3214,3186,3142,3184,3127,3165,3096,3015,3086,3122,3127
Kansas,Wyandotte County,157883,158372,157498,156276,154874,154356,153689,154267,155092,156416,157845,158039,159424,161004,162325,163776,164924,165254,165781,166009,165265,167279,165719,166932
Kentucky,Kentucky,4049021,4068132,4089875,4117170,4146101,4182742,4219239,4256672,4289878,4317074,4346266,4370817,4387865,4406906,4416992,4429126,4440306,4455590,4464273,4472345,4477251,4507583,4519233,4550595
Kentucky,Adair County,17327,17584,17762,17924,17994,18128,18335,18493,18541,18729,18614,18984,18939,19128,19268,19172,19293,19311,19201,19472,19555,18928,19089,19306
Kentucky,Allen County,17820,17947,18219,18434,18699,18910,19272,19540,19838,19811,19980,20164,20220,20304,20482,20655,20706,20891,21104,21320,21303,20833,21246,21779
Kentucky,Anderson County,19151,19382,19315,19504,19714,19987,20519,20999,21088,21328,21465,21570,21702,21758,21881,21933,22198,22553,22615,22700,22833,24093,24279,24618
Kentucky,Ballard County,8304,8225,8164,8254,8242,8269,8204,8190,8265,8204,8263,8258,8274,8244,8178,8208,8043,8002,7940,7817,7769,7689,7633,7608
Kentucky,Barren County,38128,38517,38704,39164,39601,40320,40857,41435,41797,42171,42164,42322,42610,42944,43041,43559,43789,43787,44071,44185,44300,44588,44851,45132
Kentucky,Bath County,11128,11280,11403,11428,11447,11538,11558,11470,11647,11544,11607,11721,11783,11979,12135,12209,12255,12393,12444,12532,12481,12797,12818,12972
Kentucky,Bell County,30015,29561,29691,29478,29275,29130,28960,28794,28836,28667,28706,28656,28288,28034,27830,27376,27222,26865,26534,26026,25482,23788,23514,23208
Kentucky,Boone County,87108,90277,93323,96680,100822,105456,109295,112308,115262,117461,119290,121742,123456,125083,126752,128270,129649,131151,131971,133670,135396,137707,139377,141511
Kentucky,Bourbon County,19366,19443,19452,19563,19733,19908,19809,19891,20046,20027,19964,20051,20050,20023,20049,20159,20123,20088,20102,19774,19901,20220,20144,20220
Kentucky,Boyd County,49627,49595,49578,49754,49542,49403,49312,49154,49244,49362,49580,49417,49238,48905,48828,48518,48175,47867,47406,46839,46516,47754,48048,47771
Kentucky,Boyle County,27673,27472,27455,27451,27832,27922,28031,28112,28288,28297,28497,28800,29026,29636,29820,29800,29984,29992,30109,30000,30367,30600,30854,31096
Kentucky,Bracken County,8267,8334,8408,8387,8592,8533,8484,8468,8471,8473,8499,8512,8464,8425,8362,8292,8366,8284,8273,8330,8286,8445,8436,8435
Kentucky,Breathitt County,15999,15664,15346,15098,14975,14792,14549,14327,14249,14009,13875,13786,13608,13525,13361,13358,13164,12922,12762,12612,12550,13558,13353,12962
Kentucky,Breckinridge County,18682,18837,19030,19209,19326,19579,19590,19819,20018,19979,20060,20276,20079,20049,19893,19987,19988,20131,20286,20471,20537,20679,20942,21117
Kentucky,Bullitt County,61590,62596,63775,65074,66937,68620,70042,71577,72738,73743,74473,75192,75906,76886,78039,78698,79273,80309,81040,81803,82182,83068,83901,85000
Kentucky,Butler County,12991,13015,12952,12957,13044,12900,12925,12759,12745,12670,12714,12727,12745,12714,12745,12742,12691,12792,12731,12861,12703,12297,12371,12430
Kentucky,Caldwell County,13026,12843,12798,12802,12774,12816,12828,12882,12985,12996,12978,13026,12988,12882,12844,12744,12635,12660,12684,12731,12687,12682,12601,12561
Kentucky,Calloway County,34160,34439,34499,34896,35327,35788,36375,36585,36686,36886,37281,37680,38065,38449,38482,38695,38760,38841,38982,39073,39300,37904,38119,38520
Kentucky,Campbell County,88687,88843,88596,88259,87982,88047,88036,88302,88548,89664,90532,91631,91659,91862,92403,92612,92821,93366,93990,93841,94020,92824,93305,93859
Kentucky,Carlisle County,5336,5305,5299,5255,5261,5215,5212,5109,5093,5113,5102,5034,5028,4959,4959,4849,4782,4785,4711,4721,4692,4761,4723,4742
Kentucky,Carroll County,10181,10193,10312,10372,10379,10511,10528,10595,10744,10852,10794,10994,10877,10844,10747,10693,10635,10720,10711,10658,10730,10899,10935,10986
Kentucky,Carter County,26874,26991,27262,27504,27528,27767,27921,27971,27752,27785,27675,27621,27633,27599,27517,27443,27313,27216,27042,26766,26542,26438,26300,26255
Kentucky,Casey County,15466,15563,15679,15690,15784,15845,15900,15908,15970,15946,15972,15916,16029,16017,15790,15756,15785,15836,15950,16204,16066,15922,15893,15887
Kentucky,Christian County,72730,73397,73098,71547,71700,72892,70592,73128,72034,73457,74179,73516,74975,73726,73432,73243,71966,71293,71036,71577,71478,73144,72213,71235
Kentucky,Clark County,33234,33390,33407,33672,34025,34377,34823,35207,35256,35607,35634,35438,35694,35566,35643,35685,35869,35941,36209,36280,36463,36892,37012,37337
Kentucky,Clay County,24458,24203,23995,23635,23278,22946,22718,22332,22289,21950,21698,21602,21530,21199,21093,20986,20627,20264,20116,19912,19631,20162,19884,19658
Kentucky,Clinton County,9637,9696,9762,9825,9886,9932,9942,10120,10253,10227,10262,10170,10282,10188,10218,10197,10209,10214,10142,10200,10110,9281,9140,9178
Kentucky,Crittenden County,9408,9310,9217,9234,9126,9138,9264,9278,9408,9301,9313,9249,9222,9180,9180,9174,9133,9011,8900,8807,8847,8944,8971,8996
Kentucky,Cumberland County,7167,7157,7164,7151,7189,7066,7073,6959,6917,6855,6850,6865,6849,6785,6717,6731,6739,6706,6704,6626,6523,5902,5950,5980
Kentucky,Daviess County,91657,91707,91821,92457,92769,93150,93908,94647,95411,96261,96762,97185,97871,98334,98488,99548,100080,100508,100885,101555,101978,103087,103373,103927
Kentucky,Edmonson County,11639,11728,11763,11809,11804,11987,11957,12055,12127,12122,12171,12244,12106,12075,12022,12009,12097,12248,12247,12149,12235,12228,12300,12466
Kentucky,Elliott County,6767,6694,6700,6782,6748,6867,7151,7134,7556,7727,7895,7782,7633,7550,7531,7546,7487,7490,7469,7485,7372,7364,7301,7271
Kentucky,Estill County,15307,15293,15193,15014,14913,14780,14786,14778,14752,14672,14678,14662,14512,14492,14451,14381,14332,14186,14164,14143,14109,14083,13994,13937
Kentucky,Fayette County,261408,263990,265822,269904,272377,275540,279971,283291,287683,292514,296765,301766,306062,310025,311992,316079,318190,321554,322597,323922,324735,320431,321505,324624
Kentucky,Fleming County,13837,14016,14068,14230,14271,14270,14235,14349,14345,14280,14381,14483,14527,14540,14476,14576,14489,14439,14490,14574,14603,15262,15257,15405
Kentucky,Floyd County,42316,41844,41671,41325,41128,40847,40429,40261,39964,39643,39446,39760,39142,38487,38012,37545,37002,36301,35861,35515,34974,35298,35519,34971
Kentucky,Franklin County,47888,48185,48293,48246,48536,48620,48699,48795,49301,49253,49288,49312,49455,49482,49738,50090,50344,50564,50807,50887,51118,51721,51617,51826
Kentucky,Fulton County,7697,7753,7563,7427,7274,7090,6871,6861,6945,6793,6821,6739,6557,6381,6259,6259,6181,6151,6049,5989,5952,6486,6389,6378
Kentucky,Gallatin County,7866,8004,7891,8094,8119,8225,8253,8337,8420,8533,8597,8617,8551,8577,8632,8610,8725,8716,8739,8842,8779,8756,8786,8823
Kentucky,Garrard County,14844,15090,15505,15790,15941,16315,16595,16887,16906,16900,16920,16869,17008,16995,16975,17212,17388,17452,17528,17684,17719,17368,17580,17888
Kentucky,Grant County,22485,22972,23307,23619,23856,23993,24253,24544,24856,24697,24671,24771,24522,24567,24832,24746,24915,24998,25114,25120,25387,25293,25466,25596
Kentucky,Graves County,37049,36869,36770,36898,36789,36926,36859,36932,36862,36932,37205,37608,37566,37408,37584,37249,37217,37160,37260,37170,36818,36665,36532,36600
Kentucky,Grayson County,24094,24170,24235,24648,24962,25181,25294,25444,25558,25619,25785,25754,25797,25954,26071,26143,26105,26281,26265,26435,26480,26582,26623,26806
Kentucky,Green County,11526,11566,11543,11557,11408,11406,11454,11412,11432,11359,11226,11218,11304,11181,11043,10976,10991,11060,11007,10949,10995,11328,11379,11454
Kentucky,Greenup County,36836,36804,36600,36681,36579,36530,36827,36939,37106,37053,36885,36848,36698,36505,36326,36030,35852,35542,35371,35164,34865,35660,35384,35299
Kentucky,Hancock County,8424,8431,8424,8426,8389,8508,8542,8536,8567,8558,8570,8590,8645,8631,8687,8648,8743,8786,8751,8716,8742,9076,9043,8936
Kentucky,Hardin County,92919,93715,94136,93929,95015,96652,97539,98728,99926,101254,106933,107542,108280,109072,108612,106415,107106,108314,110435,110970,111309,111870,111776,112396
Kentucky,Harlan County,32935,32184,31938,31291,30614,30277,30113,29969,29591,29534,29232,29129,28686,28494,28018,27509,26986,26687,26338,25960,25566,26139,25610,25302
Kentucky,Harrison County,17997,18007,18009,18171,18233,18314,18483,18725,18876,18894,18828,18680,18612,18564,18632,18642,18590,18737,18730,18838,18920,18961,19085,19409
Kentucky,Hart County,17535,17291,17573,17741,17821,18040,18109,18172,18320,18197,18206,18286,18399,18462,18508,18415,18531,18737,18868,19014,19013,19476,19592,19726
Kentucky,Henderson County,44827,44865,45091,45214,45362,45521,45633,45696,46046,46037,46302,46345,46436,46362,46396,46376,46254,45915,45566,45276,44740,44409,44017,44127
Kentucky,Henry County,15032,15113,15107,15259,15327,15368,15475,15465,15511,15530,15389,15373,15335,15433,15550,15563,15837,15979,16049,16063,16067,15707,15730,15951
Kentucky,Hickman County,5240,5234,5225,5186,5093,5061,5002,4955,4957,4945,4885,4793,4747,4720,4690,4622,4622,4531,4424,4365,4364,4427,4422,4423
Kentucky,Hopkins County,46463,46148,46374,46668,46759,46640,46727,46834,47051,46921,46899,46849,46618,46436,46168,46068,45616,45303,44978,44660,44662,45149,44879,44985
Kentucky,Jackson County,13507,13611,13559,13512,13476,13596,13577,13606,13650,13463,13503,13380,13303,13385,13304,13321,13351,13418,13415,13316,13340,12975,12989,13138
Kentucky,Jefferson County,694399,697159,699810,703970,706828,710018,715149,723040,730194,736705,742172,746458,751802,759427,762038,765322,767770,770383,768706,767785,767452,777624,777329,783381
Kentucky,Jessamine County,39216,39819,40760,41545,42348,43503,45024,46044,47429,48153,48716,48892,49469,50124,50877,51822,52259,53274,53777,54012,54057,53583,54333,55511
Kentucky,Johnson County,23315,23230,23156,23138,23229,23332,23382,23354,23256,23220,23415,23430,23419,23474,23266,23144,22895,22618,22432,22188,22002,22550,22234,22139
Kentucky,Kenton County,151658,151974,151777,152591,153138,153769,155557,157240,158258,159239,159876,160562,161774,163228,163741,164627,165144,165835,166501,167333,167949,169641,170413,172248
Kentucky,Knott County,17593,17411,17457,17294,17093,17089,16837,16640,16616,16543,16298,16306,16122,16090,15943,15681,15498,15243,15090,14861,14512,14040,13848,13660
Kentucky,Knox County,31770,31431,31298,31376,31371,31570,31599,31668,31746,31920,31893,31875,31493,31637,31542,31467,31481,31461,31326,31151,31022,30028,29734,29723
Kentucky,Larue County,13398,13436,13536,13455,13615,13793,13934,14008,14100,14172,14185,14190,14057,14029,14120,14123,14019,14204,14300,14393,14431,15035,15165,15328
Kentucky,Laurel County,52920,53604,54452,55371,55811,56465,57239,57938,58142,58513,58944,59364,59542,59714,59913,59937,60080,60343,60652,60842,61238,62582,62891,63352
Kentucky,Lawrence County,15553,15566,15625,15558,15664,15756,15766,15815,15867,15889,15868,15931,15881,15893,15873,15861,15843,15757,15589,15395,15436,16273,16037,15974
Kentucky,Lee County,7929,7922,7971,8015,7950,7823,7850,7855,7859,7885,7874,7706,7582,7147,7069,7023,6885,6860,7038,7390,7268,7457,7259,7301
Kentucky,Leslie County,12371,12183,12156,12010,11820,11797,11642,11585,11465,11361,11299,11241,11147,10995,10841,10655,10431,10323,10135,9880,9637,10284,10044,9865
Kentucky,Letcher County,25213,24862,24914,24925,24742,24585,24534,24499,24363,24364,24551,24375,24009,23536,23352,23043,22765,22297,21847,21560,21213,21229,20792,20414
Kentucky,Lewis County,14111,13990,13728,13710,13827,13861,14010,14069,13997,13915,13849,13838,13840,13755,13832,13666,13514,13369,13269,13309,13262,12982,12924,12956
Kentucky,Lincoln County,23410,23704,23845,24109,24309,24719,24838,24875,24664,24776,24741,24728,24412,24447,24438,24351,24367,24500,24614,24519,24466,24232,24392,24738
Kentucky,Livingston County,9811,9795,9742,9656,9589,9650,9594,9508,9458,9476,9534,9504,9438,9333,9330,9290,9199,9249,9222,9148,9041,8981,8960,8889
Kentucky,Logan County,26654,26609,26615,26533,26632,26721,26768,26911,26802,26872,26835,26851,26731,26989,26828,26761,26697,27017,27003,27111,27416,27807,27855,28285
Kentucky,Lyon County,8114,8149,8144,8180,8249,8327,8434,8393,8374,8332,8304,8435,8446,8454,8413,8478,8248,8293,8198,8256,8133,8434,9119,9190
Kentucky,McCracken County,65423,64825,64588,64430,64270,64430,64678,64925,65287,65654,65539,65808,65609,65368,65356,64990,65348,65420,65391,65622,65644,67554,67333,67456
Kentucky,McCreary County,17074,17144,17320,17363,17469,17758,17892,18053,18144,18207,18314,18290,18062,17938,17933,17902,17588,17421,17327,17260,17071,16800,16788,17069
Kentucky,McLean County,9983,9853,9945,9852,9841,9811,9702,9717,9673,9566,9519,9497,9478,9442,9397,9385,9333,9202,9237,9162,9075,9121,9112,9076
Kentucky,Madison County,71309,72571,73634,74998,76673,78732,80264,80659,81521,82299,83157,84787,85418,85969,87125,88274,89653,91259,92172,93099,94265,93453,95219,97599
Kentucky,Magoffin County,13321,13195,13285,13287,13297,13302,13258,13316,13233,13335,13327,13222,13066,12945,12986,12791,12673,12525,12331,12184,12017,11490,11325,11202
Kentucky,Marion County,18243,18404,18540,18676,19066,19251,19392,19458,19647,19769,19831,20012,19929,19934,19084,19219,19136,19284,19314,19237,19314,19728,19731,19840
Kentucky,Marshall County,30113,30145,30258,30494,30674,30870,31204,31443,31418,31411,31452,31264,31264,31218,30997,31068,31277,31324,31247,31113,31163,31810,31766,31717
Kentucky,Martin County,12586,12589,12711,12778,13138,13536,13371,13224,13160,13040,12894,12832,12734,12661,12505,12299,11961,11504,11349,11258,11031,11165,11095,10927
Kentucky,Mason County,16790,16808,16825,16729,16802,16923,17138,17259,17454,17464,17497,17545,17463,17326,17139,17052,17202,17221,17105,17049,17035,16952,16880,16857
Kentucky,Meade County,28189,28506,28919,28949,29600,29732,29397,29108,28962,28403,28664,29638,29257,29245,29100,27743,27967,28054,28648,28610,28616,30125,30028,30166
Kentucky,Menifee County,6565,6631,6651,6581,6597,6581,6567,6486,6457,6317,6307,6417,6337,6341,6303,6371,6450,6465,6415,6483,6502,6175,6215,6279
Kentucky,Mercer County,20794,20755,20877,21044,21118,21229,21181,21255,21273,21286,21363,21287,21333,21300,21365,21383,21408,21557,21674,21921,21889,22859,22927,23189
Kentucky,Metcalfe County,10005,10075,9961,9968,10008,10094,10123,10187,10166,10067,10109,10059,9973,9952,9988,9917,10010,10085,10074,10084,10058,10387,10401,10495
Kentucky,Monroe County,11700,11684,11557,11481,11348,11425,11337,11171,10990,10969,10978,10917,10845,10712,10672,10616,10536,10594,10746,10654,10549,11263,11328,11271
Kentucky,Montgomery County,22650,22851,23251,23594,23899,24491,25085,25550,25981,26407,26516,26762,26870,27243,27381,27594,27692,27954,28179,28197,28186,28218,28348,28531
Kentucky,Morgan County,13964,14046,14165,14201,14319,14219,14174,14191,14055,13928,13928,13723,13538,13372,13356,13279,13286,13263,13363,13297,13142,13691,14156,14385
Kentucky,Muhlenberg County,31795,31768,31641,31588,31615,31595,31595,31627,31486,31505,31493,31528,31387,31332,31312,31258,31151,30944,30841,30681,30457,30334,30684,30527
Kentucky,Nelson County,37662,38128,38681,39307,39947,40582,41424,42020,42588,42974,43609,44060,44401,44541,44861,45119,45517,45606,45781,46221,46450,47135,47429,47981
Kentucky,Nicholas County,6789,6878,7015,7075,7139,7134,7147,7143,7135,7125,7131,7101,7022,7021,7063,7072,7091,7172,7198,7248,7234,7733,7776,7674
Kentucky,Ohio County,22933,23040,23161,23158,23452,23611,23658,23794,24025,23888,23818,23986,24029,23987,23964,24040,24202,24137,24125,24043,23899,23729,23549,23719
Kentucky,Oldham County,46895,47933,49250,51296,52830,54266,56329,57991,59375,59777,60450,60782,62119,63078,63991,64586,65487,66606,66632,66818,66999,68251,69506,70308
Kentucky,Owen County,10554,10591,10749,10732,10893,10900,10886,11000,11010,10909,10833,10823,10762,10646,10659,10737,10674,10794,10867,10884,11017,11301,11292,11309
Kentucky,Owsley County,4852,4809,4768,4758,4840,4797,4743,4729,4761,4713,4764,4810,4685,4603,4506,4449,4480,4404,4454,4413,4331,3971,3941,3984
Kentucky,Pendleton County,14475,14593,14693,14819,14809,14884,14972,14935,14867,14786,14910,14662,14555,14569,14484,14494,14604,14609,14572,14566,14586,14632,14688,14804
Kentucky,Perry County,29259,29112,29180,29173,29043,28851,28829,28742,28686,28713,28725,28699,28296,27989,27561,27381,27222,26605,26246,25801,25456,27929,27378,27082
Kentucky,Pike County,68506,67607,67438,66850,66070,65719,65632,65431,65275,65255,64952,64923,64605,63880,62970,61831,60475,58958,58567,57919,57057,57434,56328,55998
Kentucky,Powell County,13251,13213,13053,12970,13051,13117,12943,12926,12794,12644,12625,12617,12470,12470,12347,12224,12256,12284,12356,12303,12218,13095,13067,13003
Kentucky,Pulaski County,56428,56911,57545,58232,59175,59950,60752,61440,62270,62711,63135,63519,63528,63815,63894,63898,64061,64377,64735,65243,65530,65538,65776,66219
Kentucky,Robertson County,2271,2256,2292,2309,2298,2251,2309,2244,2272,2288,2279,2294,2218,2218,2189,2139,2137,2127,2147,2149,2136,2259,2254,2334
Kentucky,Rockcastle County,16623,16572,16684,16745,16822,16911,16974,17078,17216,17074,17032,17113,17063,16748,16832,16938,16879,16780,16830,16736,16750,16141,16213,16171
Kentucky,Rowan County,22077,22323,22329,22348,22185,22362,22706,22914,23097,23340,23318,23564,23808,24225,24267,24658,24436,24546,24488,24519,24682,24565,24428,24503
Kentucky,Russell County,16296,16367,16445,16574,16851,17018,17232,17297,17529,17632,17535,17712,17648,17759,17795,17694,17769,17721,17799,17944,17998,18166,18177,18308
Kentucky,Scott County,33422,34547,35601,36714,38051,39637,41924,43491,45157,46325,47443,47914,48976,50007,51236,52177,53454,54820,55983,57079,58470,58431,59413,60600
Kentucky,Shelby County,33574,34047,34754,35706,36682,37800,39283,40335,41044,41576,42255,42891,43704,44507,45135,45838,46579,47216,48073,49022,49611,48600,48884,49617
Kentucky,Simpson County,16416,16599,16629,16694,16820,16998,17115,17187,17182,17227,17357,17308,17552,17692,17764,17913,17995,18048,18386,18530,18635,19734,19926,20223
Kentucky,Spencer County,11911,12559,13219,13892,14358,14929,15638,16346,16845,16971,17108,17434,17486,17645,17782,18043,18298,18583,18959,19302,19585,19879,20204,20557
Kentucky,Taylor County,22874,22918,23338,23388,23536,23755,23971,24078,24256,24367,24561,24952,25035,25125,25330,25562,25420,25517,25483,25735,25707,26179,26421,26582
Kentucky,Todd County,11926,12021,11975,11917,11858,11965,12092,12169,12340,12485,12447,12423,12617,12476,12432,12449,12364,12203,12339,12318,12448,12296,12431,12576
Kentucky,Trigg County,12657,12803,12900,13022,13438,13619,13780,14079,14153,14222,14351,14216,14412,14306,14133,14222,14309,14426,14666,14666,14776,14225,14338,14370
Kentucky,Trimble County,8227,8449,8572,8653,8843,8788,8856,8903,8950,8855,8798,8812,8843,8808,8726,8739,8593,8535,8500,8529,8481,8553,8525,8616
Kentucky,Union County,15378,15330,15401,15395,15451,15335,15246,15060,15072,15004,15005,15264,15092,15078,15093,14976,14795,14656,14519,14497,14443,13251,13107,13116
Kentucky,Warren County,92917,94211,95576,97721,99497,102121,105170,107356,109803,112375,114172,115889,117436,119640,121480,124224,126752,129232,130926,132759,134510,137191,140503,143929
Kentucky,Washington County,10920,10997,11143,11222,11260,11339,11456,11640,11551,11550,11770,11679,11813,11843,11895,12000,12095,11871,12011,12098,12147,12076,12062,12257
Kentucky,Wayne County,19958,19949,20078,20353,20473,20516,20547,20667,20757,20793,20816,20890,20816,20778,20615,20606,20726,20621,20401,20278,20209,19543,19663,19630
Kentucky,Webster County,14097,13945,13982,13912,13969,14004,13875,13867,13646,13681,13601,13530,13461,13359,13184,13153,13180,13012,13047,12945,12923,12858,12724,12753
Kentucky,Whitley County,35895,36091,36043,36099,36163,36253,36149,36138,36163,35994,35586,35863,35784,35892,35864,36143,36116,36135,36196,36362,36451,36805,36950,36917
Kentucky,Wolfe County,7126,6965,7015,7053,7076,7201,7256,7323,7294,7351,7349,7365,7197,7282,7255,7247,7203,7264,7215,7151,7106,6507,6415,6370
Kentucky,Woodford County,23278,23331,23406,23555,23695,23933,24134,24214,24541,24702,25025,24943,25114,25344,25584,25860,26147,26375,26487,26654,26765,27089,27150,27522
Louisiana,Louisiana,4471885,4477875,4497267,4521042,4552238,4576628,4302665,4375581,4435586,4491648,4544228,4576244,4602067,4626040,4645938,4666998,4681346,4673673,4664450,4658285,4645318,4627971,4593687,4588071
Louisiana,Acadia Parish,58795,58844,59065,59194,59223,59524,60522,60762,61115,61451,61844,61872,62007,62310,62681,62696,62830,62581,62315,62207,61918,57228,56812,56649
Louisiana,Allen Parish,25401,25399,25194,25327,25338,25076,25692,25937,25854,25863,25732,25740,25619,25660,25710,25630,25696,25595,25535,25594,25440,22594,22297,22304
Louisiana,Ascension Parish,77335,79210,81379,83967,86352,89741,96421,100132,102891,105172,107891,110084,112238,114665,117318,119417,121646,123237,124961,126798,128665,128592,130505,131954
Louisiana,Assumption Parish,23324,23194,23210,23262,23319,23199,23477,23543,23534,23508,23374,23186,23071,23201,23052,22902,22773,22586,22280,21921,21621,20701,20482,20223
Louisiana,Avoyelles Parish,41459,41274,41233,41446,41271,41036,42080,41809,42040,42034,42103,41805,41584,41288,41101,40992,40970,40840,40410,40138,39966,39261,38733,38520
Louisiana,Beauregard Parish,32979,33001,33000,33221,33614,34130,34510,34623,34893,35142,35831,36101,36346,36281,36264,36557,37028,36885,37491,37649,37881,36678,36587,36812
Louisiana,Bienville Parish,15717,15400,15279,15077,15017,14852,14773,14699,14494,14435,14330,14262,14195,13966,13789,13828,13796,13640,13303,13234,12983,12787,12627,12440
Louisiana,Bossier Parish,99658,100986,102227,103088,105435,107477,110606,112048,113824,115187,117522,120122,123177,124049,124922,125634,125946,127011,127153,127377,127275,129381,129324,130380
Louisiana,Caddo Parish,250990,249815,248753,248346,249157,249593,252740,251760,251953,253245,255543,257058,257367,255248,252740,251499,249024,246177,243105,240431,237479,232645,229109,226460
Louisiana,Calcasieu Parish,183554,183296,183487,184701,185593,186417,185350,187081,188928,191080,193230,193881,194516,195550,196641,198542,200780,202653,203507,204038,203310,204947,202664,204474
Louisiana,Caldwell Parish,10559,10429,10429,10352,10382,10247,10224,10189,10224,10185,10119,10123,10040,9986,9953,10048,10069,9962,9979,9946,9839,9580,9508,9402
Louisiana,Cameron Parish,9937,9875,9834,9851,9851,9846,7719,7517,7434,6930,6799,6672,6630,6711,6724,6821,6888,6935,7008,6981,7003,5095,4907,4773
Louisiana,Catahoula Parish,10882,10767,10635,10542,10448,10258,10423,10481,10567,10471,10381,10289,10243,10254,10133,10034,9863,9812,9571,9459,9226,8725,8625,8438
Louisiana,Claiborne Parish,16811,16810,16728,16825,16855,16908,17109,17149,17169,17230,17141,16940,16869,16665,16406,16271,16168,15964,15912,15718,15508,14051,13825,13643
Louisiana,Concordia Parish,20225,20134,20132,20074,19972,19885,20315,20244,20420,20726,20806,20844,20502,20504,20484,20233,19971,19850,19618,19314,18914,18354,18138,18009
Louisiana,De Soto Parish,25502,25449,25598,25675,25958,26029,26175,26413,26590,26413,26734,26782,27028,27096,27069,27112,27194,27281,27412,27440,27650,26960,26883,27161
Louisiana,East Baton Rouge Parish,412958,411666,411024,412553,414162,413812,433474,433344,433723,437623,440909,441627,443075,444345,445334,445776,447020,444848,442720,441471,439729,453685,451122,450943
Louisiana,East Carroll Parish,9384,9136,8911,8750,8588,8374,8188,8102,7939,7862,7731,7658,7578,7499,7444,7279,7230,7117,6971,6829,6589,7227,6966,6879
Louisiana,East Feliciana Parish,21298,20978,20667,20502,20266,20093,20559,20432,20415,20487,20190,20079,19852,19596,19672,19534,19500,19383,19272,19103,18882,19361,19180,19258
Louisiana,Evangeline Parish,35414,35155,34894,34513,34399,34532,34839,34873,34316,34078,33990,33840,33745,33824,33759,33728,33671,33655,33457,33396,33276,32223,32084,31945
Louisiana,Franklin Parish,21261,21070,20939,20942,20895,20660,20685,20740,20758,20677,20773,20774,20580,20519,20441,20397,20393,20265,20170,19996,19723,19613,19341,19265
Louisiana,Grant Parish,18734,18896,19133,19420,19878,20386,21039,21268,21657,22069,22341,22397,22402,22317,22377,22327,22324,22330,22430,22352,22254,22264,22022,21929
Louisiana,Iberia Parish,73170,72993,72862,72760,72590,72641,73362,73482,73522,73372,73236,73216,73446,73628,73518,73548,72753,71805,70627,69638,68991,69342,68344,67702
Louisiana,Iberville Parish,33321,33327,33242,33042,32717,32697,33519,33603,33685,33393,33364,33364,33332,33395,33142,33149,32865,32927,32719,32549,32070,29749,29696,29794
Louisiana,Jackson Parish,15415,15517,15470,15575,15650,15674,15950,15922,16105,16118,16297,16362,16280,16150,16013,15971,15903,15927,15944,15761,15574,14901,14859,14867
Louisiana,Jefferson Parish,454936,453154,453429,454533,456602,456554,426285,432683,431759,431921,432449,434133,434049,434394,434235,435358,436865,436571,434637,434096,432346,434206,427739,425657
Louisiana,Jefferson Davis Parish,31506,31232,31113,31091,31076,31202,31489,31379,31497,31530,31605,31595,31452,31305,31462,31449,31399,31502,31574,31444,31208,32381,31971,31620
Louisiana,Lafayette Parish,190516,191725,194565,196710,199338,202053,209424,211826,215139,219466,222051,224898,227554,231757,235999,239654,241611,242039,243493,244798,246518,244933,248145,250486
Louisiana,Lafourche Parish,89775,90105,90994,91899,92580,92656,94385,94745,95603,96080,96328,97031,97131,97235,97849,98279,98493,98078,97910,97618,97596,97607,95717,95146
Louisiana,La Salle Parish,14271,14207,14359,14356,14366,14313,14519,14570,14667,14717,14928,NA,NA,NA,NA,NA,NA,NA,NA,NA,NA,NA,NA,NA
Louisiana,Lincoln Parish,42575,42625,42808,43539,44272,44580,44867,45323,45726,46270,46801,47068,47039,47257,47227,47469,47520,47494,47174,46851,46552,48132,48056,48133
Louisiana,Livingston Parish,92648,95597,99007,102146,106048,109208,115722,119528,123962,126230,128549,129858,131521,133726,135241,137202,139822,137907,139594,141561,143737,146143,148131,150570
Louisiana,Madison Parish,13704,13493,13180,12959,12806,12663,12537,12410,12340,12040,12102,11978,12215,11912,11826,11560,11497,11349,11212,10994,10635,9794,9492,9268
Louisiana,Morehouse Parish,30961,30605,30319,30224,29891,29355,29079,28478,28311,28147,27925,27482,27378,26938,26654,26307,25911,25664,25304,24839,24227,25018,24435,24055
Louisiana,Natchitoches Parish,39089,38844,39178,38924,38950,39107,38984,39114,39244,39425,39605,39385,39341,39122,39131,39018,39016,39051,38623,38179,37655,36989,36711,36391
Louisiana,Orleans Parish,485610,487363,489722,492187,493765,494294,230172,268751,301842,327803,347858,360822,369947,378863,384228,390094,392265,391819,391506,391172,389476,377547,370473,365167
Louisiana,Ouachita Parish,147271,146789,147728,148549,149293,149476,151183,151157,151727,153058,153910,154654,155265,156075,156383,156916,156948,155913,154694,153401,152439,158889,157812,157712
Louisiana,Plaquemines Parish,26758,27029,27462,28169,29390,29558,22329,22709,22677,22730,23106,23588,23836,23520,23323,23462,23360,23376,23411,23264,23113,23312,22603,22356
Louisiana,Pointe Coupee Parish,22759,22574,22451,22369,22332,22075,22754,22848,22966,22847,22771,22804,22676,22424,22309,22197,22126,22170,21856,21735,21529,20352,20221,19995
Louisiana,Rapides Parish,126445,126206,126283,126597,127095,127544,130103,130238,130785,131095,131779,132019,132022,132337,132229,131821,131838,131272,130404,129800,128567,128646,126977,126453
Louisiana,Red River Parish,9598,9494,9464,9468,9433,9295,9281,9245,9185,9117,9079,9082,9071,8956,8758,8710,8618,8523,8496,8380,8286,7510,7487,7395
Louisiana,Richland Parish,20935,20880,20784,20576,20487,20466,20661,20670,20727,20664,20736,20887,20917,20918,20763,20552,20458,20421,20215,20147,20014,19863,19828,19744
Louisiana,Sabine Parish,23475,23379,23380,23527,23539,23690,23954,24090,24124,24199,24229,24426,24328,24264,24118,24213,24054,23913,23909,23895,23803,22109,21984,21936
Louisiana,St. Bernard Parish,67278,68028,68964,69621,70547,71300,16563,23613,28879,32878,36762,39520,41495,43446,44451,45436,45789,46120,46724,47192,47647,44333,44474,44645
Louisiana,St. Charles Parish,48118,48461,49117,49338,49939,50670,52453,52765,52516,52719,52771,52394,52429,52623,52690,52587,52809,52629,52774,53083,52987,52480,51038,50547
Louisiana,St. Helena Parish,10548,10524,10592,10549,10548,10521,11089,11070,11106,11154,11205,10967,10988,10781,10527,10465,10402,10333,10174,10145,10081,10906,10814,10815
Louisiana,St. James Parish,21201,21291,21365,21274,21229,21399,21964,22164,22095,22231,22026,21787,21638,21609,21518,21483,21428,21377,21131,21045,20727,19796,19397,19218
Louisiana,St. John the Baptist Parish,43248,43580,43878,44316,44822,45296,47296,47386,46811,46336,45813,45065,44716,43565,43712,43527,43441,43356,43140,42824,42516,42107,39938,39615
Louisiana,St. Landry Parish,87420,86416,85713,85034,84487,83952,85128,84710,84427,83825,83454,83458,83487,83448,83720,83693,83885,83582,82827,82196,81440,82199,81642,81329
Louisiana,St. Martin Parish,48583,48971,49228,49482,49754,49890,51044,51410,51914,52025,52214,52804,52664,52950,53309,53891,53829,54125,53629,53497,52954,51550,51260,51122
Louisiana,St. Mary Parish,53377,53044,53109,53245,53288,53015,54152,54104,54352,54551,54579,54199,53583,53608,53302,52908,52064,50673,49739,49294,48330,48240,47816,47131
Louisiana,St. Tammany Parish,192131,195622,200701,205708,211405,217358,223133,226294,229252,231224,234568,236900,239154,242074,245390,249116,252676,256212,258598,261303,263446,270188,273494,275801
Louisiana,Tangipahoa Parish,100716,101657,102511,103782,105335,106987,114102,116792,118621,120009,121425,122694,123656,125550,127058,128774,130759,132445,133951,134845,136765,135487,136734,137999
Louisiana,Tensas Parish,6535,6334,6150,5941,5785,5700,5719,5513,5376,5311,5231,5091,4998,4932,4852,4773,4652,4572,4454,4319,4178,4026,3848,3848
Louisiana,Terrebonne Parish,104756,105255,105698,106257,106783,107811,109994,110656,111453,111689,111861,111690,111762,112773,113553,113894,113071,111880,111265,110615,109859,108973,104642,104036
Louisiana,Union Parish,22762,22783,22624,22757,22676,22765,22919,22770,22698,22609,22754,22766,22528,22460,22560,22490,22514,22391,22209,22068,22170,21013,20691,20686
Louisiana,Vermilion Parish,54094,54217,54638,54754,55113,55828,56388,56835,57421,57684,58070,58198,58637,59286,59539,59928,60120,59937,59928,59573,59378,56882,56958,57181
Louisiana,Vernon Parish,52744,52958,52319,51288,51402,51808,50781,49796,48007,50903,52769,52297,54173,52884,52900,51535,51666,49941,48679,48394,47894,48032,46861,46247
Louisiana,Washington Parish,43936,43992,44156,44277,44521,44880,45157,46376,47000,47262,47093,47125,46675,46412,46320,46365,46414,46678,46601,46158,45773,45202,45002,44951
Louisiana,Webster Parish,41700,41372,41375,41125,41145,41203,41331,41275,41240,41131,41215,41248,40914,40669,40292,40067,39750,39268,38780,38323,37943,35949,35635,35444
Louisiana,West Baton Rouge Parish,21577,21703,21801,21820,22049,21929,22666,23184,23252,23352,23917,24125,24170,24682,25229,25596,25942,26238,26451,26550,26792,27802,28045,28338
Louisiana,West Carroll Parish,12285,12095,12134,12155,12009,11958,11851,11708,11670,11633,11582,11521,11500,11452,11526,11287,11144,10967,11008,10906,10646,9582,9482,9307
Louisiana,West Feliciana Parish,15145,15152,15216,15326,15300,15431,15736,15655,15767,15639,15610,15511,15471,15455,15372,15376,15322,15373,15474,15570,15465,15503,15390,15327
Louisiana,Winn Parish,16816,16498,16427,16165,15908,15751,15720,15588,15398,15393,15287,15155,15105,14852,14823,14646,14539,14355,14132,13961,13839,13496,13305,13412
Maine,Maine,1277072,1285692,1295960,1306513,1313688,1318787,1323619,1327040,1330509,1329590,1327567,1328473,1328094,1328543,1331217,1329098,1332348,1335743,1340123,1345770,1350141,1378931,1390922,1399646
Maine,Androscoggin County,103852,104260,105063,106140,106867,107352,107932,107739,108284,107830,107623,107458,107517,107267,107411,107189,107389,107507,107987,108361,108547,112733,113454,114477
Maine,Aroostook County,73872,72962,72942,72944,72959,72881,72827,72711,72542,72258,71720,71394,70786,70100,69565,68869,68319,67638,67302,67092,66804,67062,67250,67149
Maine,Cumberland County,266109,268391,270533,273041,274920,276275,277084,278781,280681,281969,281457,282753,283742,285681,288274,289704,291522,292549,294363,296052,298111,306152,309309,311258
Maine,Franklin County,29498,29631,30019,30026,30096,30226,30528,30596,30652,30779,30732,30740,30648,30476,30206,30024,29995,29808,29831,30046,29986,30265,30604,30826
Maine,Hancock County,51967,52109,52327,53030,53613,53745,54009,54300,54371,54499,54364,54533,54494,54589,54512,54280,54540,54584,54849,55098,55088,56362,56677,56801
Maine,Kennebec County,117177,118024,118611,119538,120303,120957,121508,121741,122147,122084,122143,121801,121610,121167,121277,121063,121538,121970,122086,122241,122955,125775,127143,127936
Maine,Knox County,39666,39884,40258,40393,40514,40571,40417,40297,40225,39924,39694,39674,39613,39693,39897,39797,39769,39774,39760,39792,39951,41078,41251,41044
Maine,Lincoln County,33697,33968,34206,34495,34827,34864,34904,34899,34768,34627,34399,34271,34155,34091,34052,33789,33992,34228,34396,34685,34775,36024,36263,36460
Maine,Oxford County,54787,55157,55843,56206,56763,57235,57556,57966,58138,57923,57752,57770,57486,57420,57348,57195,57353,57549,57777,57895,58132,58690,59539,60115
Maine,Penobscot County,144937,146110,147298,148759,148814,149726,151446,152232,153372,153770,153849,153781,153392,153289,153288,152029,151419,151785,151798,151823,151655,153383,154817,156329
Maine,Piscataquis County,17245,17203,17269,17433,17493,17614,17597,17660,17534,17433,17549,17366,17269,17176,17042,16940,16919,16809,16714,16880,16996,17211,17383,17486
Maine,Sagadahoc County,35176,35323,35545,35966,36100,35813,35895,35890,35860,35567,35226,35127,35124,35031,35090,35137,35206,35471,35821,36057,36044,37171,37402,37541
Maine,Somerset County,50874,50871,51017,51336,51328,51600,52195,52459,52316,52104,52231,51937,51821,51715,51254,50749,50562,50373,50568,50729,50635,50788,51027,51171
Maine,Waldo County,36445,37039,37584,37952,38209,38410,38763,38751,38680,38706,38801,38865,38934,39041,39056,39143,39468,39791,39678,39755,39923,39974,40212,40490
Maine,Washington County,33876,33499,33345,33403,33474,33319,33323,33424,33289,32925,32811,32724,32553,32268,31971,31783,31608,31370,31152,31286,31473,31213,31507,31446
Maine,York County,187894,191261,194100,195851,197408,198199,197635,197594,197650,197192,197216,198279,198950,199539,200974,201407,202749,204537,206041,207978,209066,215050,217084,219117
Maryland,Maryland,5311034,5374691,5440389,5496269,5546935,5592379,5627367,5653408,5684965,5730388,5785982,5840241,5888375,5925197,5960064,5988528,6007014,6028186,6042153,6054954,6055802,6179403,6192440,6217062
Maryland,Allegany County,74804,74525,74204,74076,74408,73979,73980,74449,74638,75101,75021,74580,73966,73602,73051,72501,72084,71363,70977,70527,70057,67671,67241,67296
Maryland,Anne Arundel County,491670,498559,504884,507769,513259,516171,517698,520503,525304,532395,539198,544863,550476,555638,559421,563133,567434,571359,575641,579895,582777,596354,598751,599965
Maryland,Baltimore County,755598,762925,770147,777756,784371,789110,793733,796073,798651,801808,805709,813021,818218,822426,825201,827796,828941,828956,828547,828503,826017,850670,848873,848676
Maryland,Calvert County,75118,77218,80153,83007,84928,86294,87043,87445,87788,88244,88936,89346,89746,90486,90595,90542,91116,91492,92131,92660,93072,94249,94652,94828
Maryland,Caroline County,29773,29814,30054,30553,30653,31416,32214,32720,32983,33013,33093,32890,32636,32651,32542,32601,32834,33122,33341,33509,33492,33443,33539,33838
Maryland,Carroll County,151454,154037,157930,161389,163915,165519,166950,167390,167433,167028,167241,167072,167085,167264,167383,167201,167189,167687,168421,168774,169092,174282,175569,176735
Maryland,Cecil County,86448,88228,90061,92444,94809,96836,98821,99628,100232,100816,101199,101583,101780,101940,102252,102453,102609,102509,102816,103092,103419,104073,104939,105676
Maryland,Charles County,121229,124745,128079,131942,135601,138560,141164,142721,143783,144804,147086,149215,150700,152710,154448,155775,157474,159718,161879,163733,164436,168822,170376,172268
Maryland,Dorchester County,30581,30647,30526,30628,31086,31422,31677,32172,32466,32470,32650,32702,32483,32563,32502,32431,32268,32093,31894,31864,31853,32590,32599,32922
Maryland,Frederick County,196563,202315,209194,213827,217776,221201,224211,227463,229286,230942,234122,237326,239705,241215,243487,245145,247269,251037,255698,260609,265161,280666,288316,294154
Maryland,Garrett County,29838,29812,29987,30182,30147,30083,30147,30148,30222,30145,30063,30158,29976,29981,29669,29451,29395,29276,29202,29049,28852,28766,28619,28502
Maryland,Harford County,219797,222753,227369,231411,234849,238402,241163,241634,242779,243685,245177,246746,248609,248961,249415,249690,250448,251948,253884,255594,256805,263348,263908,264771
Maryland,Howard County,249590,255211,259532,263186,265919,268590,271793,275196,278405,283061,288376,293596,299223,303590,306989,311417,315581,319409,322895,325951,328200,335370,336439,337341
Maryland,Kent County,19252,19330,19443,19505,19513,19695,19786,19801,20150,20132,20222,20258,19987,19833,19801,19745,19708,19486,19467,19426,19192,19249,19360,19441
Maryland,Montgomery County,877478,891764,903140,910498,914991,921531,926492,931694,942748,959013,976203,991325,1005310,1015534,1025063,1033370,1039327,1047239,1048794,1051129,1051816,1056087,1061132,1069397
Maryland,Prince George's County,803111,817360,828893,837648,845950,853271,852097,849916,850167,856161,865271,874594,882787,891020,900372,906754,909262,910946,911372,911562,909612,956603,953609,956533
Maryland,Queen Anne's County,40763,41253,42524,43688,44411,44879,45716,46517,47063,47532,47899,48267,48506,48535,48803,49012,49135,49648,50279,50585,51167,50921,51803,52682
Maryland,St. Mary's County,86498,87455,89819,92333,94900,96871,98849,100599,101921,103273,105786,107589,108847,109284,109998,111092,111886,112627,112948,113764,114687,114674,115001,115479
Maryland,Somerset County,24710,25157,25445,25541,25807,25793,26139,26534,26474,26425,26481,26268,26044,25968,25581,25705,25873,25922,25637,25609,25453,24563,24696,25044
Maryland,Talbot County,33895,34231,34628,34994,35793,36423,37000,37167,37307,37496,37834,37952,37995,37909,37533,37431,37170,37057,37052,37186,36972,37792,37959,38067
Maryland,Washington County,132051,133093,134831,136872,139423,142084,144286,146173,146674,146953,147558,148807,149090,149055,149128,149160,149715,150247,150699,151066,151146,155117,155407,156116
Maryland,Wicomico County,84899,85637,86679,88463,90210,92508,94621,96110,97111,98069,98843,100086,100593,100890,101416,101820,102246,102471,103398,104005,103990,104110,104985,105585
Maryland,Worcester County,46828,47889,48752,49524,49994,50181,50678,51049,51196,51313,51431,51504,51578,51551,51581,51472,51508,51721,51940,52261,52403,53408,54004,54229
Maryland,Baltimore city,649086,640733,634115,629033,624222,621560,621109,620306,620184,620509,620583,620493,623035,622591,623833,622831,616542,610853,603241,594601,586131,576575,570663,567517
Massachusetts,Massachusetts,6361104,6397634,6417206,6422565,6412281,6403290,6410084,6431559,6468967,6517613,6557254,6614218,6664269,6715158,6764864,6797484,6827280,6863560,6885720,6894883,6893574,7000474,7022468,7066568
Massachusetts,Barnstable County,223031,224087,225421,226011,224264,221995,220037,218380,217066,215994,215937,215389,214854,214609,214398,214015,213805,213856,213779,212923,213164,232379,232571,232759
Massachusetts,Berkshire County,134769,133928,133529,133423,133076,132563,131977,131883,131372,131264,131144,130565,130321,129542,128928,127950,127182,126518,126146,125217,124571,130199,129551,128863
Massachusetts,Bristol County,535817,538282,542721,546281,545988,545437,544487,545288,546456,547324,548612,549355,551204,552495,555212,557104,558413,561449,564780,565096,566765,579729,581201,585053
Massachusetts,Dukes County,15090,15261,15482,15630,15704,15743,15768,15919,16132,16373,16581,16706,16838,17173,17312,17290,17349,17422,17459,17461,17461,21112,21033,20879
Massachusetts,Essex County,725025,730206,732232,731544,729783,728877,729455,730664,734361,739086,744644,751553,757409,764684,771803,777228,780222,785156,788823,789725,791263,807315,810039,816197
Massachusetts,Franklin County,71471,71557,71761,71837,71875,71879,71708,71577,71571,71392,71369,71711,71714,71399,71344,70911,70706,70674,70722,70276,70267,71007,71050,70860
Massachusetts,Hampden County,456533,456557,458780,460673,460841,461147,461408,461434,462053,462777,463678,466191,467009,467828,469561,469251,467874,467552,468075,465749,463986,462640,461440,462128
Massachusetts,Hampshire County,152364,152518,153461,154621,155019,155383,156168,156842,157615,157910,158094,160192,160497,160969,161060,160885,161613,161070,161126,161596,161401,165069,165397,165686
Massachusetts,Middlesex County,1467248,1473021,1468488,1464083,1459232,1454868,1456528,1463106,1477049,1494764,1506008,1524996,1543163,1560625,1575520,1586107,1595581,1604762,1608509,1611263,1609379,1620553,1629805,1644932
Massachusetts,Nantucket County,9503,9415,9556,9629,9732,9703,9811,9985,10170,10225,10155,10133,10313,10564,10833,10933,11081,11156,11118,11330,11376,14507,14464,14534
Massachusetts,Norfolk County,650865,653137,653860,653032,652630,651538,653421,656582,661703,666301,672376,677823,682984,688518,692439,694774,697452,701046,703628,707164,709409,724906,728619,732379
Massachusetts,Plymouth County,474131,478222,482092,484245,485010,486292,486779,488251,490371,492738,495780,498212,499545,502895,506634,509413,512535,515984,518888,521841,523738,532726,534297,537807
Massachusetts,Suffolk County,692745,700232,701333,697080,691272,686600,687192,693368,702201,716214,723323,737285,751371,762863,774113,783177,793020,801269,804023,805915,801582,776280,777266,781678
Massachusetts,Worcester County,752512,761211,768490,774476,777855,781265,785345,788280,790847,795251,799553,804107,807047,810994,815707,818446,820447,825646,828644,829327,829212,862052,865735,872813
Michigan,Michigan,9952450,9991120,10015710,10041152,10055315,10051137,10036081,10001284,9946889,9901591,9877574,9883053,9898289,9914802,9932033,9934483,9954117,9976752,9987286,9984795,9966555,10041351,10050877,10083356
Michigan,Alcona County,11677,11665,11480,11495,11459,11517,11503,11412,11286,11106,10884,10742,10571,10550,10447,10327,10355,10305,10364,10453,10505,10285,10375,10513
Michigan,Alger County,9819,9815,9764,9694,9680,9633,9687,9779,9647,9334,9575,9516,9456,9445,9370,9265,9138,9152,9105,9078,9015,8770,8767,8740
Michigan,Allegan County,105904,107367,108203,109192,110225,110865,111156,111427,111589,111252,111503,111167,111506,112020,113361,114122,115018,116393,117137,118045,118927,121055,121262,121874
Michigan,Alpena County,31269,31179,30956,30824,30735,30494,30209,30180,30119,29755,29529,29342,29168,28964,28888,28728,28670,28434,28422,28391,28238,28933,28813,28870
Michigan,Antrim County,23264,23485,23773,24129,24263,24261,24278,24248,24047,23796,23505,23324,23251,23128,23147,23036,23090,23267,23339,23359,23449,23877,24296,24466
Michigan,Arenac County,17278,17206,17245,17184,17128,17094,16968,16811,16547,16243,15867,15635,15500,15411,15317,15304,15126,15009,15033,14944,14953,15023,15115,15152
Michigan,Baraga County,8875,8899,8889,8873,8884,8851,8940,8930,8822,8874,8844,8835,8725,8716,8649,8583,8532,8433,8313,8245,8164,8231,8194,8222
Michigan,Barry County,56931,57572,58061,58682,59005,59621,59610,59969,59788,59469,59044,58921,59025,59094,59305,59434,59801,60689,61195,61481,62061,63141,63389,63881
Michigan,Bay County,110192,109836,109861,109559,109453,109165,108711,108132,108320,107913,107703,107423,106980,106817,106073,105271,104421,104085,103674,102964,102387,103116,102754,102774
Michigan,Benzie County,16090,16490,16793,17239,17420,17697,17867,17863,17733,17564,17496,17380,17319,17340,17466,17386,17523,17625,17748,17767,17852,18240,18336,18460
Michigan,Berrien County,162471,161153,160604,160314,159742,158510,157537,157378,157380,157059,156805,156911,156669,156205,156074,155136,154451,154264,153892,153352,153025,153598,153064,152651
Michigan,Branch County,45875,46099,46651,46680,46791,46733,46805,46788,46305,45378,45137,43921,43790,43582,43733,43635,43451,43345,43474,43444,43424,45209,44612,45613
Michigan,Calhoun County,138014,138158,138580,138962,139443,138946,138291,137582,137313,136301,136072,135111,134755,134782,134845,134377,134343,134127,133858,133806,133580,133905,133475,133505
Michigan,Cass County,51146,51395,51588,51783,52290,52358,52282,52623,52684,52362,52196,52210,51815,51601,51585,51370,51326,51534,51773,51847,51584,51523,51409,51566
Michigan,Charlevoix County,26171,26437,26542,26656,26601,26534,26394,26499,26280,26068,25901,26106,26193,26258,26222,26219,26214,26218,26247,26202,26105,26192,26117,26089
Michigan,Cheboygan County,26530,26881,27138,27232,27228,27274,27249,27093,26738,26330,26083,25884,25745,25573,25635,25399,25452,25448,25574,25331,25365,25746,25946,26078
Michigan,Chippewa County,38593,38518,38748,38789,38803,38990,39051,39314,39247,39174,38602,38904,39006,38587,38275,37998,37724,37699,37423,37287,36958,35861,36236,36340
Michigan,Clare County,31398,31405,31707,31710,31821,31701,31612,31353,31064,30856,30927,31002,30796,30598,30727,30611,30382,30553,30684,30884,30771,31143,31321,31376
Michigan,Clinton County,65020,66098,67596,69103,70605,71700,72881,73740,74302,74828,75426,75902,76171,76821,76973,77037,77639,78550,79229,79615,79753,79432,79652,79823
Michigan,Crawford County,14308,14392,14527,14633,14591,14644,14597,14455,14379,14157,14037,14040,13952,13878,13740,13854,13754,13894,13881,14012,13981,13271,13431,13557
Michigan,Delta County,38542,38356,38300,38157,38123,37982,37898,37584,37409,37059,37065,36946,36840,36806,36592,36431,36217,35911,35887,35744,35612,36838,36818,36846
Michigan,Dickinson County,27460,27136,27019,26943,27231,27067,26951,26881,26622,26357,26111,26069,26176,26024,25910,25675,25531,25453,25431,25336,25112,25824,25977,26069
Michigan,Eaton County,104000,104848,105794,107090,107533,108073,108364,108358,108021,107430,107838,107927,108013,108288,108668,108701,109220,109479,109684,110119,110148,108921,108962,109072
Michigan,Emmet County,31517,31998,32279,32402,32824,32856,32926,32794,32852,32765,32691,32749,32813,32955,32980,32931,32910,33102,33168,33337,33342,34303,34204,34039
Michigan,Genesee County,436965,438584,440062,441689,442534,442508,441164,438109,433082,427989,424926,422062,418243,415713,412950,410574,409054,407673,406626,405702,404794,404713,402031,401711
Michigan,Gladwin County,26127,26453,26754,26875,26971,26752,26726,26285,25956,25738,25675,25873,25543,25562,25498,25227,25146,25236,25326,25430,25424,25475,25667,25959
Michigan,Gogebic County,17219,17612,17394,17213,16976,16811,16552,16515,16499,16390,16400,16113,16037,15905,15756,15537,15331,15337,15095,13971,13842,14372,14399,14263
Michigan,Grand Traverse County,78004,79915,81013,81869,82768,83699,84705,85579,86209,86767,87043,88362,89238,90149,90908,91610,92076,91914,92587,93032,93592,95985,96337,96457
Michigan,Gratiot County,42472,42521,42428,42546,42583,42479,42714,42824,42774,42285,42461,42121,41975,41937,41468,41333,40937,40978,40582,40681,40283,41298,41134,41434
Michigan,Hillsdale County,46698,46736,47051,47359,47392,47476,47499,47336,46951,46735,46643,46602,46270,46138,45937,45894,45789,45831,45709,45548,45658,45622,45714,45616
Michigan,Houghton County,35964,35701,35905,35794,36154,36169,35765,35839,36292,36378,36686,36780,36752,36691,36487,36248,36354,36270,35993,35709,35126,37528,37792,37847
Michigan,Huron County,36047,35760,35508,35313,35014,34691,34363,34034,33504,33269,33039,32765,32449,32251,32034,31761,31471,31304,31193,30904,30653,31319,31150,30943
Michigan,Ingham County,279715,281105,282030,282183,283586,282970,282104,281706,281315,280889,280812,282828,283592,284226,285760,287255,289633,291678,291267,291426,290609,271662,284761,287710
Michigan,Ionia County,61712,62079,63265,63781,64562,64745,65157,65189,65167,63858,63884,63865,63890,64001,64246,64073,64215,64293,64290,64654,64553,66853,66774,66104
Michigan,Iosco County,27334,27204,27009,26882,26860,26835,26869,26749,26542,26174,25777,25599,25455,25433,25445,25360,25307,25180,25195,25244,25140,25362,25460,25361
Michigan,Iron County,13106,12879,12753,12668,12460,12397,12248,12183,12081,11959,11813,11767,11569,11506,11352,11327,11168,11112,11094,11053,11066,11597,11686,11722
Michigan,Isabella County,63444,64231,64907,66036,67067,67788,68556,69012,69328,70026,70334,70624,70679,70240,70116,70798,71247,71035,70392,69635,69504,64264,64483,64485
Michigan,Jackson County,158679,159772,160893,162119,162140,163047,163387,163316,160825,160114,160201,159666,159988,159672,159464,159325,158345,158653,158594,158357,156920,160181,159828,159835
Michigan,Kalamazoo County,239008,240080,241937,243834,242505,243259,244178,245431,246862,249023,250738,252634,255413,257399,259063,259816,261584,263387,265120,265531,265988,260566,261417,263297
Michigan,Kalkaska County,16640,16873,16989,17296,17400,17381,17572,17540,17546,17223,17117,17175,17104,17296,17374,17254,17283,17582,17774,17984,18003,17994,18230,18422
Michigan,Kent County,576178,581224,584940,587790,589554,592210,595191,598077,599234,601437,603219,608543,615871,624409,631464,637333,644219,649722,653636,656800,658708,658979,660134,665109
Michigan,Keweenaw County,2274,2264,2219,2174,2125,2068,2087,2104,2119,2131,2169,2180,2169,2144,2175,2124,2143,2087,2076,2085,2119,2108,2151,2181
Michigan,Lake County,11338,11444,11390,11611,11757,11792,11707,11692,11629,11593,11504,11456,11462,11395,11399,11691,11861,11977,11850,11752,11587,12281,12665,12766
Michigan,Lapeer County,88271,89102,90035,90573,91125,91739,91691,91130,89914,88774,88210,88095,88200,88299,88202,88376,88227,88218,87987,87808,87635,88667,88701,89060
Michigan,Leelanau County,21257,21490,21518,21792,21859,21813,21818,21809,21731,21724,21705,21428,21380,21475,21596,21633,21508,21638,21662,21692,21743,22630,22891,22970
Michigan,Lenawee County,99069,99626,100293,100704,101216,101367,101715,101657,101169,100250,99763,99370,99041,98850,98774,98432,98595,98511,98118,98519,97808,99105,98284,97621
Michigan,Livingston County,158345,163146,167833,171357,175245,178819,181620,181903,181171,181082,180972,182052,182805,184238,185567,187221,188585,189923,191259,192058,192335,195344,196083,196772
Michigan,Luce County,7006,7089,7026,6918,6894,6810,6736,6791,6680,6614,6604,6524,6479,6505,6414,6431,6332,6372,6336,6266,6126,5976,6254,6389
Michigan,Mackinac County,11938,11803,11725,11656,11647,11596,11474,11448,11248,11159,11077,11012,11066,11002,10990,10814,10713,10758,10790,10807,10839,10906,10983,10942
Michigan,Macomb County,790846,800571,808457,815982,823418,828765,833328,835703,837857,839435,841126,844159,849761,857146,862914,865031,868329,870867,872089,872389,870791,877789,875735,879271
Michigan,Manistee County,24609,24725,24929,25194,25048,25178,25201,25077,24960,24818,24698,24776,24675,24484,24415,24462,24452,24406,24479,24619,24738,25340,25334,25485
Michigan,Marquette County,64606,64738,65012,65043,65620,65785,66002,66131,66539,66765,67131,67462,67840,67792,67798,67357,66563,66524,66406,66689,65834,66278,67103,67654
Michigan,Mason County,28350,28475,28624,28735,28842,28748,28846,28685,28668,28656,28721,28649,28667,28680,28748,28754,28846,29025,29121,29154,29164,29350,29357,29199
Michigan,Mecosta County,40657,41003,41639,42054,42553,42908,42876,42640,42683,42621,42831,43454,43502,43266,43206,43013,43174,43271,43471,43583,43907,40692,41424,41722
Michigan,Menominee County,25281,25170,25023,24997,24987,24719,24472,24322,24317,24118,23994,23870,23736,23734,23535,23494,23217,23003,22908,22772,22608,23325,23289,23123
Michigan,Midland County,82913,83576,83664,84012,84058,83930,83693,83600,83605,83639,83592,83825,83743,83683,83534,83706,83485,83442,83447,83412,83441,83504,83761,84007
Michigan,Missaukee County,14536,14590,14842,15031,15127,15099,15043,15009,15028,14898,14830,14904,15009,15059,14978,14884,15028,15020,15094,15079,15152,15176,15228,15325
Michigan,Monroe County,146364,147605,148561,149747,151117,152374,153460,153424,152806,152296,151932,151511,150835,150193,149919,149439,149278,149523,150218,150412,150568,155569,155412,155590
Michigan,Montcalm County,61484,62083,62547,62959,63482,63621,63806,63560,63635,63496,63270,63264,63100,62801,62814,62778,62988,63553,63854,63708,63476,67361,67317,68431
Michigan,Montmorency County,10364,10389,10397,10382,10326,10222,10125,9996,9922,9794,9761,9625,9515,9381,9324,9292,9210,9237,9260,9304,9337,9304,9563,9714
Michigan,Muskegon County,170396,171055,171563,172269,172771,173608,173710,173738,173846,172755,172068,170056,170191,172312,172304,172506,173342,173804,173719,173645,173883,175581,175526,176476
Michigan,Newaygo County,47972,48564,48697,49072,49272,49452,49287,49328,49153,48649,48393,48325,47886,47880,47798,47900,47812,48332,48914,49027,49348,50401,50771,51189
Michigan,Oakland County,1196165,1200425,1198889,1201756,1203812,1203253,1202256,1199862,1199545,1200890,1203012,1212718,1223723,1235656,1243076,1244895,1251563,1256478,1257472,1257726,1253459,1272776,1275098,1281836
Michigan,Oceana County,26902,26934,27281,27404,27556,27423,27484,27251,27120,26779,26513,26454,26302,26296,26346,26316,26327,26438,26577,26562,26819,26873,26964,27010
Michigan,Ogemaw County,21710,21787,21890,21990,22053,22071,22003,21941,21885,21856,21623,21488,21356,21160,20955,20876,20857,20887,20876,20933,20923,20781,20890,20983
Michigan,Ontonagon County,7825,7758,7702,7598,7497,7375,7241,7133,6922,6828,6756,6629,6414,6322,6192,6037,5935,5888,5816,5713,5656,5872,5895,5857
Michigan,Osceola County,23248,23434,23712,23889,23990,23946,23887,23827,23662,23522,23506,23474,23327,23324,23219,23180,23179,23267,23310,23394,23466,23190,23257,23289
Michigan,Oscoda County,9392,9433,9360,9407,9299,9108,9090,9039,8963,8717,8609,8614,8574,8369,8311,8275,8238,8236,8249,8318,8368,8322,8400,8572
Michigan,Otsego County,23443,23829,24240,24446,24586,24758,24805,24719,24378,24190,24132,24115,24043,24082,24115,24209,24420,24540,24675,24664,24765,25335,25583,25785
Michigan,Ottawa County,239559,243673,246637,249828,253048,255261,258003,260037,261906,262879,264055,266918,270868,274394,277888,280907,283686,286452,289578,291460,294635,298394,300910,303575
Michigan,Presque Isle County,14378,14273,14233,14187,14163,14100,14006,13942,13701,13505,13329,13151,13084,13011,12961,12800,12718,12740,12712,12602,12665,13174,13357,13278
Michigan,Roscommon County,25494,25655,25683,25938,25771,25678,25560,25318,24856,24499,24429,24327,24184,24021,24023,23910,23782,23738,23822,23986,23986,23651,23711,23920
Michigan,Saginaw County,209899,209460,209323,208755,208489,207368,205822,203144,201966,200835,199911,198929,198409,196859,195317,193384,192636,192002,190841,190484,189868,189533,188425,187769
Michigan,St. Clair County,164621,165444,166086,167549,168457,168209,168312,167526,165959,164011,162789,161586,160637,160312,160103,159757,159477,159130,159186,159339,159293,160243,159882,160280
Michigan,St. Joseph County,62480,62404,62152,62363,62265,62273,62236,62243,62083,61417,61262,61068,60987,60987,61014,60809,60761,60703,60808,60826,60848,60857,60814,61062
Michigan,Sanilac County,44516,44713,44770,44694,44939,44837,44917,44629,44177,43319,43007,42704,42306,41902,41663,41463,41438,41257,41233,41220,40747,40545,40536,40434
Michigan,Schoolcraft County,8915,8863,8817,8847,8962,8905,8946,8823,8471,8487,8474,8476,8348,8259,8132,8118,7952,8010,8007,8081,8104,8048,8189,8167
Michigan,Shiawassee County,71714,72016,72162,72458,73034,72757,72839,72426,71523,70710,70606,70006,69345,68927,68841,68538,68589,68422,68064,68065,67738,67992,67970,68005
Michigan,Tuscola County,58251,58220,58155,58380,58230,57855,57472,57169,56512,55901,55661,55400,54705,54214,53921,53723,53260,52817,52692,52355,52289,53043,52932,52856
Michigan,Van Buren County,76242,76432,76777,77022,77241,77009,77019,76639,76501,76581,76186,75941,75312,75335,75251,75087,75283,75296,75434,75594,75474,75685,75690,75905
Michigan,Washtenaw County,324372,328749,332763,336154,339422,342234,344018,345310,341595,343520,345290,350072,352685,356474,360523,363555,366960,369703,370548,368242,366473,365041,367947,370398
Michigan,Wayne County,2057255,2043167,2025133,2006154,1983830,1960263,1932490,1900992,1865058,1837536,1815734,1803003,1795797,1780131,1771626,1764866,1760835,1757874,1755868,1750093,1740623,1775196,1763011,1762371
Michigan,Wexford County,30537,30826,31015,31499,31778,32258,32461,32650,32765,32658,32730,32637,32518,32477,32848,32885,33086,33229,33452,33654,33743,33906,34062,34266
Minnesota,Minnesota,4933692,4982796,5018935,5053572,5087713,5119598,5163555,5207203,5247018,5281203,5310584,5346620,5377500,5414722,5452665,5484002,5525360,5569283,5608762,5640053,5657342,5718660,5721621,5753048
Minnesota,Aitkin County,15282,15334,15616,15795,16028,16162,16357,16481,16422,16168,16195,16170,16038,15874,15852,15857,15755,15798,15886,15841,15848,15951,16142,16139
Minnesota,Anoka County,299780,304823,308702,311863,316643,319830,323590,325767,327427,329635,331302,332921,336119,339120,341923,344244,346813,350598,354004,357538,359921,367835,369479,373090
Minnesota,Becker County,30188,30392,30777,31244,31625,31753,32057,32142,32244,32407,32520,32766,32995,33189,33267,33455,33728,34089,34403,34461,34456,35348,35387,35330
Minnesota,Beltrami County,39789,40406,41049,41659,42100,42700,43066,43281,43815,44226,44518,45057,45160,45505,45655,45629,46054,46497,46723,47205,47442,46477,46440,46635
Minnesota,Benton County,34470,35346,36117,36760,37072,37409,37617,38007,38200,38418,38499,38738,38678,38985,39147,39433,39698,40219,40569,40938,40958,41538,41570,41617
Minnesota,Big Stone County,5777,5678,5677,5598,5444,5445,5375,5366,5328,5285,5264,5206,5134,5069,5086,4993,5003,5003,4973,4967,4923,5169,5145,5095
Minnesota,Blue Earth County,55988,56808,57542,58554,59116,59918,61100,61974,62860,63565,64098,64364,64979,64749,65320,65701,66398,66931,67397,67874,68241,69382,69681,70396
Minnesota,Brown County,26877,26932,26905,26754,26666,26260,26252,26130,25992,25890,25884,25660,25413,25267,25274,25246,25278,25173,25118,24965,24846,25896,25786,25699
Minnesota,Carlton County,31784,32110,32740,33343,33950,34367,34538,34596,34986,35269,35399,35436,35264,35265,35357,35400,35550,35498,35816,35913,35769,36442,36501,36717
Minnesota,Carver County,70843,72945,75393,78005,80473,83258,85657,87270,88812,90242,91361,92752,93804,95562,97321,98610,100389,102120,103605,105128,106565,108873,110215,111180
Minnesota,Cass County,27292,27587,27853,28004,28338,28683,28754,28681,28733,28483,28587,28383,28412,28488,28559,28704,29030,29324,29405,29622,29928,30677,31287,31393
Minnesota,Chippewa County,12913,12815,12741,12604,12531,12581,12525,12401,12376,12360,12463,12308,12112,12060,12041,12069,12035,11948,11879,11756,11758,12378,12335,12265
Minnesota,Chisago County,41611,43466,45375,47322,49054,50283,51444,52312,53012,53526,53925,53762,53468,53665,53808,54144,54640,55261,55980,56543,56794,57556,57918,58657
Minnesota,Clay County,51308,51513,51772,52183,53251,54122,55072,55805,57056,58351,59162,59937,60229,60567,61297,62235,63090,63844,64079,64441,64690,65674,65989,66425
Minnesota,Clearwater County,8389,8384,8441,8424,8466,8471,8476,8541,8603,8645,8699,8723,8679,8784,8787,8794,8838,8842,8815,8843,9017,8568,8636,8680
Minnesota,Cook County,5178,5155,5164,5172,5180,5158,5210,5217,5255,5203,5172,5210,5181,5188,5246,5249,5346,5413,5413,5416,5417,5632,5732,5643
Minnesota,Cottonwood County,12167,12140,12104,12096,12151,11967,11789,11748,11701,11632,11689,11716,11578,11558,11513,11431,11382,11263,11274,11232,11242,11600,11416,11417
Minnesota,Crow Wing County,55184,55973,57013,58023,58814,59606,60654,61484,62178,62307,62559,62679,62813,63008,63121,63255,63757,64324,64957,65191,65644,67355,67862,68286
Minnesota,Dakota County,357848,363602,368252,372265,377143,381829,386228,390767,393900,396906,399100,401804,404669,407974,411821,414245,417783,421840,425472,429453,431807,442784,443982,448495
Minnesota,Dodge County,17857,18118,18529,18802,19162,19391,19601,19613,19876,19921,20135,20204,20273,20341,20390,20417,20558,20708,20804,20976,20987,20954,21027,21113
Minnesota,Douglas County,32882,33201,33601,34125,34555,35110,35472,35903,36108,36076,35988,36185,36297,36350,36579,36796,37162,37547,37987,38070,38328,39312,39665,39874
Minnesota,Faribault County,16143,15929,15799,15628,15554,15255,15150,14986,14790,14651,14516,14460,14174,14098,14102,13977,13864,13767,13732,13671,13601,13905,13957,13926
Minnesota,Fillmore County,21142,21184,21233,21248,21188,21138,21043,21092,20991,20921,20844,20836,20833,20753,20769,20737,20912,20976,21053,21081,21135,21335,21475,21512
Minnesota,Freeborn County,32555,32474,32053,32031,31948,31704,31622,31511,31270,31313,31219,31070,31026,30924,30742,30519,30441,30584,30552,30385,30364,30803,30674,30433
Minnesota,Goodhue County,44154,44574,44927,45029,45329,45339,45598,45866,45919,46035,46230,46122,46167,46135,46046,46092,46245,46341,46348,46391,46318,48049,48055,48050
Minnesota,Grant County,6265,6261,6295,6236,6174,6165,6127,6138,6113,6022,6010,5991,5925,5953,5920,5865,5921,5916,5971,5977,6026,6147,6134,6155
Minnesota,Hennepin County,1117775,1123375,1120730,1119458,1118756,1117015,1119507,1126585,1135173,1146721,1154623,1169581,1184545,1198531,1211635,1222868,1236183,1248707,1258021,1265159,1268408,1270232,1258981,1263210
Minnesota,Houston County,19730,19863,19784,19715,19582,19573,19506,19392,19159,19051,19022,18877,18766,18780,18707,18695,18740,18705,18608,18667,18632,18796,18715,18577
Minnesota,Hubbard County,18401,18533,18820,19049,19453,19652,19783,20123,20346,20389,20386,20516,20453,20694,20631,20645,20709,20989,21350,21604,21783,21744,21925,22045
Minnesota,Isanti County,31459,32428,33410,34753,35592,36400,37183,37711,37851,37809,37857,38200,38150,38066,38273,38281,38763,39537,39846,40447,41429,41964,42725,43212
Minnesota,Itasca County,43927,43810,43882,44212,44221,44338,44405,44809,44852,45066,45043,45103,45150,45334,45327,45269,45171,45096,45139,45225,45268,45113,45258,45518
Minnesota,Jackson County,11186,10952,10945,10794,10693,10595,10583,10523,10364,10276,10270,10198,10311,10284,10274,10098,9962,9968,9866,9799,9768,10003,9905,9904
Minnesota,Kanabec County,15041,15266,15449,15877,16080,16259,16360,16495,16535,16294,16209,16227,15977,16015,15978,15895,15896,16069,16288,16357,16416,16179,16465,16639
Minnesota,Kandiyohi County,41141,41272,41069,41364,41456,41487,41537,41639,41840,42058,42270,42205,42380,42463,42502,42638,42672,42747,42850,43137,43130,43818,43904,44277
Minnesota,Kittson County,5260,5188,5075,4974,4898,4846,4746,4640,4614,4561,4541,4540,4497,4498,4455,4410,4323,4261,4276,4286,4214,4162,4058,4020
Minnesota,Koochiching County,14288,14124,14001,13965,13919,13851,13705,13577,13432,13276,13314,13238,13166,13091,12849,12798,12607,12505,12404,12202,12059,11945,11846,11750
Minnesota,Lac qui Parle County,8057,7914,7891,7793,7674,7574,7415,7419,7342,7302,7238,7221,7123,7006,6901,6876,6743,6682,6644,6628,6527,6703,6688,6684
Minnesota,Lake County,11083,11145,11128,11162,11100,11014,10962,10938,10872,10872,10858,10779,10792,10706,10602,10540,10501,10481,10609,10625,10639,11006,10919,10861
Minnesota,Lake of the Woods County,4488,4452,4326,4371,4401,4374,4321,4205,4128,4043,4040,4011,3947,3911,3891,3870,3791,3730,3722,3736,3754,3831,3902,3804
Minnesota,Le Sueur County,25459,25654,25909,26395,26811,27016,27480,27870,27816,27730,27699,27786,27666,27710,27819,27762,27752,28193,28583,28856,28741,28918,29205,29334
Minnesota,Lincoln County,6403,6335,6248,6222,6138,6074,6003,5949,5937,5892,5892,5808,5755,5755,5764,5707,5702,5662,5654,5619,5568,5593,5626,5594
Minnesota,Lyon County,25465,25474,25191,25091,24981,25178,25347,25403,25646,25768,25865,25834,25639,25727,25779,25830,25996,25974,25656,25579,25271,25495,25513,25503
Minnesota,McLeod County,34854,35144,35408,35541,35923,36250,36749,36961,36917,36662,36654,36345,35933,35896,35772,35808,35746,35860,35798,35826,35710,36819,36791,36850
Minnesota,Mahnomen County,5167,5211,5220,5214,5215,5283,5277,5352,5386,5357,5421,5473,5503,5468,5496,5428,5472,5563,5492,5540,5473,5415,5354,5332
Minnesota,Marshall County,10119,9948,9919,9962,9938,9889,9802,9651,9551,9478,9419,9458,9471,9429,9419,9410,9369,9359,9373,9345,9321,9013,8890,8822
Minnesota,Martin County,21786,21500,21341,21209,21126,21063,20901,20878,20914,20790,20840,20627,20461,20424,20247,20041,19920,19867,19772,19641,19484,19933,19687,19728
Minnesota,Meeker County,22766,22862,22991,23092,23200,23213,23402,23407,23454,23298,23295,23198,23041,23091,23129,23048,23081,23037,23122,23166,23341,23403,23526,23485
Minnesota,Mille Lacs County,22422,22865,23580,24234,24716,25414,25882,26108,26171,26127,26088,25842,25629,25651,25553,25482,25595,25845,26062,26166,26146,26903,27270,27418
Minnesota,Morrison County,31819,32102,32373,32434,32489,32669,32813,33024,33267,33156,33204,33259,33101,32862,32811,32770,32907,33075,33098,33329,33187,34072,34284,34366
Minnesota,Mower County,38669,38755,38663,38735,38900,38659,38697,38672,38695,39023,39188,39349,39397,39328,39415,39497,39555,39789,40122,40040,40150,40229,40174,40352
Minnesota,Murray County,9153,9111,9066,9041,8989,8919,8884,8788,8755,8771,8698,8631,8573,8509,8437,8395,8308,8329,8247,8197,8155,8135,8051,8087
Minnesota,Nicollet County,29904,30297,30565,30782,31036,31193,31779,31989,32261,32546,32780,32971,33030,32996,33392,33545,33766,34081,34234,34311,34482,34361,34381,34320
Minnesota,Nobles County,20791,20847,20665,20667,20629,20709,20608,20723,21126,21318,21376,21617,21736,21799,21701,21754,21895,21659,21737,21645,21400,22076,22030,21921
Minnesota,Norman County,7431,7328,7312,7188,7120,7047,6952,6860,6842,6815,6855,6806,6602,6598,6583,6623,6539,6590,6477,6388,6338,6443,6354,6318
Minnesota,Olmsted County,124930,126737,129132,131196,133195,134953,137293,139369,141527,143521,144509,145849,146944,148911,150127,151492,153446,154883,156413,158188,159298,163755,164151,165119
Minnesota,Otter Tail County,57073,57076,57245,57515,57576,57420,57732,57677,57691,57333,57262,57283,57227,57503,57496,57539,57840,58213,58602,58684,58741,60206,60530,60687
Minnesota,Pennington County,13545,13373,13607,13604,13640,13639,13810,13840,13842,13873,13946,14075,14130,14155,14129,14258,14242,14192,14175,14069,13874,13790,13832,13732
Minnesota,Pine County,26607,27125,27627,27946,28323,28616,28860,29210,29614,29655,29727,29621,29197,29077,29082,29051,28873,29159,29449,29430,29359,29410,29458,30124
Minnesota,Pipestone County,9858,9854,9727,9662,9598,9453,9496,9520,9631,9624,9578,9528,9398,9306,9327,9302,9249,9168,9127,9152,9121,9352,9320,9235
Minnesota,Polk County,31384,31096,30958,30980,31093,31148,31170,31273,31175,31423,31640,31545,31524,31652,31511,31519,31692,31636,31364,31330,30900,30831,30760,30438
Minnesota,Pope County,11231,11153,11206,11171,11183,11142,11138,11087,11084,11034,10978,10906,10886,10876,10922,10930,10971,10985,11088,11216,11277,11418,11429,11419
Minnesota,Ramsey County,511520,512926,510581,505958,501104,497560,497158,499605,502890,506590,509320,515856,521091,527261,532966,536838,541635,544919,548900,549632,547903,544068,538430,538474
Minnesota,Red Lake County,4279,4273,4224,4239,4259,4191,4077,4093,4097,4130,4075,4083,4058,4029,3993,4027,3983,4002,3961,4032,4046,3949,3888,3913
Minnesota,Redwood County,16767,16666,16487,16372,16320,16100,16119,16053,16103,16011,16058,16028,15820,15687,15532,15427,15222,15250,15254,15158,15079,15394,15362,15320
Minnesota,Renville County,17125,16880,16869,16757,16609,16565,16374,16227,15911,15832,15693,15429,15283,15070,14933,14797,14598,14681,14629,14551,14403,14600,14540,14509
Minnesota,Rice County,56811,57731,58452,59395,60146,60832,61899,62387,63061,63859,64228,64458,64438,64645,65002,65336,65862,66199,66583,67016,67084,67344,67696,68420
Minnesota,Rock County,9703,9696,9688,9631,9501,9520,9502,9588,9597,9652,9692,9601,9483,9430,9386,9456,9405,9481,9411,9334,9301,9697,9596,9601
Minnesota,Roseau County,16309,16164,16101,16168,16150,16212,16031,15959,15935,15836,15561,15517,15512,15497,15676,15619,15553,15302,15147,15176,15117,15284,15359,15293
Minnesota,St. Louis County,200626,201307,200519,200076,199304,198443,198357,198903,199745,200198,200155,200437,200397,200503,200720,200383,200023,199872,199850,199212,198538,199522,199598,200618
Minnesota,Scott County,91031,96903,102623,107204,112605,117111,121013,124050,126613,128530,130487,132581,135140,137280,139198,141372,143393,145581,147339,149004,150689,153633,154606,155986
Minnesota,Sherburne County,65361,68220,71867,74771,78091,81179,84079,85968,87495,87880,88691,89279,89474,90086,90908,91441,93247,94527,96067,97424,98811,99220,100617,102313
Minnesota,Sibley County,15361,15395,15345,15254,15202,15126,15164,15263,15283,15140,15245,15167,15082,15057,14933,14893,14832,14916,15024,14868,14715,14935,14964,15131
Minnesota,Stearns County,133669,135241,137006,138401,139788,141813,144256,146591,148307,149696,150785,151372,151919,152612,154025,156068,157279,158512,160034,161076,162038,159222,160556,162060
Minnesota,Steele County,33793,34154,34318,34669,35090,35568,36040,36342,36558,36684,36545,36576,36324,36379,36505,36628,36671,36814,36783,36687,36596,37432,37470,37476
Minnesota,Stevens County,10021,9988,9942,9945,9857,9807,9729,9660,9711,9735,9719,9707,9734,9753,9862,9886,9804,9710,9751,9822,9765,9687,9692,9834
Minnesota,Swift County,11834,11220,10981,10811,10551,10232,10119,10058,9966,9827,9760,9681,9637,9557,9490,9379,9462,9405,9319,9294,9176,9800,9774,9686
Minnesota,Todd County,24407,24567,24463,24467,24633,24608,24620,24819,24859,24839,24885,24882,24641,24476,24339,24318,24408,24539,24613,24725,24732,25289,25568,25773
Minnesota,Traverse County,4123,3978,3929,3883,3871,3838,3795,3709,3637,3600,3542,3490,3405,3403,3382,3376,3330,3308,3289,3260,3218,3280,3261,3175
Minnesota,Wabasha County,21644,21764,21752,21821,21755,21706,21826,21708,21787,21734,21658,21609,21542,21567,21464,21392,21445,21595,21591,21548,21642,21512,21654,21685
Minnesota,Wadena County,13745,13737,13789,13682,13682,13799,13705,13840,13844,13825,13833,13650,13606,13637,13587,13664,13552,13643,13739,13662,13807,14146,14284,14293
Minnesota,Waseca County,19522,19486,19483,19416,19245,19288,19348,19407,19311,18639,19137,19186,19177,19040,18935,18932,18808,18722,18653,18558,18550,18997,18884,18905
Minnesota,Washington County,202686,207206,210181,213909,215937,219972,225091,229756,233306,235684,238844,241428,243720,246002,248580,250482,252655,255717,258969,262541,265476,272904,276530,279398
Minnesota,Watonwan County,11826,11856,11807,11664,11504,11377,11323,11231,11120,11171,11215,11168,11114,11046,10978,11013,11002,10911,10964,10846,10792,11161,11245,11179
Minnesota,Wilkin County,7116,6989,6982,6964,6860,6801,6709,6715,6622,6563,6571,6577,6594,6499,6470,6369,6337,6342,6255,6223,6161,6413,6363,6330
Minnesota,Winona County,50081,50072,49977,50200,50257,50756,50904,51316,51457,51422,51419,51359,51353,51349,51085,50859,50912,50787,50877,50659,50485,49819,49585,49846
Minnesota,Wright County,90786,93922,98434,102856,106998,110674,115192,118635,121553,123320,125118,126239,127273,128235,129845,131029,132392,134280,136471,138542,140249,145209,148218,151452
Minnesota,Yellow Medicine County,11208,11136,11002,10924,10795,10691,10663,10574,10473,10437,10425,10293,10163,10089,9992,9847,9903,9848,9806,9736,9580,9437,9484,9471
Mississippi,Mississippi,2848353,2852994,2858681,2868312,2889010,2905943,2904978,2928350,2947806,2958774,2970036,2979147,2984599,2989839,2991892,2990231,2990595,2990674,2982879,2978227,2966786,2947209,2941939,2943172
Mississippi,Adams County,34246,33945,33730,33482,32785,32674,33220,32889,32629,32305,32251,32436,32208,32127,32081,31574,31604,31653,31248,30736,30275,28504,28558,28854
Mississippi,Alcorn County,34600,34746,34946,35045,35448,35688,36183,36608,36793,36868,37088,37292,37224,37299,37276,37302,37266,37216,36877,37043,36889,34344,34094,34046
Mississippi,Amite County,13546,13471,13401,13415,13337,13396,13586,13400,13324,13171,13110,13141,12937,12856,12605,12553,12442,12450,12322,12286,12205,12626,12572,12474
Mississippi,Attala County,19620,19595,19549,19469,19330,19265,19431,19511,19622,19611,19552,19386,19148,19116,18829,18674,18556,18478,18330,18173,18004,17716,17529,17346
Mississippi,Benton County,8034,8006,8004,8073,8146,8307,8479,8603,8769,8689,8720,8720,8651,8503,8305,8164,8246,8267,8234,8278,8351,7645,7574,7491
Mississippi,Bolivar County,40381,39723,38634,38027,37211,36305,36102,35628,35032,34450,34103,33807,34002,33986,33824,33233,32533,31722,31154,30714,30142,30140,29443,28850
Mississippi,Calhoun County,15044,14991,14906,14887,14857,14803,14947,14967,14912,14940,14957,14903,14828,14707,14695,14636,14552,14506,14420,14365,14241,12962,12913,12766
Mississippi,Carroll County,10764,10699,10567,10565,10544,10473,10534,10630,10694,10604,10580,10437,10403,10326,10239,10209,10199,10100,9902,9928,9732,9831,9747,9532
Mississippi,Chickasaw County,19372,19266,18976,18811,18642,18369,18074,17884,17639,17439,17410,17497,17497,17381,17399,17389,17208,17100,17013,17026,16951,17011,16870,16838
Mississippi,Choctaw County,9742,9545,9468,9358,9132,9026,8894,8680,8703,8576,8545,8449,8427,8460,8388,8372,8297,8242,8237,8192,8063,8134,8086,8072
Mississippi,Claiborne County,11792,11519,11277,10889,10772,10646,10358,9962,9940,9822,9559,9779,9352,9144,9169,9211,9173,9033,9096,8998,8911,8668,8599,8425
Mississippi,Clarke County,17749,17556,17402,17235,17133,16905,16976,16857,16772,16671,16763,16692,16526,16414,16273,16021,15897,15798,15558,15506,15299,15417,15212,15240
Mississippi,Clay County,21984,21811,21845,21484,21531,21245,21139,21017,20878,20804,20577,20504,20406,20365,20156,20019,19853,19633,19387,19349,19352,18482,18334,18265
Mississippi,Coahoma County,30526,30172,29662,29055,28508,27875,27441,27025,26549,26257,26134,25861,25628,25196,24860,24525,23876,23236,22652,22095,21564,20712,20404,20253
Mississippi,Copiah County,28761,28857,28762,29058,29157,29134,29540,29565,29584,29484,29430,29280,29047,28941,28976,28868,28666,28536,28459,28099,27933,27918,27811,27737
Mississippi,Covington County,19426,19332,19458,19660,19621,19480,19555,19510,19594,19516,19612,19488,19447,19214,19161,19253,19171,19016,18781,18562,18518,18280,18126,18020
Mississippi,DeSoto County,108714,113401,118603,124347,130767,136915,145220,150688,156214,159706,161746,164133,166521,168502,170923,173470,175950,179265,182406,185385,188275,188957,191585,193961
Mississippi,Forrest County,71982,71846,71584,71747,71732,72043,73219,74057,74196,74863,75113,75796,76433,76614,75861,75642,75593,75190,74983,75035,75009,77996,78284,78432
Mississippi,Franklin County,8414,8286,8130,8150,8196,8076,8111,8165,8136,8112,8125,7981,7898,7874,7775,7734,7723,7761,7746,7694,7657,7686,7619,7626
Mississippi,George County,19257,19459,19811,20166,20326,20699,21382,21764,22193,22280,22686,22860,22918,23223,23332,23391,23651,23937,24040,24435,24425,24795,25219,25589
Mississippi,Greene County,13295,13231,13258,13323,13155,13201,13135,13776,14293,14449,14391,14319,14331,14286,14337,13545,13547,13526,13975,13569,13477,13664,13583,13625
Mississippi,Grenada County,23160,22898,22684,22410,22222,22173,22388,22335,22194,22036,21890,21609,21622,21542,21611,21461,21225,21051,21016,20732,20610,21324,21152,21103
Mississippi,Hancock County,43307,44172,45058,45772,46717,47715,40087,41707,42764,43471,44012,44767,45296,45561,46029,46360,46708,47020,47295,47673,48000,46004,46047,46161
Mississippi,Harrison County,190071,190922,192145,191290,195971,197784,174449,179054,182735,184930,187785,191130,193633,196255,198502,200880,202740,205096,206351,207859,208801,209526,210972,211394
Mississippi,Hinds County,250474,248941,247857,247449,248147,247370,248989,246546,244695,244474,245629,248221,248036,246313,245370,244321,242263,240007,235867,231919,227966,222017,217383,214517
Mississippi,Holmes County,21564,21091,20837,20399,20257,20052,19932,19710,19755,19461,19127,19081,18921,18801,18508,18362,18002,17846,17458,17036,16726,16535,16147,15836
Mississippi,Humphreys County,11106,10969,10582,10351,10204,9974,9840,9666,9691,9517,9336,9316,9213,8965,8794,8707,8569,8327,8212,8056,7827,7558,7342,7217
Mississippi,Issaquena County,2258,2157,2012,1959,1813,1720,1649,1552,1521,1443,1396,1387,1395,1405,1386,1337,1321,1339,1302,1324,1220,1318,1284,1280
Mississippi,Itawamba County,22853,22869,22859,23075,23085,23254,23217,23271,23412,23329,23417,23271,23301,23378,23401,23546,23426,23508,23434,23351,23261,23945,24034,24139
Mississippi,Jackson County,132019,133069,133688,134234,136565,137913,132717,136028,137791,139176,139698,140058,140000,140393,141511,141443,141680,142355,143137,143387,143802,144482,145218,146165
Mississippi,Jasper County,18110,18230,18068,17855,17751,17496,17544,17492,17550,17344,16983,16857,16558,16490,16531,16549,16587,16570,16411,16368,16332,16155,16020,15970
Mississippi,Jefferson County,9649,9436,9251,8929,8760,8461,8241,8127,7927,7842,7712,7599,7683,7658,7584,7507,7302,7231,7092,7022,6997,7137,7086,6974
Mississippi,Jefferson Davis County,13853,13630,13413,13234,12932,12859,12928,12749,12636,12553,12464,12163,12065,11945,11815,11633,11455,11285,11189,11089,10890,11170,11086,10997
Mississippi,Jones County,64993,64855,64916,64913,65296,65871,66330,66760,67318,67443,67870,67945,68442,68982,68428,68664,68517,68422,68320,68282,67993,66747,66464,66141
Mississippi,Kemper County,10443,10712,10635,10623,10648,10551,10533,10486,10392,10526,10415,10292,10392,10295,10222,10108,10041,10089,9714,9780,9521,8809,8692,8620
Mississippi,Lafayette County,38759,39292,39914,41241,41840,42526,44281,45027,45781,46712,47496,48428,50266,51624,52116,52841,53614,54318,53717,54239,54408,57700,58776,59400
Mississippi,Lamar County,40211,41100,42377,43379,45001,46684,48850,50920,52772,54197,56054,57390,58167,59209,60211,61034,61461,61649,62744,63447,64165,65420,65811,66207
Mississippi,Lauderdale County,78195,77780,77979,78082,78055,78082,78063,78794,79665,80275,80229,80663,80280,80276,79330,78422,77497,76416,75503,74619,73751,72032,71323,70901
Mississippi,Lawrence County,13215,13235,13137,13190,13149,13097,13053,13043,13038,13054,12893,12748,12690,12599,12625,12694,12813,12633,12441,12607,12480,11790,11766,11718
Mississippi,Leake County,20964,21563,21884,22240,22561,22869,23159,23353,23641,23790,23791,23251,23189,23261,23176,22774,22780,22822,22781,22830,22741,21270,21279,21336
Mississippi,Lee County,75876,76537,76783,77480,77937,78529,79684,80561,81501,82436,83048,84032,84802,84981,84781,84762,84859,85124,85396,85674,85466,83002,82946,82893
Mississippi,Leflore County,37763,36775,35957,34516,34863,34178,33862,33540,33329,32508,32307,32073,30806,30759,30721,30260,29797,29317,28651,28202,27854,27676,26938,26595
Mississippi,Lincoln County,33163,33188,33326,33407,33490,33748,34248,34398,34724,34877,34863,34870,34848,34728,34737,34527,34385,34352,34202,34111,33936,34961,34807,34815
Mississippi,Lowndes County,61529,60958,60508,59919,59699,59237,59396,59355,59160,59663,59836,59626,59619,59826,59828,59725,59552,59173,58826,58621,58309,58133,57694,57369
Mississippi,Madison County,75089,76580,78092,79997,82283,84846,87844,90195,92274,94071,95552,96977,98092,99531,100902,102516,103921,104635,105651,106334,106871,109972,111694,113068
Mississippi,Marion County,25616,25391,25360,25497,25617,25706,26291,26610,26825,26979,27083,26669,26333,26064,25685,25430,25120,25123,24736,24504,24441,24308,24142,24133
Mississippi,Marshall County,35004,35052,35345,35767,35720,36052,36374,36950,37351,37231,37104,36771,36567,36478,36197,35918,35794,35622,35491,35302,35301,33660,33897,34180
Mississippi,Monroe County,37981,38005,37690,37646,37678,37464,37454,37355,37453,37258,36889,36601,36410,36154,36061,35831,35906,35863,35614,35291,35123,33918,33561,33636
Mississippi,Montgomery County,12115,12042,11829,11647,11507,11474,11453,11297,11067,10948,10924,10771,10600,10575,10358,10190,10230,10138,9986,9766,9661,9696,9547,9565
Mississippi,Neshoba County,28689,28396,28490,28807,29139,29364,29381,29399,29562,29694,29687,29758,29747,29539,29470,29491,29474,29446,29188,29147,28996,28923,28854,28908
Mississippi,Newton County,21791,21715,21493,21510,21535,21611,21814,21965,21851,21790,21718,21424,21499,21525,21714,21578,21504,21402,21315,20987,20866,21088,21017,21041
Mississippi,Noxubee County,12536,12434,12312,12147,12056,11973,11875,11880,11823,11646,11511,11295,11155,11059,11069,10948,10891,10717,10561,10425,10236,10116,10019,9938
Mississippi,Oktibbeha County,43122,43186,43036,43188,43382,43985,45052,46032,46470,47400,47692,47776,48853,49152,49124,49589,49612,49774,49248,49543,49789,51803,51661,51721
Mississippi,Panola County,34379,34401,34623,34661,34701,34684,34705,34813,34923,34768,34700,34480,34427,34398,34453,34204,34238,34113,34092,34102,33848,32902,32553,32651
Mississippi,Pearl River County,48621,49083,49659,49968,50624,50990,55153,56053,56538,56085,55788,55441,55003,54848,55149,54978,55110,55329,55492,55752,55876,56519,57338,58198
Mississippi,Perry County,12149,12156,12232,12245,12233,12088,12098,12316,12337,12206,12258,12155,12003,12020,12064,12083,12077,12031,11937,11998,11862,11507,11440,11433
Mississippi,Pike County,38995,38739,38734,38649,38700,38905,40241,40141,40290,40332,40416,40436,40091,39944,39960,39907,39637,39535,39371,39284,38997,39976,39592,39271
Mississippi,Pontotoc County,26967,27274,27427,27990,28276,28567,29098,29264,29475,29770,30008,29782,30306,30680,30802,30884,31516,31776,31947,32280,32461,31332,31449,31761
Mississippi,Prentiss County,25662,25452,25463,25611,25568,25608,25463,25370,25481,25553,25189,25368,25366,25480,25421,25457,25404,25224,25062,25074,25013,25052,25094,25310
Mississippi,Quitman County,10055,9952,9828,9541,9494,9238,9008,8723,8501,8336,8188,8050,7796,7814,7689,7513,7361,7207,7053,6808,6760,5897,5683,5592
Mississippi,Rankin County,116255,118774,120937,123796,127232,130354,134132,136694,139136,140634,142018,144209,145833,147361,148464,149507,152093,152902,154277,155342,155975,157600,158733,160184
Mississippi,Scott County,28393,28321,27948,28126,28097,28122,28170,28175,28098,28101,28358,28386,28360,28336,28552,28445,28378,28452,28344,28203,28061,27617,27710,27619
Mississippi,Sharkey County,6520,6303,6186,6052,5845,5707,5510,5238,5191,5076,4873,4877,4788,4681,4615,4568,4513,4419,4342,4312,4160,3629,3483,3378
Mississippi,Simpson County,27641,27376,27547,27368,27362,27633,27658,27512,27682,27512,27511,27407,27426,27534,27517,27177,27001,26917,26739,26803,26629,25699,25615,25653
Mississippi,Smith County,16182,16181,16077,16070,16126,16332,16427,16462,16345,16520,16460,16523,16334,16226,16207,16073,15943,16067,15967,15840,15779,14199,14095,14108
Mississippi,Stone County,13664,14130,14163,14439,14694,15189,15968,16264,17084,17408,17890,17900,18051,17967,18100,18283,18189,18608,17966,18289,18360,18736,18834,19004
Mississippi,Sunflower County,34249,34042,33676,33453,32349,31724,31464,31463,30614,29574,29406,28519,28415,27910,27408,26883,26519,26149,26254,25131,24740,24681,24314,23940
Mississippi,Tallahatchie County,14927,14981,15025,15124,15249,15348,15283,15231,15225,15266,15346,15329,15045,14977,14724,14619,14383,14155,14028,13931,13707,11969,11762,11517
Mississippi,Tate County,25477,25653,25776,26134,26599,26968,27473,27803,28222,28509,28981,28734,28519,28341,28244,28465,28310,28595,28345,28304,28539,28173,28372,28389
Mississippi,Tippah County,20925,20979,21066,21179,21261,21536,21688,21884,21982,22171,22240,22038,21914,22000,21976,22025,22079,21963,22071,22021,21748,21599,21480,21377
Mississippi,Tishomingo County,19158,19020,19144,19070,19145,19232,19424,19581,19524,19552,19594,19634,19617,19505,19429,19485,19455,19520,19360,19368,19275,18745,18626,18524
Mississippi,Tunica County,9242,9416,9823,10142,10221,10425,10723,10853,10910,10862,10738,10589,10438,10454,10496,10264,10138,9989,9916,9602,9392,9644,9461,9380
Mississippi,Union County,25484,25649,25711,25949,26076,26569,26762,26684,26931,27070,27162,27305,27339,27763,28152,28309,28298,28478,28536,28711,28866,28029,28130,28275
Mississippi,Walthall County,15099,15114,14988,15049,15104,15081,15594,15515,15622,15505,15416,15372,15069,14853,14844,14604,14568,14515,14420,14316,14294,13835,13815,13835
Mississippi,Warren County,49598,49292,49115,48946,49092,48836,49440,49163,48457,48548,48840,48325,48226,48301,47951,47496,47017,46717,46096,45477,44841,43440,42684,42323
Mississippi,Washington County,62657,61221,59570,58072,56802,55872,54325,53069,52236,51565,51078,50465,50035,49679,49032,47991,47214,46238,45097,43973,42837,43605,42490,41902
Mississippi,Wayne County,21342,21258,21260,21135,21069,21021,21111,21276,20963,20763,20743,20629,20628,20476,20473,20515,20476,20450,20289,20186,20317,19672,19617,19743
Mississippi,Webster County,10282,10250,10213,10044,10057,9979,10022,10035,10204,10164,10271,10194,10090,9951,10000,9881,9768,9743,9748,9702,9676,9975,9953,9989
Mississippi,Wilkinson County,10307,10280,10266,10283,10185,10123,10306,10142,10061,9994,9845,9582,9460,9340,9185,9089,9032,8855,8768,8628,8351,8303,8175,7988
Mississippi,Winston County,20152,20031,19860,19796,19715,19583,19538,19606,19342,19211,19194,19045,18981,18764,18610,18452,18357,18232,18154,17993,17845,17573,17527,17476
Mississippi,Yalobusha County,13125,13265,13139,13089,12961,12979,12976,13036,12857,12827,12650,12518,12391,12377,12304,12457,12469,12449,12376,12104,11982,12438,12395,12369
Mississippi,Yazoo County,28119,27764,27735,27932,27963,28107,28714,28641,28441,28201,28012,28275,28336,28002,27810,27424,28003,28711,29163,29698,26982,25180,24698,24603
Missouri,Missouri,5607285,5641142,5674825,5709403,5747741,5790300,5842704,5887612,5923916,5961088,5996231,6011182,6026027,6042989,6059130,6075411,6091384,6111382,6125986,6140475,6151548,6171374,6179414,6208038
Missouri,Adair County,24956,24967,25072,24958,24988,24849,25007,24983,25399,25577,25607,25676,25696,25728,25552,25396,25313,25522,25593,25511,25399,25188,25155,25231
Missouri,Andrew County,16522,16580,16501,16608,16580,16511,16861,16834,16924,17036,17377,17199,17311,17306,17284,17316,17351,17473,17661,17699,17586,18015,18008,18109
Missouri,Atchison County,6389,6344,6189,6193,6153,6053,5908,5909,5798,5781,5658,5572,5512,5418,5354,5292,5292,5242,5161,5109,5096,5210,5163,5116
Missouri,Audrain County,25862,25784,25800,25728,25555,25725,25869,25658,25774,25628,25490,25535,25539,25565,25841,25976,25863,25609,25411,24962,24835,24858,24455,24342
Missouri,Barry County,33971,33981,34111,34555,34849,35241,35756,35844,35935,35640,35588,35348,35334,35335,35327,35300,35204,35576,35687,35789,35818,34762,34931,35310
Missouri,Barton County,12542,12684,12780,12924,12941,12976,12972,12769,12589,12454,12385,12346,12299,12183,11990,11834,11834,11798,11756,11681,11592,11670,11695,11743
Missouri,Bates County,16700,16801,17009,17109,17088,17117,17193,17189,17194,17044,17042,16965,16615,16425,16514,16361,16342,16294,16320,16213,16242,16099,16156,16226
Missouri,Benton County,17202,17399,17588,17996,18336,18688,18749,19025,19046,18996,19060,19046,19006,18960,18900,18815,18947,19097,19377,19477,19627,19940,20216,20560
Missouri,Bollinger County,12047,12294,12367,12400,12427,12466,12496,12554,12429,12412,12332,12382,12447,12487,12418,12320,12204,12281,12167,12142,12111,10582,10510,10536
Missouri,Boone County,135940,138181,140695,143019,145348,148786,152784,155666,158089,160565,163232,166287,168868,171060,172920,174563,176579,178297,179569,181084,182991,186132,187743,190138
Missouri,Buchanan County,86192,86026,86027,85887,86039,86378,86543,87740,88317,89233,89144,89748,89962,89871,89649,89137,89072,88658,88047,87212,86530,83636,82956,83201
Missouri,Butler County,40826,40837,41068,41131,41476,41995,42246,42109,42351,42683,42796,42996,43001,42979,42870,42857,42804,42651,42641,42574,42178,42163,42150,41910
Missouri,Caldwell County,8975,9006,9041,9152,9230,9273,9343,9395,9359,9365,9436,9276,9085,9036,8992,8996,9043,9056,9073,9039,9051,8900,8939,8976
Missouri,Callaway County,40927,41490,41973,42023,41767,42683,43118,43414,43855,44041,44419,44311,44413,44546,44651,44722,45082,45002,44987,44762,44887,44655,44760,44818
Missouri,Camden County,37053,37497,38263,38832,39572,40641,41832,42744,43462,43762,43985,43851,44232,44334,44601,44793,44979,45554,45956,46211,46414,43513,43779,44099
Missouri,Cape Girardeau County,68796,69340,69735,70186,71121,71793,72941,73510,74141,74927,75895,76627,77076,77495,77950,78297,78540,78338,78810,78971,79512,82144,82940,83110
Missouri,Carroll County,10267,10136,10097,10000,9922,9912,9743,9622,9451,9314,9296,9252,9076,9054,8958,8882,8849,8789,8724,8698,8554,8398,8410,8367
Missouri,Carter County,5974,5915,5944,5994,5982,6008,6030,6117,6122,6138,6299,6330,6271,6342,6286,6280,6210,6177,6068,5981,5991,5325,5267,5329
Missouri,Cass County,82592,84504,86645,88020,90759,92520,94494,96845,98095,98835,99723,100017,100458,100712,100872,101389,102645,103502,104753,105731,106806,109792,110345,111695
Missouri,Cedar County,13720,13901,13909,13975,14073,14297,14229,14169,14120,13964,13973,13914,13910,13776,13788,13790,13884,14086,14126,14301,14322,14519,14612,14706
Missouri,Chariton County,8411,8276,8277,8193,8174,8092,8013,7900,7829,7767,7847,7744,7680,7640,7676,7582,7512,7462,7449,7463,7360,7367,7395,7403
Missouri,Christian County,54936,56824,58674,60672,63171,65963,69394,72545,74705,76309,77825,78664,79695,80675,81887,83154,84271,85533,87248,88913,90655,91636,93130,94469
Missouri,Clark County,7387,7433,7366,7281,7239,7224,7206,7212,7168,7111,7148,7028,6968,6901,6889,6811,6734,6719,6827,6804,6830,6734,6714,6648
Missouri,Clay County,184703,188024,190959,193436,196718,200659,206369,211179,215142,219669,222718,225271,227636,230401,233142,235344,238837,242780,246798,250522,253463,255908,257037,260150
Missouri,Clinton County,19046,19371,19525,20034,20409,20392,20347,20774,20781,20765,20742,20679,20560,20569,20270,20592,20535,20558,20435,20434,20553,21222,21339,21569
Missouri,Cole County,71485,71650,72138,72728,72427,72948,73509,73977,74760,75408,76182,76490,76480,76732,76656,76838,76748,76702,76734,76774,76191,76616,76977,77318
Missouri,Cooper County,16764,16714,16999,17002,17203,17380,17547,17693,17502,17564,17610,17551,17538,17612,17564,17615,17697,17642,17604,17563,17102,16682,16741,16926
Missouri,Crawford County,22828,22876,23420,23734,23918,24137,24373,24689,24698,24802,24637,24817,24783,24530,24633,24510,24269,24109,23948,23856,23739,22826,22622,22691
Missouri,Dade County,7915,7920,7899,7896,7893,7910,7974,7969,7951,7885,7867,7765,7556,7531,7597,7576,7598,7583,7560,7547,7568,7600,7679,7719
Missouri,Dallas County,15751,15802,15908,16031,16275,16325,16580,16953,16955,16816,16762,16689,16703,16468,16349,16362,16418,16755,16828,16984,17219,17344,17610,17793
Missouri,Daviess County,7998,7972,8040,8125,8228,8231,8331,8309,8330,8382,8441,8289,8294,8295,8317,8281,8227,8355,8330,8273,8283,8404,8455,8554
Missouri,DeKalb County,13137,13111,13180,13284,12734,12727,12882,12921,12833,12825,12900,12817,12783,12638,12556,12559,12520,12561,12534,10802,10944,11695,11307,9899
Missouri,Dent County,14947,15088,14935,15050,15157,15257,15419,15344,15495,15544,15681,15620,15659,15745,15641,15662,15457,15510,15592,15548,15481,14461,14471,14654
Missouri,Douglas County,13097,13070,13270,13239,13372,13474,13573,13637,13800,13793,13642,13636,13582,13449,13533,13374,13368,13301,13416,13248,13344,11746,11967,12224
Missouri,Dunklin County,33148,33006,32871,32723,32420,32581,32388,32255,32158,31977,31920,32018,31848,31738,31320,30868,30622,30147,29464,29173,28878,27739,27444,27066
Missouri,Franklin County,94050,94872,95771,96480,97465,98417,99341,100265,101149,101422,101508,101618,101331,101717,101923,102265,102758,103340,103716,103860,104469,105317,105865,106444
Missouri,Gasconade County,15374,15395,15407,15460,15464,15516,15479,15450,15309,15204,15226,15075,14914,14816,14814,14753,14751,14695,14680,14671,14566,14782,14800,14731
Missouri,Gentry County,6873,6875,6780,6725,6771,6780,6776,6758,6806,6740,6719,6821,6767,6733,6753,6650,6623,6630,6579,6564,6484,6189,6291,6311
Missouri,Greene County,241015,243305,245822,249312,253130,257282,263046,267576,270901,274013,275414,277510,280550,283750,285427,287543,288114,289830,291430,293499,294997,301137,303336,305130
Missouri,Grundy County,10513,10427,10253,10304,10209,10280,10187,10199,10196,10215,10273,10254,10333,10346,10183,10033,10107,9990,9949,9780,9595,9762,9828,9807
Missouri,Harrison County,8873,8779,8771,8791,8753,8893,8870,8951,8956,8987,8941,8887,8731,8717,8638,8631,8587,8519,8362,8346,8321,8179,8213,8216
Missouri,Henry County,22108,22307,22179,22410,22442,22354,22556,22474,22291,22277,22266,22254,22228,22118,22050,21728,21634,21704,21885,21971,22076,22220,22404,22457
Missouri,Hickory County,8940,9036,8929,9171,9316,9476,9518,9594,9592,9561,9628,9614,9444,9349,9292,9269,9367,9396,9416,9496,9586,8572,8576,8715
Missouri,Holt County,5326,5310,5148,5154,5116,5047,4976,4997,4926,4911,4910,4838,4679,4589,4529,4483,4464,4406,4382,4387,4232,4234,4265,4266
Missouri,Howard County,10182,10155,10072,10056,10012,10091,10089,10079,10138,10172,10123,10219,10198,10240,10131,10136,10033,10067,10027,9982,10001,10144,10169,10116
Missouri,Howell County,37285,37259,37429,37717,38036,38704,39067,39391,39910,39917,40532,40578,40533,40234,40122,40071,40131,40069,40103,40084,40262,40026,40612,40707
Missouri,Iron County,10628,10616,10608,10508,10617,10630,10710,10681,10667,10715,10579,10618,10544,10459,10359,10200,10127,10178,10193,10152,10098,9431,9411,9454
Missouri,Jackson County,655709,657012,658765,658914,658307,658592,660539,662995,665427,670763,675259,675644,677570,680063,683334,687182,692812,698768,701809,704350,705925,717993,716580,720283
Missouri,Jasper County,104966,105628,106684,107690,108897,110219,112030,113754,115144,116448,117770,115313,115813,116814,117801,118623,119304,120113,120349,121228,121648,123324,123969,125117
Missouri,Jefferson County,198937,200682,202477,204912,207829,210142,213105,214948,216409,217764,219084,219605,219885,220923,222066,223185,223439,223843,224656,225402,226543,228030,229268,231155
Missouri,Johnson County,48534,49355,49796,50027,50905,51178,51500,51750,51889,52351,52715,53417,54335,54331,54221,53717,53722,53893,53718,54187,54219,54209,54423,55107
Missouri,Knox County,4356,4296,4282,4254,4236,4188,4158,4152,4117,4111,4133,4126,4091,4060,3994,3907,3929,3971,3943,3957,3940,3786,3777,3736
Missouri,Laclede County,32598,32889,32862,33155,33513,34236,34937,35333,35518,35355,35642,35668,35490,35672,35558,35506,35486,35467,35684,35869,35895,36163,36330,36674
Missouri,Lafayette County,33000,32927,32984,33081,33110,33280,33288,33186,33434,33246,33409,33213,33061,32828,32627,32633,32532,32604,32567,32774,33006,32835,32937,33244
Missouri,Lawrence County,35352,35665,36234,36441,36798,37399,37779,38323,38508,38652,38601,38502,38384,38109,37917,37999,38201,38271,38271,38288,38175,38263,38672,38879
Missouri,Lewis County,10500,10420,10408,10354,10319,10272,10286,10286,10196,10204,10203,10217,10116,10110,10098,10141,10091,9957,9844,9787,9810,10000,9888,9840
Missouri,Lincoln County,39196,40610,41970,43580,44995,46945,49117,50758,51847,52243,52702,53051,53267,53784,54167,54569,55146,56040,57604,59040,60119,61651,63184,64707
Missouri,Linn County,13722,13617,13495,13365,13256,13074,12928,12875,12788,12775,12752,12602,12489,12330,12318,12290,12123,12159,12002,11906,11830,11844,11842,11808
Missouri,Livingston County,14519,14596,14556,14589,14604,14624,14717,14852,14929,15110,15196,15121,14997,14878,15009,14943,15119,15161,15169,14982,14413,14206,14365,14595
Missouri,McDonald County,21665,21688,21712,22105,22410,22718,22977,22996,22943,23076,23087,22897,22976,22651,22851,22721,22773,22796,23031,22912,22900,23432,23623,24117
Missouri,Macon County,15734,15613,15441,15568,15497,15595,15562,15533,15512,15509,15581,15473,15550,15463,15436,15271,15145,15253,15167,15111,15095,15183,15084,15173
Missouri,Madison County,11853,11855,11877,11835,11937,12007,12130,12310,12396,12313,12196,12257,12376,12272,12195,12182,12209,12236,12205,12118,12113,12665,12763,12739
Missouri,Maries County,8918,8822,8824,8850,9077,9170,9235,9281,9191,9122,9185,9170,9020,9031,8998,8934,8823,8791,8795,8751,8795,8418,8434,8441
Missouri,Marion County,28285,28115,28067,28282,28193,28309,28468,28365,28550,28720,28793,28786,28753,28781,28784,28719,28721,28607,28564,28543,28423,28564,28489,28312
Missouri,Mercer County,3747,3750,3699,3717,3701,3684,3668,3684,3748,3776,3777,3774,3708,3664,3682,3660,3654,3659,3625,3619,3558,3480,3469,3499
Missouri,Miller County,23617,23911,24082,24056,24488,24582,24759,24843,24867,24840,24714,24705,24573,24805,24824,24865,24981,25199,25269,25607,25791,24949,25384,25566
Missouri,Mississippi County,13395,13424,13526,13626,13669,13872,14033,14058,14087,14146,14390,14241,14288,14189,14197,13984,13755,13615,13369,13208,12691,12105,11683,11852
Missouri,Moniteau County,14847,14805,15006,15105,15082,15312,15340,15416,15424,15545,15616,15711,15674,15748,15815,15878,15990,16028,16118,15816,15585,15313,15241,15245
Missouri,Monroe County,9329,9291,9259,9274,9254,9209,9219,9216,9157,9014,8782,8685,8691,8768,8735,8635,8629,8594,8630,8627,8672,8708,8650,8731
Missouri,Montgomery County,12141,12120,12084,12095,12236,12285,12242,12299,12273,12179,12241,12206,11971,11852,11725,11579,11459,11388,11458,11472,11294,11440,11463,11430
Missouri,Morgan County,19291,19543,19588,19831,20106,20273,20570,20716,20745,20566,20559,20375,20079,20123,20081,20072,20106,20181,20466,20720,20716,21441,21781,21963
Missouri,New Madrid County,19657,19638,19416,19405,19235,18919,18821,18780,18805,18896,18934,18758,18468,18315,18230,18070,17851,17541,17234,17052,16693,16039,15686,15388
Missouri,Newton County,52699,52939,53408,54347,55100,55941,56671,57470,57600,57946,58117,58564,58651,58396,58148,58165,58221,58206,58233,58329,58451,59451,60107,60813
Missouri,Nodaway County,21897,22070,22239,22319,22517,22588,22698,22804,23026,23242,23384,23439,23336,23165,23002,22649,22486,22431,22244,22089,21743,20984,20690,20693
Missouri,Oregon County,10327,10219,10328,10422,10503,10513,10669,10685,10697,10724,10922,11049,10973,10937,10835,10864,10753,10568,10557,10517,10411,8628,8709,8719
Missouri,Osage County,13026,13046,13073,13315,13361,13507,13687,13648,13753,13886,13865,13909,13848,13679,13640,13540,13612,13659,13640,13621,13535,13397,13399,13479
Missouri,Ozark County,9532,9447,9496,9582,9555,9557,9667,9655,9718,9673,9728,9649,9600,9512,9448,9373,9204,9236,9011,9155,9083,8790,8970,8996
Missouri,Pemiscot County,20060,19887,19839,19592,19338,19211,18953,18788,18552,18378,18263,18187,18081,17782,17574,17427,17092,16809,16281,15864,15600,15246,14880,14669
Missouri,Perry County,18134,18171,18318,18313,18454,18602,18672,18961,18976,19050,18937,19000,18991,19047,19116,19066,19224,19267,19284,19164,19194,18975,18882,18950
Missouri,Pettis County,39486,39577,39543,39669,39883,40455,40937,41239,41565,41907,42287,42147,42299,42197,42201,42303,42274,42477,42449,42417,42490,43220,43381,43591
Missouri,Phelps County,39945,40219,41193,41883,42616,43327,44025,44300,44200,44540,45301,45260,45248,45030,44957,44801,44772,44606,44549,44593,44414,44912,45301,45517
Missouri,Pike County,18301,18258,18311,18426,18434,18725,18707,18588,18602,18544,18507,18665,18554,18607,18493,18404,18508,18556,18495,17678,17552,17606,17650,17927
Missouri,Platte County,74316,76143,77986,79577,81106,82615,83913,85656,87003,88219,89677,90912,92203,93435,94947,96552,98771,101256,102953,104726,106532,108752,110593,112112
Missouri,Polk County,26999,27421,27826,28345,28690,29308,30053,30576,30790,31085,31139,31203,31088,31126,31130,31272,31415,31776,32244,32228,32490,32047,32669,32818
Missouri,Pulaski County,41957,43558,44535,44507,45301,45570,46482,47357,48300,50630,52803,53322,53521,54151,53648,53324,52554,51918,51982,52634,52709,53816,53824,53829
Missouri,Putnam County,5231,5203,5180,5161,5131,5153,5167,5047,5028,4988,4972,4977,4948,4887,4845,4864,4825,4782,4748,4688,4688,4692,4653,4639
Missouri,Ralls County,9669,9704,9755,9755,9792,9998,10092,10148,10117,10109,10169,10278,10230,10168,10280,10171,10240,10228,10233,10292,10299,10365,10419,10501
Missouri,Randolph County,24660,24679,24701,25010,25211,25451,25480,25597,25597,25364,25437,25283,25337,24953,25063,25063,24992,24909,24697,24839,24409,24569,24619,24105
Missouri,Ray County,23393,23427,23538,23703,23739,23605,23842,23712,23764,23541,23474,23345,23081,23065,22939,22799,22740,22895,22924,23024,22915,23095,23119,23178
Missouri,Reynolds County,6708,6557,6664,6668,6717,6707,6707,6736,6688,6667,6692,6565,6549,6456,6402,6294,6359,6260,6267,6288,6198,6084,5994,5965
Missouri,Ripley County,13482,13460,13608,13752,13843,13920,14049,14059,14039,14033,14103,14143,14032,13996,13941,13797,13773,13576,13428,13343,13300,10648,10699,10809
Missouri,St. Charles County,286218,294908,303224,311405,319729,328892,337952,345395,351179,356902,361602,365614,369175,374378,379956,385108,390724,395153,398656,401625,406204,410515,414055,417958
Missouri,St. Clair County,9698,9656,9692,9656,9711,9733,9694,9802,9757,9708,9823,9694,9533,9499,9446,9427,9310,9395,9431,9450,9689,9416,9581,9743
Missouri,Ste. Genevieve County,17973,18013,18039,18161,18218,18233,18263,18293,18186,18156,18126,18196,17867,17951,17936,17805,17867,17797,17890,17957,17924,18576,18614,18640
Missouri,St. Francois County,55773,56242,56823,58118,60829,62298,62917,63636,64280,64864,65498,65596,65811,66118,65801,66253,66395,66702,66740,66942,66485,67015,66938,67094
Missouri,St. Louis County,1016178,1016243,1014359,1011678,1007813,1004109,1002050,999389,998331,998618,998881,1000147,1000975,1000746,1000903,1001585,998393,997116,995900,995467,994020,998785,991881,990875
Missouri,Saline County,23747,23399,22960,22896,23058,23053,23008,23029,22967,23221,23406,23409,23547,23362,23408,23241,23126,22940,22907,22827,22858,23263,23016,23212
Missouri,Schuyler County,4178,4184,4245,4264,4313,4280,4267,4313,4383,4414,4429,4390,4391,4375,4397,4506,4496,4513,4577,4632,4534,4020,4016,4073
Missouri,Scotland County,4976,4956,4877,4879,4838,4793,4823,4830,4818,4842,4842,4839,4872,4902,4851,4833,4915,4958,4937,4936,4871,4674,4653,4698
Missouri,Scott County,40371,40206,39885,39850,39704,39719,39626,39509,39293,39185,39238,39159,39177,39228,38897,39040,38781,38611,38596,38416,38288,37894,37869,37923
Missouri,Shannon County,8331,8303,8273,8213,8254,8300,8313,8402,8420,8446,8437,8414,8333,8289,8295,8275,8225,8238,8192,8177,8203,7100,7223,7254
Missouri,Shelby County,6790,6787,6724,6669,6661,6683,6533,6500,6421,6369,6370,6232,6213,6150,6089,6099,6035,5992,6004,5923,5919,5974,6004,5930
Missouri,Stoddard County,29756,29772,29976,29908,30064,30240,30314,30253,30062,29821,29997,29850,29816,29802,29794,29751,29504,29384,29288,29096,29001,28522,28366,28372
Missouri,Stone County,28600,28841,29347,30044,30542,30800,31546,31966,32119,32214,32172,32130,31908,31672,31462,31334,31503,31676,31729,32002,32465,31590,32137,32680
Missouri,Sullivan County,7227,7237,7247,7042,6925,6840,6783,6706,6736,6689,6725,6665,6557,6499,6476,6369,6328,6203,6189,6061,6033,5891,5828,5841
Missouri,Taney County,40059,40609,41554,42447,43381,44635,46200,48020,49711,50794,51893,52666,52928,53298,53861,54282,54663,55176,55817,56057,56104,56313,56736,56790
Missouri,Texas County,23049,24174,24464,24388,24845,24961,25385,25490,25597,25790,26048,25935,25799,25699,25680,25692,25844,25689,25560,25383,25112,24864,25298,25606
Missouri,Vernon County,20428,20514,20454,20481,20620,20722,20715,20746,20891,21071,21162,21090,20937,20988,20996,20775,20689,20527,20544,20654,20388,19598,19608,19768
Missouri,Warren County,24745,25426,26266,27169,27971,29095,30175,31152,31975,32320,32551,32615,32746,32987,33185,33539,33875,34462,34801,35716,36594,36562,37292,37815
Missouri,Washington County,23395,23514,23796,23956,24174,24211,24619,24856,25113,25111,25205,25106,25088,25145,25078,24795,24847,25000,24900,24743,24604,23403,23389,23542
Missouri,Wayne County,13259,13368,13318,13435,13394,13514,13429,13356,13397,13486,13499,13424,13409,13476,13482,13435,13229,13309,13079,12904,12769,10925,10807,10825
Missouri,Webster County,31219,31863,32299,32680,33394,34005,34692,35477,35938,35997,36287,36451,36451,36630,37044,37611,38158,38767,39205,39644,39859,39600,40369,41481
Missouri,Worth County,2382,2324,2320,2291,2269,2231,2202,2217,2166,2199,2155,2118,2080,2079,2054,2042,2009,2041,2011,1989,1953,1973,1943,1903
Missouri,Wright County,17926,17963,18147,18217,18226,18489,18554,18713,18904,18633,18853,18569,18557,18335,18200,18147,18181,18216,18230,18329,18325,18625,19108,19373
Missouri,St. Louis city,347144,343243,338457,334893,330988,324945,320131,317959,317955,318842,319156,319417,319534,318624,317599,316268,312926,308424,303661,300887,297645,293484,286292,282772
Montana,Montana,903773,906961,911667,919630,930009,940102,952692,964706,976415,983982,990898,997518,1004168,1014158,1022657,1031495,1042137,1053862,1061818,1070123,1080577,1106522,1122095,1131302
Montana,Beaverhead County,9204,9058,9018,8924,8908,8904,9012,9028,9166,9200,9253,9214,9361,9307,9340,9303,9462,9436,9413,9474,9483,9551,9742,9889
Montana,Big Horn County,12669,12783,12713,12652,12731,12634,12540,12549,12564,12747,12914,13058,12996,13114,13341,13310,13438,13454,13305,13248,13063,12894,12858,12825
Montana,Blaine County,6968,6748,6769,6699,6571,6592,6536,6472,6401,6445,6507,6576,6683,6638,6710,6683,6716,6740,6764,6704,6568,6999,6956,6884
Montana,Broadwater County,4378,4438,4478,4562,4711,4775,4958,5089,5261,5496,5629,5725,5759,5678,5657,5717,5787,5922,6043,6203,6444,7327,7787,8063
Montana,Carbon County,9561,9665,9714,9747,9796,9921,9916,9973,9965,10033,10085,10089,10142,10338,10438,10404,10480,10687,10654,10703,10921,10900,11241,11426
Montana,Carter County,1335,1337,1319,1290,1284,1258,1227,1216,1172,1180,1154,1136,1157,1152,1150,1147,1175,1222,1223,1245,1235,1416,1402,1400
Montana,Cascade County,80318,80055,79848,79633,80198,80041,79984,80099,80529,80680,81519,81734,81657,82241,82118,81959,81655,81729,81756,81393,81346,84565,84908,84625
Montana,Chouteau County,6062,5899,5811,5775,5729,5708,5709,5746,5774,5793,5803,5812,5933,5854,5902,5777,5780,5738,5759,5681,5699,5939,5917,5877
Montana,Custer County,11678,11484,11510,11438,11510,11423,11395,11480,11515,11646,11703,11759,11804,11883,12023,12098,11844,11741,11576,11361,11292,11961,12005,12013
Montana,Daniels County,2005,1999,1912,1881,1804,1782,1748,1702,1704,1732,1758,1760,1775,1778,1798,1751,1730,1720,1706,1646,1638,1671,1644,1626
Montana,Dawson County,9050,8963,8801,8812,8764,8800,8853,8944,8925,9008,8936,9030,9238,9392,9518,9591,9279,8966,8683,8638,8555,8859,8801,8820
Montana,Deer Lodge County,9409,9303,9238,9189,9274,9274,9180,9264,9351,9260,9294,9282,9220,9264,9125,9115,9071,9122,9159,9207,9204,9522,9541,9685
Montana,Fallon County,2816,2741,2725,2769,2773,2712,2722,2768,2807,2882,2887,2930,3025,3047,3111,3172,3097,3012,2925,2878,2826,3011,3047,2999
Montana,Fergus County,11902,11736,11666,11565,11546,11444,11501,11463,11448,11571,11582,11463,11394,11470,11336,11315,11333,11280,11088,11032,11104,11619,11669,11816
Montana,Flathead County,74774,76171,77583,79643,81247,83320,85759,88245,90260,90910,90901,91282,91630,92988,94642,95940,97901,100272,102100,103880,105851,108790,111783,113495
Montana,Gallatin County,68375,70120,71824,74504,77124,80310,83984,86620,88932,89187,89658,91413,92627,94885,97629,101043,104999,108850,111878,114472,116806,123119,124733,125929
Montana,Garfield County,1268,1269,1258,1254,1236,1202,1233,1234,1205,1240,1192,1254,1244,1254,1274,1283,1295,1279,1262,1272,1268,1206,1221,1216
Montana,Glacier County,13183,13098,13101,13168,13388,13264,13250,13179,13109,13266,13451,13579,13671,13793,13711,13647,13707,13729,13797,13701,13594,13723,13637,13577
Montana,Golden Valley County,1019,992,1012,981,1001,1014,973,964,890,897,884,830,827,846,841,818,811,817,825,827,827,816,838,867
Montana,Granite County,2849,2905,2919,2931,2943,3009,3013,3039,3031,3057,3082,3077,3040,3067,3144,3160,3276,3343,3355,3335,3317,3354,3482,3565
Montana,Hill County,16605,16378,16139,15988,15947,15870,15981,16031,15889,15981,16152,16391,16395,16534,16500,16435,16440,16468,16351,16494,16358,16207,16069,16181
Montana,Jefferson County,10052,10087,10181,10262,10511,10709,10801,11040,11203,11364,11424,11373,11319,11457,11505,11576,11774,11918,12084,12211,12360,12472,12864,13086
Montana,Judith Basin County,2330,2266,2246,2201,2196,2161,2146,2083,2071,2076,2068,2011,2006,2002,1985,1932,1944,1944,1950,2010,1994,2041,2082,2099
Montana,Lake County,26588,26810,26814,27117,27634,28023,28283,28235,28515,28668,28766,28983,29021,29138,29236,29482,29722,30277,30346,30586,30986,32081,32821,33255
Montana,Lewis and Clark County,55886,56262,56271,57110,58041,58529,59529,60646,61747,62671,63620,64284,64760,65277,65764,66308,67001,67988,68775,69578,70229,72517,73681,74812
Montana,Liberty County,2168,2163,2144,2212,2263,2266,2216,2236,2225,2283,2344,2381,2396,2364,2351,2395,2413,2415,2440,2386,2369,1937,1972,1959
Montana,Lincoln County,18818,18646,18669,18861,18991,19180,19228,19440,19541,19657,19670,19629,19494,19437,19208,19085,19332,19589,19862,20099,20343,20597,21485,21867
Montana,McCone County,1960,1874,1828,1797,1781,1778,1765,1767,1720,1705,1741,1709,1700,1714,1713,1698,1729,1695,1655,1649,1648,1710,1712,1684
Montana,Madison County,6870,6856,6935,6894,6999,7211,7343,7560,7674,7674,7691,7644,7664,7679,7832,8033,8074,8280,8586,8749,8959,8954,9237,9509
Montana,Meagher County,1916,1906,1895,1913,1935,1899,1923,1908,1893,1897,1887,1878,1887,1905,1857,1822,1851,1856,1847,1841,1831,1963,2025,2057
Montana,Mineral County,3877,3839,3837,3936,3985,4133,4211,4156,4177,4200,4219,4221,4130,4230,4196,4194,4129,4240,4314,4422,4544,4859,5037,5135
Montana,Missoula County,96178,97435,98968,99976,100934,102298,104372,106110,107747,108717,109494,110270,111104,111988,112924,114281,116587,118068,118959,120066,121630,119857,120931,121672
Montana,Musselshell County,4471,4368,4353,4361,4370,4323,4398,4394,4423,4478,4560,4747,4693,4684,4647,4631,4640,4623,4623,4626,4669,4910,5188,5377
Montana,Park County,15710,15651,15676,15539,15509,15629,15690,15828,15896,15738,15608,15512,15597,15705,15926,16013,16138,16392,16662,16612,16760,17525,17783,17938
Montana,Petroleum County,493,490,506,506,519,492,495,470,481,488,495,491,505,505,489,475,491,512,517,497,500,520,520,543
Montana,Phillips County,4568,4498,4383,4317,4295,4228,4166,4193,4182,4242,4249,4186,4123,4163,4174,4150,4121,4117,4047,3955,3919,4209,4223,4248
Montana,Pondera County,6384,6360,6285,6228,6140,6148,6172,6169,6117,6109,6160,6195,6152,6218,6140,6100,6024,5954,5936,5858,5782,6017,6093,6108
Montana,Powder River County,1847,1814,1834,1837,1789,1739,1794,1761,1756,1738,1741,1739,1754,1754,1777,1768,1747,1748,1729,1688,1681,1707,1725,1731
Montana,Powell County,7203,7033,6986,6893,6872,6997,7115,7117,7036,7093,7022,7084,7078,6953,6876,6793,6837,6785,6920,6854,6817,7023,7063,7122
Montana,Prairie County,1179,1208,1173,1168,1153,1098,1098,1083,1123,1139,1189,1141,1141,1163,1125,1140,1159,1097,1056,1064,1067,1096,1114,1115
Montana,Ravalli County,36301,36683,37308,38184,38739,39012,39555,40023,40223,39956,40308,40387,40596,40698,40786,41199,41975,42617,43377,44149,45002,46096,47177,47760
Montana,Richland County,9619,9424,9286,9195,9096,9207,9267,9356,9430,9679,9759,10151,10791,11173,11555,11931,11442,11101,10955,10943,11043,11330,11191,11094
Montana,Roosevelt County,10623,10558,10389,10344,10459,10437,10285,10166,10129,10334,10453,10496,10854,11087,11283,11416,11223,11156,11084,11027,10964,10788,10514,10327
Montana,Rosebud County,9399,9248,9196,9210,9136,9131,9057,9089,9095,9174,9254,9328,9349,9303,9327,9355,9263,9225,9047,8955,8836,8082,8122,8123
Montana,Sanders County,10287,10489,10466,10554,10895,11002,11178,11364,11433,11471,11382,11402,11379,11314,11316,11298,11472,11702,11744,11946,12157,12949,13396,13726
Montana,Sheridan County,4078,3952,3825,3697,3683,3573,3507,3469,3385,3387,3377,3418,3549,3626,3661,3673,3609,3461,3379,3318,3261,3572,3550,3490
Montana,Silver Bow County,34571,33882,33636,33474,33416,33414,33441,33489,33812,34008,34234,34420,34496,34610,34801,34746,34768,34859,34768,34901,35180,35510,35876,36193
Montana,Stillwater County,8247,8392,8441,8451,8435,8481,8659,8867,8945,9077,9121,9153,9161,9250,9230,9419,9349,9408,9496,9671,9888,9026,9194,9237
Montana,Sweet Grass County,3633,3594,3617,3591,3676,3675,3697,3778,3755,3731,3622,3584,3579,3657,3637,3618,3610,3668,3701,3717,3684,3702,3724,3749
Montana,Teton County,6436,6373,6286,6314,6209,6105,6110,6143,6143,6050,6081,6060,6058,6053,6035,6064,6017,6100,6121,6150,6249,6279,6349,6439
Montana,Toole County,5261,5228,5184,5006,5069,5130,5085,4969,5079,5245,5337,5157,5218,5125,5121,5083,4962,4872,4830,4709,4686,4987,5072,5128
Montana,Treasure County,854,836,793,784,799,766,759,748,754,720,713,709,717,688,684,680,678,668,667,697,695,768,749,767
Montana,Valley County,7653,7587,7512,7427,7422,7367,7272,7332,7415,7349,7359,7463,7506,7636,7636,7630,7548,7413,7409,7390,7359,7566,7560,7475
Montana,Wheatland County,2243,2174,2193,2131,2113,2086,2035,2080,2151,2158,2166,2131,2089,2121,2089,2110,2123,2143,2163,2102,2157,2039,2043,2068
Montana,Wibaux County,1072,1032,1028,1020,1019,995,984,1014,986,1030,1008,982,1034,1101,1084,1071,1043,1019,1029,954,939,936,924,904
Montana,Yellowstone County,129570,130801,132165,133715,135441,137623,139582,141518,144255,146465,148432,149805,151690,153857,155379,156658,158066,159425,160118,161349,162990,167448,169817,170727
Nebraska,Nebraska,1713820,1719836,1728292,1738643,1749370,1761497,1772693,1783440,1796378,1812683,1830429,1840914,1853691,1865813,1879955,1892059,1906483,1916998,1925512,1932571,1937552,1964537,1972246,1987864
Nebraska,Adams County,31154,31021,30716,30693,30740,30987,30910,30892,31160,31280,31388,31207,31351,31536,31400,31576,31723,31837,31513,31309,31321,30974,31023,30892
Nebraska,Antelope County,7435,7242,7229,7172,7063,6994,6836,6767,6704,6739,6664,6621,6551,6473,6421,6416,6347,6343,6305,6317,6264,6296,6299,6291
Nebraska,Arthur County,445,423,421,439,433,428,450,457,453,442,463,468,479,454,451,451,467,456,463,468,466,435,427,416
Nebraska,Banner County,819,808,769,763,749,731,733,715,677,686,690,659,688,682,673,715,722,732,728,757,786,689,656,671
Nebraska,Blaine County,583,564,551,545,515,492,493,463,456,477,478,475,498,469,489,476,468,479,475,455,457,463,448,431
Nebraska,Boone County,6214,6146,6053,5888,5813,5746,5623,5582,5548,5514,5500,5406,5428,5396,5355,5308,5341,5317,5211,5176,5096,5381,5366,5320
Nebraska,Box Butte County,12235,11985,11951,11719,11528,11422,11338,11409,11482,11347,11285,11298,11270,11302,11303,11327,11168,10842,10735,10786,10696,10658,10685,10705
Nebraska,Boyd County,2431,2390,2352,2304,2246,2219,2143,2109,2102,2075,2107,2080,2061,2017,2020,2004,1980,1956,1946,1894,1860,1782,1737,1739
Nebraska,Brown County,3534,3510,3497,3478,3441,3329,3319,3225,3149,3115,3154,3099,3054,2960,2976,2985,2981,3006,2963,2966,2981,2922,2894,2877
Nebraska,Buffalo County,42310,42418,42949,43251,43753,44131,44645,45060,45343,45970,46165,46826,47642,48013,48220,48605,49171,49400,49461,49823,50114,50310,50528,50696
Nebraska,Burt County,7786,7659,7486,7366,7399,7225,7122,6999,6967,6885,6847,6782,6683,6572,6548,6540,6526,6529,6482,6494,6477,6716,6790,6730
Nebraska,Butler County,8826,8878,8817,8716,8631,8479,8396,8375,8355,8387,8398,8255,8250,8228,8175,8053,7985,8028,8022,7990,7960,8452,8432,8442
Nebraska,Cass County,24365,24460,24602,24868,25074,25170,25240,25256,25322,25122,25291,25237,25125,25292,25401,25419,25629,25927,26137,26186,26232,27079,27169,27458
Nebraska,Cedar County,9604,9470,9391,9291,9246,9240,9060,8941,8839,8854,8837,8751,8699,8628,8546,8523,8600,8523,8459,8420,8414,8331,8366,8244
Nebraska,Chase County,4053,4003,4045,4090,4018,3983,3965,3913,3865,3921,3971,3986,4019,3984,3984,3966,3910,3922,3904,3901,3840,3827,3768,3761
Nebraska,Cherry County,6152,6060,6054,6031,6064,6039,5927,5834,5752,5683,5717,5732,5735,5759,5749,5831,5847,5818,5801,5757,5781,5453,5495,5527
Nebraska,Cheyenne County,9832,9943,9973,9935,9970,10125,9943,10139,10150,10032,9979,9993,10076,10075,10124,10150,10069,9654,9295,9011,9111,9504,9524,9549
Nebraska,Clay County,7029,6944,6899,6859,6795,6669,6609,6564,6543,6512,6543,6455,6385,6360,6316,6289,6134,6190,6208,6219,6216,6046,6070,6144
Nebraska,Colfax County,10452,10440,10478,10433,10457,10238,9993,9993,10083,10380,10558,10563,10550,10451,10662,10713,10726,10700,10714,10677,10587,10480,10645,10696
Nebraska,Cuming County,10169,10054,9962,9832,9709,9642,9440,9286,9215,9132,9140,9117,9084,9011,9018,9074,8939,8940,8913,8818,8798,8993,8970,8951
Nebraska,Custer County,11784,11593,11508,11388,11328,11248,11090,11005,11001,10999,10912,10905,10846,10830,10772,10831,10828,10873,10818,10796,10626,10495,10503,10612
Nebraska,Dakota County,20296,20331,20374,20488,20410,20191,20295,20564,20559,20924,21028,20810,20711,20761,20545,20548,20295,20075,20081,20100,20070,21287,21253,21340
Nebraska,Dawes County,9054,9162,9227,9306,9127,9087,9040,9181,9134,9218,9170,9208,9144,9072,9030,8974,8922,8897,8688,8557,8361,8147,8250,8145
Nebraska,Dawson County,24410,24359,24149,24175,24112,24085,24291,24178,24160,24212,24383,24204,23967,24003,23964,23870,23742,23640,23726,23571,23510,23935,24048,24393
Nebraska,Deuel County,2086,2085,2029,2027,2025,1999,1969,1982,1986,1941,1936,1957,1958,1919,1924,1908,1862,1858,1826,1816,1793,1849,1900,1879
Nebraska,Dixon County,6246,6156,6064,5984,5908,5961,5987,5993,6004,6013,6003,5996,5888,5813,5758,5769,5742,5744,5692,5636,5596,5561,5522,5530
Nebraska,Dodge County,36231,36143,36060,36184,36267,36442,36597,36647,36548,36604,36707,36928,36587,36491,36607,36566,36702,36778,36679,36444,36222,37141,37130,37477
Nebraska,Douglas County,464701,468125,471866,476701,482075,488114,493757,498743,504547,511902,518777,524264,530899,536923,543236,549313,555880,561099,566523,570860,574332,585534,587894,593645
Nebraska,Dundy County,2268,2179,2159,2170,2154,2091,2051,2010,1973,1997,2008,1976,1979,1955,1864,1771,1807,1786,1742,1686,1671,1629,1601,1565
Nebraska,Fillmore County,6607,6493,6376,6371,6281,6126,6053,5985,5940,5898,5889,5825,5710,5635,5601,5552,5619,5559,5531,5484,5519,5554,5529,5539
Nebraska,Franklin County,3544,3467,3484,3440,3411,3425,3352,3207,3167,3186,3235,3204,3183,3065,3048,2976,2996,2976,2991,2945,2940,2879,2834,2812
Nebraska,Frontier County,3085,3069,3037,2981,2990,2944,2879,2860,2786,2772,2743,2714,2719,2715,2721,2629,2651,2623,2598,2631,2587,2547,2624,2598
Nebraska,Furnas County,5299,5232,5261,5207,5112,5051,5016,4929,4873,4934,4958,4914,4884,4831,4852,4828,4751,4765,4694,4690,4653,4613,4573,4555
Nebraska,Gage County,22955,23039,23031,23056,23052,22866,22875,22843,22574,22364,22301,21911,21656,21767,21561,21718,21622,21644,21499,21542,21431,21629,21542,21637
Nebraska,Garden County,2289,2306,2284,2304,2245,2111,2120,2046,2004,2010,2065,2063,1984,1924,1909,1917,1904,1892,1891,1822,1847,1841,1837,1804
Nebraska,Garfield County,1899,1913,1945,1936,1955,1969,1984,1977,2001,2029,2047,2008,1994,2021,1999,2013,1991,1985,1969,1970,1956,1830,1783,1758
Nebraska,Gosper County,2146,2096,2100,2136,2112,2110,2075,2101,2049,2020,2047,1990,2078,2017,2004,2025,2026,2027,1987,1978,1986,1828,1831,1837
Nebraska,Grant County,736,743,726,697,680,676,677,660,653,619,610,635,626,635,628,648,666,651,670,631,630,580,587,567
Nebraska,Greeley County,2712,2700,2696,2662,2643,2577,2578,2538,2548,2502,2544,2534,2463,2482,2482,2435,2400,2362,2357,2368,2319,2180,2237,2218
Nebraska,Hall County,53569,53508,53722,54050,54413,54535,55190,55742,56795,57955,58814,59508,60105,60498,61103,61135,61404,61294,61510,61454,61028,62085,62292,62658
Nebraska,Hamilton County,9377,9307,9323,9349,9319,9269,9196,9204,9157,9113,9132,9079,9042,9123,9101,9138,9167,9193,9213,9285,9237,9388,9439,9528
Nebraska,Harlan County,3764,3732,3677,3717,3633,3558,3522,3511,3435,3406,3424,3436,3411,3487,3468,3440,3441,3415,3363,3372,3311,3095,3023,3046
Nebraska,Hayes County,1070,1088,1098,1092,1063,1051,994,977,986,987,958,952,919,947,910,916,896,895,912,911,916,843,864,840
Nebraska,Hitchcock County,3103,3095,3056,3047,3055,2954,2956,2931,2927,2906,2904,2857,2871,2852,2878,2878,2820,2804,2786,2759,2773,2602,2611,2550
Nebraska,Holt County,11487,11346,11210,11042,10868,10839,10613,10541,10399,10406,10434,10443,10378,10382,10361,10266,10229,10195,10152,10084,9956,10063,10069,10152
Nebraska,Hooker County,773,745,731,737,748,744,751,732,734,733,738,743,718,731,722,714,684,666,670,668,647,735,680,677
Nebraska,Howard County,6523,6448,6427,6509,6465,6432,6357,6333,6261,6288,6273,6295,6296,6335,6350,6378,6394,6391,6446,6423,6488,6525,6521,6564
Nebraska,Jefferson County,8324,8288,8253,8157,8117,8025,7970,7765,7684,7602,7517,7553,7536,7511,7299,7224,7167,7161,7062,7020,7099,7160,7151,7097
Nebraska,Johnson County,4506,4491,4927,5102,5372,5257,5257,5163,5203,5199,5231,5218,5187,5166,5222,5239,5206,5170,5105,5050,5057,5314,5264,5215
Nebraska,Kearney County,6889,6842,6785,6800,6776,6698,6614,6624,6554,6476,6492,6548,6509,6487,6590,6560,6568,6528,6587,6607,6652,6689,6708,6727
Nebraska,Keith County,8839,8767,8757,8514,8444,8418,8381,8423,8290,8320,8367,8245,8234,8173,8195,8159,8121,8097,8020,8021,7983,8259,8205,8155
Nebraska,Keya Paha County,981,966,957,964,942,904,892,857,836,820,824,819,797,790,795,797,790,790,794,784,759,797,801,804
Nebraska,Kimball County,4060,4055,4046,3960,3921,3925,3879,3809,3761,3799,3820,3807,3802,3694,3725,3715,3672,3567,3549,3597,3495,3408,3344,3316
Nebraska,Knox County,9336,9177,9108,9065,9025,8897,8846,8862,8708,8700,8693,8575,8578,8555,8478,8472,8502,8447,8410,8337,8304,8414,8356,8341
Nebraska,Lancaster County,251523,254630,258398,262667,265087,268868,272286,276012,279605,283097,286141,289963,293515,297232,302775,306293,310561,313892,316372,318403,320650,323407,325252,328794
Nebraska,Lincoln County,34660,34669,34525,34776,35177,35577,35973,36011,36301,36280,36270,36035,35979,35946,35661,35519,35528,35299,35182,34856,34347,34079,33619,33457
Nebraska,Logan County,773,780,764,737,738,747,756,751,730,738,770,779,785,777,767,791,797,768,751,750,747,688,691,661
Nebraska,Loup County,709,715,736,722,669,652,635,649,630,629,634,617,605,587,596,606,616,604,620,659,650,600,597,587
Nebraska,McPherson County,532,534,549,538,531,522,518,545,558,537,538,551,509,528,510,489,503,493,494,493,474,380,374,377
Nebraska,Madison County,35230,35601,35862,35858,35722,35631,35415,34298,34319,34609,34960,35012,35088,35155,35087,35001,34951,35128,35166,35059,34813,35397,35427,35727
Nebraska,Merrick County,8152,8045,8054,8033,8018,7904,7813,7709,7734,7813,7851,7762,7848,7834,7791,7806,7852,7877,7774,7818,7809,7666,7709,7746
Nebraska,Morrill County,5420,5344,5225,5202,5147,5110,5090,5122,5079,5019,5046,4985,4936,4929,4921,4928,4858,4794,4653,4624,4625,4570,4528,4531
Nebraska,Nance County,4054,4039,3948,3842,3787,3831,3807,3766,3745,3729,3730,3732,3675,3559,3528,3574,3562,3558,3492,3482,3532,3380,3323,3261
Nebraska,Nemaha County,7578,7446,7330,7215,7182,7252,7311,7220,7280,7178,7258,7241,7155,7152,7132,7007,6980,6962,6963,6943,7044,7008,7028,7064
Nebraska,Nuckolls County,5032,4947,4844,4873,4872,4796,4709,4642,4571,4495,4497,4448,4431,4385,4349,4323,4273,4269,4190,4152,4134,4071,4076,4103
Nebraska,Otoe County,15494,15554,15524,15478,15525,15607,15753,15841,15728,15608,15773,15740,15689,15686,15781,15844,15930,15946,15991,15993,15965,16022,16243,16448
Nebraska,Pawnee County,3088,3020,3020,2907,2907,2884,2802,2791,2711,2752,2777,2791,2793,2752,2728,2693,2704,2624,2632,2639,2601,2542,2536,2511
Nebraska,Perkins County,3181,3125,3119,3082,3134,3145,3041,3013,2949,2937,2975,2944,2929,2890,2874,2933,2898,2885,2911,2884,2867,2821,2844,2802
Nebraska,Phelps County,9733,9704,9684,9576,9535,9402,9405,9222,9195,9148,9199,9141,9208,9179,9162,9218,9199,9052,9003,8991,9006,8922,9007,9099
Nebraska,Pierce County,7824,7731,7627,7615,7477,7508,7416,7314,7286,7260,7266,7192,7183,7176,7200,7188,7134,7091,7117,7136,7184,7316,7326,7304
Nebraska,Platte County,31500,31319,30939,30756,30658,30865,31100,31408,31527,32017,32324,32518,32672,32598,32744,32869,32986,33226,33259,33413,33364,34305,34452,35034
Nebraska,Polk County,5610,5533,5556,5529,5466,5473,5409,5447,5402,5409,5395,5336,5265,5241,5267,5169,5182,5299,5200,5154,5201,5193,5234,5212
Nebraska,Red Willow County,11487,11483,11436,11336,11351,11219,11194,11053,11034,11018,11045,11051,11047,11057,10909,10895,10782,10765,10732,10720,10627,10621,10557,10512
Nebraska,Richardson County,9507,9260,9125,8949,8879,8799,8642,8480,8413,8383,8350,8341,8285,8134,8112,8026,8013,7980,7927,7854,7791,7785,7736,7708
Nebraska,Rock County,1743,1709,1674,1600,1597,1557,1552,1551,1554,1550,1517,1480,1426,1440,1449,1417,1405,1419,1354,1370,1377,1276,1234,1259
Nebraska,Saline County,13880,14004,14110,14232,14206,14136,13987,14069,14048,14166,14219,14324,14412,14294,14291,14193,14228,14368,14327,14194,13987,14522,14621,14651
Nebraska,Sarpy County,123309,126442,129496,132017,136339,140239,144070,148214,152762,156147,159709,162597,165710,169064,171942,175294,178457,181468,184106,186893,188856,193853,196606,200477
Nebraska,Saunders County,19852,19962,19925,20104,20248,20460,20411,20483,20446,20515,20858,20839,20799,20878,20863,20953,20977,21035,21280,21562,21927,22832,23159,23471
Nebraska,Scotts Bluff County,37012,36561,36572,36468,36278,36277,36223,36338,36536,36677,37072,36965,36923,36878,36467,36273,36439,36175,35923,35582,35299,35909,35798,35721
Nebraska,Seward County,16519,16607,16574,16527,16681,16601,16654,16490,16653,16536,16807,16707,16899,16997,17016,16998,17095,17204,17281,17318,17186,17555,17623,17646
Nebraska,Sheridan County,6165,5995,5995,5842,5851,5726,5649,5592,5500,5498,5452,5361,5330,5213,5254,5220,5238,5281,5175,5229,5150,5091,5015,4932
Nebraska,Sherman County,3298,3289,3228,3222,3255,3239,3148,3145,3147,3129,3152,3103,3079,3062,3034,3036,3006,3072,3029,2984,2986,2964,3000,2970
Nebraska,Sioux County,1471,1406,1443,1489,1438,1437,1409,1404,1360,1324,1304,1314,1319,1326,1317,1272,1256,1194,1181,1158,1200,1147,1129,1151
Nebraska,Stanton County,6416,6374,6453,6437,6426,6376,6363,6248,6145,6157,6124,6176,6092,6089,6099,5946,5972,5978,5969,5932,5880,5830,5748,5825
Nebraska,Thayer County,6030,5884,5723,5625,5495,5454,5312,5308,5253,5210,5229,5169,5143,5178,5212,5129,5087,5035,5017,4976,4887,4892,4866,4855
Nebraska,Thomas County,733,717,691,689,664,661,659,667,661,655,641,697,700,704,700,692,719,720,711,723,739,679,667,675
Nebraska,Thurston County,7139,7085,6989,6987,6943,7009,6947,6925,6821,6866,6975,6908,6931,6878,6967,7077,7141,7201,7296,7234,7220,6627,6549,6562
Nebraska,Valley County,4649,4623,4541,4581,4482,4395,4367,4327,4228,4228,4268,4227,4216,4181,4217,4167,4191,4214,4175,4117,4103,4065,4064,4029
Nebraska,Washington County,18803,19134,19264,19510,19589,19861,20056,20203,20101,20124,20257,19920,19951,19855,19935,19925,20217,20330,20599,20683,20901,20991,21175,21182
Nebraska,Wayne County,9854,9788,9664,9689,9612,9654,9720,9506,9481,9552,9607,9456,9507,9448,9412,9375,9427,9260,9346,9413,9492,9870,9898,9882
Nebraska,Webster County,4045,4017,3970,3952,3949,3902,3846,3859,3771,3788,3809,3756,3734,3644,3645,3594,3575,3508,3517,3465,3419,3404,3334,3344
Nebraska,Wheeler County,885,858,837,815,811,832,826,837,831,809,819,815,797,779,786,779,803,814,795,780,790,785,784,787
Nebraska,York County,14553,14438,14230,14175,13952,14021,14130,14078,13881,13689,13652,13787,13839,13856,13922,13804,13741,13764,13726,13612,13511,14245,14319,14386
Nevada,Nevada,2018741,2098399,2173791,2248850,2346222,2432143,2522658,2601072,2653630,2684665,2704642,2713114,2744670,2776956,2818935,2868531,2919555,2972097,3030725,3090771,3138259,3148141,3176116,3214363
Nevada,Churchill County,24024,24342,24155,24026,24226,24593,24842,24961,25049,25067,24810,24607,24267,23956,23864,24006,23957,24088,24574,25048,25363,25674,25828,25915
Nevada,Clark County,1393909,1460500,1522962,1584166,1662773,1729522,1803774,1867817,1912349,1939407,1954260,1962162,1989644,2017798,2053929,2097832,2140240,2183273,2228970,2275884,2315963,2296651,2321961,2354285
Nevada,Douglas County,41443,42327,43436,44524,46388,46731,46855,47166,47270,46965,46956,46982,46930,46956,47406,47422,47805,48014,48527,48998,49088,50008,49592,49422
Nevada,Elko County,45233,45063,44173,43693,43830,44760,46108,47423,47634,48445,48926,49463,50998,52378,52616,51756,52022,52307,52470,52880,53006,53868,53943,54383
Nevada,Esmeralda County,978,966,926,885,879,886,883,829,820,806,770,770,791,847,834,847,839,858,827,870,886,738,744,725
Nevada,Eureka County,1632,1641,1629,1505,1470,1467,1579,1683,1778,1926,2002,1977,1991,2050,1994,2040,1943,1959,2019,2078,2065,1909,1862,1898
Nevada,Humboldt County,15868,15211,14776,14630,14912,15046,15420,15658,15958,16290,16606,16640,17078,17365,17230,17033,16814,16734,16778,16884,16962,17634,17262,17160
Nevada,Lander County,5702,5450,5180,5017,5086,5117,5307,5439,5521,5660,5799,5840,5922,6064,5980,5885,5700,5584,5512,5516,5514,5761,5769,5809
Nevada,Lincoln County,4179,4194,4294,4366,4401,4612,4729,4859,5106,5246,5362,5269,5369,5268,5201,5135,5143,5179,5225,5179,5159,4396,4421,4424
Nevada,Lyon County,34809,36012,37573,39646,42534,46228,49827,51725,52156,51819,52049,51393,50981,51114,51359,51999,52770,53945,55800,57499,58319,60971,61589,62656
Nevada,Mineral County,4999,4852,4716,4750,4892,4880,4864,4880,4781,4769,4768,4634,4663,4561,4473,4423,4382,4458,4560,4516,4518,4619,4538,4524
Nevada,Nye County,32914,33684,34433,35525,37287,40027,42530,44279,44367,44446,43769,43981,43604,42905,42877,43008,43295,44046,45328,46845,48054,53339,54710,55708
Nevada,Pershing County,6672,6597,6636,6519,6533,6580,6653,6715,6665,6731,6751,6609,6752,6846,6703,6620,6582,6475,6696,6628,6573,6430,6446,6403
Nevada,Storey County,3393,3382,3332,3411,3531,3830,3913,4000,4099,4065,4002,3905,3838,3795,3801,3881,4004,4001,4027,4193,4207,4143,4165,4171
Nevada,Washoe County,341389,351959,362374,372302,382777,392716,400453,408724,414793,417722,422528,424066,427490,431255,436515,442617,449990,456864,464593,472381,477082,494380,496458,500159
Nevada,White Pine County,9029,8747,8693,8651,8708,9166,9511,9626,9732,9900,10058,10129,10022,10052,10041,9875,9746,9628,9532,9478,9466,8850,8734,8495
Nevada,Carson City,52568,53472,54503,55234,55995,55982,55410,55288,55552,55401,55226,54687,54330,53746,54112,54152,54323,54684,55287,55894,56034,58770,58094,58226
New Hampshire,New Hampshire,1239882,1255517,1269089,1279840,1290121,1298492,1308389,1312540,1315906,1316102,1316759,1320444,1324677,1327272,1334257,1337480,1343694,1350395,1355064,1360783,1366275,1387677,1396678,1402199
New Hampshire,Belknap County,56473,57597,58609,59497,60170,60287,60105,60109,60239,60171,60085,60339,60450,60257,60313,60408,60774,60907,61242,61398,61551,64598,64647,65019
New Hampshire,Carroll County,43907,44200,45074,45697,46496,46652,47421,47829,48013,47763,47836,47691,47716,47548,47470,47442,47527,48176,48690,48745,49167,51735,52094,52373
New Hampshire,Cheshire County,73953,74372,75047,76135,76709,77061,77658,77745,77472,77302,77049,76965,76957,76787,76514,76390,76104,76062,75925,75880,76228,76849,77386,77632
New Hampshire,Coos County,33158,33113,33234,33462,33589,33845,33814,33751,33488,33224,32950,32512,31980,31952,32787,32351,31923,31418,31490,31421,31174,31387,31430,31209
New Hampshire,Grafton County,81868,82233,83152,84211,85312,86287,87236,87764,88745,88926,89108,89304,89673,89975,90041,89566,90212,90176,90206,90369,90691,90508,92943,92909
New Hampshire,Hillsborough County,382162,387414,389665,391461,394428,396381,398169,398843,399556,400148,401057,402832,404439,405417,407455,409229,411591,413545,414917,417738,418735,424475,426307,427719
New Hampshire,Merrimack County,136576,138309,140880,142548,143841,145195,146609,147024,147170,146723,146400,146894,147149,147555,148252,148770,149246,150054,150981,151606,152622,154627,156241,157059
New Hampshire,Rockingham County,278599,282932,286218,287893,289103,291190,293618,294132,294996,295083,295360,296241,298250,299603,301596,302975,304748,306970,308377,309647,311307,318349,319298,320665
New Hampshire,Strafford County,112643,114382,115811,116846,117926,118681,120363,121735,122460,123034,123198,124157,124823,125109,126652,127174,128481,130034,130042,130716,131533,131540,132451,133608
New Hampshire,Sullivan County,40543,40965,41399,42090,42547,42913,43396,43608,43767,43728,43716,43509,43240,43069,43177,43175,43088,43053,43194,43263,43267,43609,43881,44006
New Jersey,New Jersey,8430621,8492671,8552643,8601402,8634561,8651974,8661679,8677885,8711090,8755602,8801624,8828552,8845671,8857821,8867277,8870312,8873584,8888147,8891730,8891258,8882371,9270541,9295227,9379642
New Jersey,Atlantic County,253674,255737,259263,263285,267723,270332,271759,272303,273014,274049,274685,274635,274657,274360,272634,270206,267212,265446,263994,263653,262945,274991,276111,276937
New Jersey,Bergen County,885180,888782,890647,892214,893378,891446,889406,890817,895328,900319,906541,912024,916299,920021,923475,926481,928381,932449,932897,932256,930394,955510,957235,966484
New Jersey,Burlington County,424453,429727,436445,442434,446548,447245,448373,447560,446831,447391,449149,450250,450667,448992,449806,447906,447092,446229,445429,446160,446596,464547,466710,470561
New Jersey,Camden County,506707,506326,507899,508563,510137,511982,513195,513546,513853,513668,513607,512610,511636,509983,508409,507760,507119,506488,506685,506503,506809,524176,525395,529576
New Jersey,Cape May County,102314,102023,101694,101710,100482,99269,98695,97686,97550,97238,97253,96522,96267,95540,94961,94330,93825,93283,92604,92247,91546,95720,95415,94643
New Jersey,Cumberland County,146263,146451,147294,148437,149837,152022,153371,154489,155738,156531,157149,157028,156862,155912,155887,154580,153003,151147,150274,148995,147008,152100,151686,153338
New Jersey,Essex County,792253,794312,795625,795167,791305,786341,781027,778996,778165,781943,784228,785576,785092,786685,788796,790546,793073,797222,800530,802162,800501,854416,854738,864310
New Jersey,Gloucester County,256524,258783,262909,267445,271714,275122,280015,284086,286072,287362,288581,289703,289839,289935,290742,291022,290795,291088,291754,291842,293245,304636,306936,308840
New Jersey,Hudson County,610135,616629,615554,614813,614607,614664,613577,613637,619533,628572,635294,645658,652373,657101,660312,664595,668673,672858,672390,674030,671666,703545,708657,721320
New Jersey,Hunterdon County,122579,124500,125892,126935,127583,128072,128535,128568,128449,128364,128373,127348,126658,126443,125902,125569,124976,125076,125265,125201,124797,129691,129977,130633
New Jersey,Mercer County,351465,353816,355935,358724,361248,362015,362840,363088,364119,365388,366789,367407,368628,369534,369031,368266,367929,368489,368720,368047,367239,382231,382165,386296
New Jersey,Middlesex County,752880,761770,769280,775973,781582,787329,786890,792137,799191,805204,810986,815253,819389,821811,824331,825471,825298,826972,825677,824394,822736,862513,866241,876119
New Jersey,Monmouth County,616849,620563,624532,627413,628605,627838,626934,626644,627348,628669,630966,629144,627682,626964,625581,624180,623055,622122,620859,619687,618381,646531,644994,644941
New Jersey,Morris County,471326,473515,477234,481000,483997,485472,487486,488355,489743,490779,492694,494801,495623,496050,494931,494370,493831,493994,493084,491577,491087,510691,512685,517738
New Jersey,Ocean County,513608,523357,536069,545093,551262,556012,561302,565356,569485,573123,577603,578922,580013,582166,584563,587238,591142,595564,601649,607498,614237,649990,656386,660445
New Jersey,Passaic County,490733,493252,494571,494915,493981,493600,492730,492886,494904,498641,501860,503257,503531,503815,504483,504556,504001,504403,503192,501838,500382,518494,516287,520219
New Jersey,Salem County,64177,64069,64434,64345,64835,65388,65831,65864,65974,66183,66058,65880,65427,64801,64342,63754,63256,62944,62776,62341,62451,65062,65167,65429
New Jersey,Somerset County,298761,301671,305255,307902,310424,312617,314993,317128,318856,321564,324194,326277,327462,329052,329378,329682,330003,330650,330772,329998,329331,346562,348319,352095
New Jersey,Sussex County,144714,146004,147712,149260,149906,150192,150508,150600,150145,149487,149239,148185,147003,145672,144639,143059,142004,141267,140995,140710,140002,145741,145638,146294
New Jersey,Union County,523124,526183,527625,527611,526916,526161,525153,524960,527528,532434,537661,539918,542977,546051,548052,549954,552814,554695,556475,556664,555394,572930,573600,582080
New Jersey,Warren County,102902,105201,106774,108163,108491,108855,109059,109179,109264,108693,108714,108154,107586,106933,107022,106787,106102,105761,105709,105455,105624,110464,110885,111344
New Mexico,New Mexico,1821204,1831690,1855309,1877574,1903808,1932274,1962137,1990070,2010662,2036802,2065932,2080707,2087715,2092833,2090236,2090071,2092555,2092844,2093754,2099634,2106319,2117333,2113868,2121164
New Mexico,Bernalillo County,557601,564241,576532,587049,600449,615320,628632,638978,646879,655279,664639,670356,673725,676467,676120,676440,677883,678280,677929,679425,681666,675410,673039,672572
New Mexico,Catron County,3567,3488,3501,3456,3468,3425,3573,3638,3631,3689,3730,3716,3634,3586,3550,3480,3525,3557,3523,3507,3623,3716,3793,3803
New Mexico,Chaves County,61317,60928,60768,61248,61478,62172,62486,63587,64378,65110,65779,65721,65780,66033,65839,65856,65684,65091,64488,64586,64711,64660,63907,63668
New Mexico,Cibola County,25633,26488,26592,26940,27167,27204,27032,27258,27259,27097,27247,27492,27421,27414,27156,27046,27061,26921,26797,26681,26354,27060,26771,26741
New Mexico,Colfax County,14202,14140,14215,14088,14093,14031,13982,13933,13764,13731,13726,13620,13245,13067,12703,12434,12261,12178,12097,12068,11927,12348,12289,12312
New Mexico,Curry County,44991,44964,45133,45385,46640,46981,47018,46588,45512,46555,48949,49836,50830,50810,51153,50344,50334,49889,49413,49083,48793,47950,47391,47321
New Mexico,De Baca County,2218,2174,2158,2132,2062,2098,1994,1995,2000,2002,2022,2001,1958,1931,1865,1877,1838,1810,1781,1741,1673,1682,1697,1672
New Mexico,Doña Ana County,175098,176496,178464,182045,184939,189199,193701,197853,200855,205401,210538,213123,214452,214285,213938,214028,214664,216218,217470,218864,221262,221756,223604,226534
New Mexico,Eddy County,51399,50765,51002,51036,51242,50732,51366,51923,52566,53578,53890,54082,54437,55694,56720,57756,57669,57128,57718,58394,58418,60870,60221,60654
New Mexico,Grant County,30882,30692,30165,29485,29038,29281,29503,29841,29921,29865,29399,29350,29260,29109,28876,28369,28061,27671,27274,26941,27007,27907,27699,27512
New Mexico,Guadalupe County,4693,4791,4771,4875,4731,4713,4701,4759,4701,4637,4693,4626,4593,4536,4446,4355,4387,4418,4323,4278,4275,4424,4324,4334
New Mexico,Harding County,801,781,745,763,782,756,749,732,690,700,691,712,700,689,691,717,685,681,649,636,638,633,627,643
New Mexico,Hidalgo County,5766,5439,5272,5127,5028,4955,4921,5005,5022,5019,4854,4845,4783,4627,4551,4441,4327,4303,4233,4203,4106,4085,4012,3979
New Mexico,Lea County,55264,55377,56340,56643,57471,58331,59541,61058,62737,64483,64698,65135,66374,68631,70178,71480,70275,69031,69538,71123,71830,73070,72300,73503
New Mexico,Lincoln County,19477,19333,19467,19930,20242,20453,20588,20442,20458,20521,20500,20411,20202,19987,19610,19365,19423,19502,19608,19730,19939,20403,20339,20047
New Mexico,Los Alamos County,18263,17610,18060,18408,18416,18407,18477,18281,17924,17742,18031,18237,18248,17970,17830,17848,18241,18778,19018,19383,19462,19397,19259,19420
New Mexico,Luna County,24908,24593,24630,24762,24822,25102,25303,25328,25375,25119,25133,25106,24922,24599,24430,24370,24373,24154,23904,23775,23905,25471,25677,25573
New Mexico,McKinley County,74563,74387,72868,71545,71500,70666,70541,69959,70449,70567,71797,72340,72379,72682,72814,73485,73040,72463,71974,71478,70824,71468,70084,69073
New Mexico,Mora County,5196,5166,5151,5145,5061,5002,4992,4964,4909,4859,4889,4782,4683,4694,4612,4609,4531,4530,4472,4490,4478,4190,4142,4125
New Mexico,Otero County,62151,61277,61194,61371,62662,62533,62200,62466,62498,62462,64284,65659,66240,66347,65394,64838,65723,66158,66599,67572,67967,68499,68650,69354
New Mexico,Quay County,10012,9791,9638,9541,9306,9131,9036,8996,8978,8920,9078,9044,8806,8675,8467,8449,8391,8291,8203,8243,8197,8620,8536,8553
New Mexico,Rio Arriba County,41197,40870,40717,40416,40342,40198,40335,40268,40008,40023,40339,40241,40191,40059,39726,39358,39225,39204,38979,38883,38521,40219,39986,39921
New Mexico,Roosevelt County,18007,18377,18627,18722,18856,19093,19186,19359,19074,19192,20050,20429,20322,20033,19659,19157,19163,18889,18713,18501,18350,18998,18896,18879
New Mexico,Sandoval County,91251,93440,96263,99350,102583,107436,114231,120401,125368,128985,132330,134347,135415,136356,137076,138586,140583,142832,145407,147045,148904,151509,153509,155943
New Mexico,San Juan County,114131,115745,119430,121553,123179,124809,125028,126149,126905,129359,130145,129732,129792,129509,129143,128324,128011,127039,125652,124027,123312,121019,120580,120907
New Mexico,San Miguel County,30052,29788,29707,29530,29547,29621,29388,29259,29234,29336,29387,29352,29094,28825,28501,28223,27999,27737,27512,27337,27144,27162,26899,26633
New Mexico,Santa Fe County,129713,131057,133555,135213,136391,137610,138786,140210,141704,143205,144606,145876,146774,147545,147876,148199,148884,149687,150128,150951,151946,155429,155768,156507
New Mexico,Sierra County,13209,12960,12672,12703,12382,12120,11997,11812,11914,11940,12026,12027,11858,11531,11277,11252,11129,11094,10963,10886,10867,11524,11485,11535
New Mexico,Socorro County,18002,17907,17769,17997,17944,18052,18081,17995,17966,17927,17850,17777,17471,17507,17255,17148,16989,16825,16649,16613,16541,16304,16142,16028
New Mexico,Taos County,30080,30236,30844,31307,31675,31850,32170,32485,32467,32792,32957,32896,32767,32961,32967,32806,32925,32811,32708,32752,32593,34688,34594,34484
New Mexico,Torrance County,16915,16660,16520,16879,17184,16702,16728,16559,16257,16414,16375,16447,16153,15821,15662,15592,15466,15510,15481,15442,15486,15311,15398,15699
New Mexico,Union County,4192,4138,4138,4080,4107,4198,4210,4286,4380,4523,4541,4416,4408,4354,4259,4174,4166,4194,4099,4043,4026,4099,3996,3972
New Mexico,Valencia County,66453,67591,68401,68850,69021,70093,71661,73703,74879,75770,76759,76973,76798,76499,75892,75665,75639,75970,76452,76953,77574,77452,78254,79263
New York,New York,19001780,19082838,19137800,19175939,19171567,19132610,19104631,19132335,19212436,19307066,19392283,19499921,19574362,19626488,19653431,19657321,19636391,19593849,19544098,19463131,19336776,19848276,19703747,19737367
New York,Albany County,295106,296232,298283,301085,302173,302791,303997,303858,303739,304733,303833,304627,305776,306661,307246,307521,307810,307919,306691,304752,303654,316817,316287,318000
New York,Allegany County,49819,50079,50014,50165,50311,49768,49359,49079,49177,48969,48943,48808,48221,47918,47671,47352,47063,46669,46286,45915,45587,46962,46850,47327
New York,Bronx County,1334319,1346555,1358739,1362373,1358963,1351736,1348164,1354056,1363488,1376261,1386657,1396954,1411087,1421498,1430474,1439480,1443678,1439956,1432316,1418187,1401142,1420392,1384189,1375266
New York,Broome County,200351,200868,201438,201037,200974,200477,200905,200877,201029,200935,200272,199367,198689,197953,197295,195981,194575,193255,192222,190737,189420,198596,197340,196383
New York,Cattaraugus County,83927,83346,83301,83335,82864,82039,81342,81056,80761,80491,80229,79820,79354,79003,78690,77941,77711,77199,76748,76230,75863,76551,76036,75680
New York,Cayuga County,81871,81313,81401,81395,81284,81104,80892,80629,80482,80172,79978,79707,79524,79112,78782,78323,77696,77495,77121,76450,76029,75457,74758,74575
New York,Chautauqua County,139593,138730,138346,137587,137174,136139,135640,135481,135229,135197,134768,134227,133333,132884,131792,130582,129310,128424,127516,126636,126032,126192,125310,124742
New York,Chemung County,91094,90780,90613,90154,89777,88860,88732,88634,88503,88849,88824,88916,89162,88230,87239,86771,85692,84825,84033,83404,82622,83064,81598,81279
New York,Chenango County,51325,51109,51205,51393,51297,51154,51391,51463,51326,50639,50405,50196,49898,49489,49339,48794,48325,47842,47502,47234,46730,46572,46301,45875
New York,Clinton County,79891,80320,80707,81396,81803,82233,82547,82556,82401,82280,82115,81735,81730,81544,81497,80759,80521,80595,80675,80031,79778,79018,77978,77883
New York,Columbia County,63046,62953,63182,63304,63646,63717,63427,63430,63253,63023,63073,62532,62450,62153,61956,61451,60801,60312,59852,59582,59534,61977,61187,60616
New York,Cortland County,48693,48903,48891,49475,49628,49330,49449,49624,49537,49358,49294,49382,49028,48913,48747,48299,47950,47834,47721,47410,47173,46443,46133,45957
New York,Delaware County,47864,47771,47666,47930,48283,48377,48271,48450,48363,48182,47832,47584,47217,46806,46567,45895,45399,45061,44624,44356,43938,44730,44769,44514
New York,Dutchess County,280914,284712,287700,290781,292859,294362,294712,295319,296267,296887,297577,298141,297028,296292,295162,294105,293065,293512,293814,293934,293293,298816,298186,298224
New York,Erie County,949440,946515,943551,941846,938333,931745,925564,921887,920571,919334,918652,919901,919998,921015,921934,920858,918992,919378,919941,918813,917241,953023,948745,948386
New York,Essex County,38911,38893,39195,39334,39295,39321,39490,39373,39435,39478,39302,39277,38884,38610,38333,37973,37695,37521,37309,36987,36891,37246,36788,36796
New York,Franklin County,51044,50925,50924,51228,51197,51257,51511,51782,51907,51706,51579,51544,51791,51222,51110,50552,51073,50478,50325,50102,49965,46797,46072,46276
New York,Fulton County,54976,54904,54988,55081,55233,55301,55328,55489,55584,55558,55526,55116,54851,54353,53940,53812,53643,53815,53654,53336,52812,52751,52245,52253
New York,Genesee County,60539,60321,60289,60412,60224,60068,59919,59930,59895,59932,60082,59894,59684,59127,58745,58488,58024,57828,57509,57414,56994,57902,57482,57634
New York,Greene County,47986,47976,48177,48416,48755,49142,49513,49537,49467,49372,49159,48858,48589,48308,47963,47621,47481,47403,47401,47211,47177,47898,47388,47096
New York,Hamilton County,5377,5312,5232,5181,5158,5093,4987,4969,4893,4858,4831,4827,4803,4766,4701,4700,4558,4477,4453,4438,4345,5114,5108,5070
New York,Herkimer County,64451,64274,63971,64080,64332,64292,64029,64343,64404,64381,64502,64388,64232,63888,63393,62659,62434,62193,61760,61356,60945,60020,59576,59571
New York,Jefferson County,111790,111422,111112,110246,109924,113486,113650,115059,115033,115023,116582,117809,120335,118617,118121,116539,113280,113488,112266,110143,108095,116925,115487,113575
New York,Kings County,2467006,2477252,2480559,2472999,2459094,2445809,2436132,2441324,2460361,2487751,2508340,2540918,2568538,2587759,2601527,2608797,2608146,2594357,2580088,2562329,2538934,2634268,2596607,2592937
New York,Lewis County,26989,26951,26618,26692,26661,26773,27001,27086,26878,27047,27072,27021,27190,27092,27085,26824,26656,26606,26503,26329,26187,26721,26602,26584
New York,Livingston County,64705,65088,65118,65130,65484,65322,65357,65460,65637,65420,65333,64834,64780,64612,64574,64336,64013,63503,63281,62893,62398,61698,61385,61248
New York,Madison County,69450,69852,70261,71010,71397,71471,72042,72709,73075,73169,73439,72898,72438,72490,72251,71779,71426,70993,71180,70875,70478,67402,67062,67152
New York,Monroe County,738979,739891,741391,741671,741075,738506,738329,739249,741018,743386,744389,746821,747468,748456,747583,745847,744150,743528,744239,742605,740900,756089,751827,750901
New York,Montgomery County,49605,49472,49298,49449,49460,49505,49724,49798,49951,50001,50250,49919,49836,49754,49689,49576,49242,49203,49502,49355,49170,49490,49434,49580
New York,Nassau County,1336713,1337086,1339572,1339761,1337964,1332318,1324905,1322048,1325129,1332088,1341245,1346207,1349753,1352355,1354851,1354987,1356067,1357260,1357423,1356073,1351334,1392058,1386825,1386052
New York,New York County,1540547,1555729,1555382,1562154,1569947,1573573,1578171,1581402,1587022,1583431,1586698,1608717,1624573,1628379,1631733,1637327,1636721,1632337,1632393,1632326,1611989,1576787,1597103,1633229
New York,Niagara County,219620,218552,218127,218072,217737,216818,216148,215791,215793,216043,216546,215726,214724,214125,213331,212391,211555,210911,210300,209563,208396,211754,210466,209684
New York,Oneida County,235146,234247,234078,234243,234654,234282,234229,234488,234482,234619,234845,234226,233778,233370,232634,231315,230372,229980,229431,228240,227346,229660,228502,228010
New York,Onondaga County,458034,458576,459484,460961,461412,460910,460925,461287,463472,465633,467204,467679,467138,468302,467472,466320,464139,461843,461890,460870,459214,471959,470432,469226
New York,Ontario County,100106,100819,101763,102625,103385,104259,104644,105216,106302,107214,108116,108616,108641,109081,109378,109324,109348,109652,109962,109984,110091,112648,112509,112605
New York,Orange County,342892,347674,352975,358727,362934,364522,366908,368464,370201,372079,373355,374171,373795,374417,374945,375911,377894,379896,382411,384950,385234,405214,406677,408427
New York,Orleans County,44178,43898,43660,43593,43682,43475,43420,43342,43254,42975,42854,42653,42396,42233,41864,41482,41270,40815,40708,40351,39978,39566,39329,39390
New York,Oswego County,122477,122269,122496,123120,123340,122640,122354,122213,122366,122055,122114,121987,121469,121187,120611,119764,118907,118444,117520,116934,116346,118010,118110,117889
New York,Otsego County,61860,61924,62093,62567,62934,63069,63032,62914,62561,62280,62232,61979,61763,61637,60973,60524,60135,59955,59828,59347,58701,60722,60408,60519
New York,Putnam County,96049,97055,98263,98964,99468,99575,99357,99454,99537,99666,99713,99805,99600,99546,99407,99158,98753,98901,98871,98511,98532,98235,98274,97988
New York,Queens County,2230501,2231316,2224507,2214608,2198516,2185222,2173862,2177351,2193623,2217166,2233841,2255261,2271920,2286788,2298234,2305252,2306249,2295226,2275286,2253942,2225821,2328286,2285640,2294682
New York,Rensselaer County,152684,152700,153040,154201,155523,156104,157312,158243,159011,159150,159428,159606,159466,159590,159719,159413,159311,159214,159452,158981,158108,160645,159530,159846
New York,Richmond County,445235,448961,452813,455939,456846,457028,457577,459642,463701,466965,469363,471014,470597,471783,471899,472301,474160,475819,476531,476141,475327,494039,492640,494774
New York,Rockland County,287720,290613,293728,296224,297562,298737,299390,301668,305413,308652,312183,315448,317201,319290,321120,322938,323231,324600,325656,326352,326225,339828,340756,343310
New York,St. Lawrence County,111864,111497,111292,111329,111468,111606,111556,111586,111684,112169,111894,112290,112388,111967,111476,110399,109506,108768,108534,107766,107185,107835,107043,106727
New York,Saratoga County,201514,203974,206446,209410,211478,212975,214627,215798,217282,218652,219960,221136,222527,224151,224605,226182,227189,229314,230127,229635,230298,237885,238491,238873
New York,Schenectady County,146581,146334,147199,147891,148900,150200,151768,152275,153360,154050,154889,154882,155044,154978,155050,154773,154473,154716,155334,155548,155358,160066,159846,160378
New York,Schoharie County,31514,31794,31785,32032,32310,32534,32661,32894,32890,32776,32722,32619,32038,31902,31768,31408,31318,31260,31182,31052,31132,30144,30062,30126
New York,Schuyler County,19232,19175,19179,19151,19034,18880,18752,18707,18644,18398,18330,18421,18505,18391,18184,18037,17976,17910,17842,17812,17685,17789,17591,17446
New York,Seneca County,33343,34764,35046,35212,35312,35177,35223,35469,35370,35286,35199,35325,35354,35244,34891,34814,34725,34293,34277,34189,33991,33411,32610,32416
New York,Steuben County,98764,99216,99583,99191,98983,98868,98473,98541,98726,98949,98930,99117,98903,98826,98153,97549,96975,96379,95876,95328,94657,93099,92420,92087
New York,Suffolk County,1424081,1442488,1456745,1470849,1478215,1477687,1475626,1475255,1480218,1487206,1494434,1498910,1497017,1497389,1495553,1491997,1486699,1483862,1482275,1478325,1474273,1534053,1529565,1529029
New York,Sullivan County,74134,74143,74452,75447,76265,76780,77231,77991,77755,77647,77500,77061,76940,76957,75651,74850,74913,75000,75381,75551,75802,79731,79768,80190
New York,Tioga County,51838,51712,51992,51895,51631,51611,51536,51565,51498,51236,51049,50889,50297,50128,49855,49390,48858,48659,48515,48221,47904,48090,47708,47593
New York,Tompkins County,96608,97458,98227,99049,99531,99433,99651,99910,100383,101497,101620,101861,102800,103668,103530,103187,103042,102731,102382,101971,101058,105974,105827,105505
New York,Ulster County,177810,178440,180128,180942,181847,182438,182845,182818,183174,182638,182435,182458,181555,180722,180435,179696,179045,178650,178510,177933,177716,183487,182357,182906
New York,Warren County,63273,63406,63774,64323,64576,65206,65554,65740,65848,65694,65697,65750,65438,65111,64893,64449,64525,64406,64269,63980,63756,65734,65448,65508
New York,Washington County,60977,61142,61152,61621,62278,62468,62771,63054,63252,63077,63288,63100,63016,62785,62504,62277,61812,61600,61335,61168,60606,60871,60764,60032
New York,Wayne County,93791,93794,93735,94001,93860,93727,93595,93539,93739,93643,93753,93258,93038,92360,91819,91316,90823,90429,90110,89816,89339,91173,90831,90671
New York,Westchester County,925511,931577,935219,935799,935457,933401,931426,933414,937449,944201,950541,956423,959731,964713,967180,968891,970461,970033,968928,968467,965802,1000036,993488,996926
New York,Wyoming County,43399,43061,43007,42955,42852,42780,42673,42515,42281,42236,42129,41852,41702,41369,41145,40939,40450,40296,40068,39858,39465,39916,39528,39530
New York,Yates County,24723,24725,24688,24898,25008,25129,25025,25234,25352,25303,25338,25453,25341,25219,25162,25145,25080,25021,24959,24902,24780,24640,24469,24413
North Carolina,North Carolina,8081614,8210122,8326201,8422501,8553152,8705407,8917270,9118037,9309449,9449566,9561558,9658913,9751810,9846717,9937295,10037218,10161802,10275758,10391358,10501384,10600823,10564320,10710793,10881189
North Carolina,Alamance County,131423,133346,135239,136009,137619,139311,141462,144712,147704,149954,151528,152712,153299,154209,155439,157104,160358,163326,166516,169173,171346,173642,176544,179617
North Carolina,Alexander County,33774,34187,34665,34998,35343,35786,36243,36609,36840,37053,37239,37029,36926,37016,36993,36960,37120,37105,37272,37417,37441,36292,36237,36427
North Carolina,Alleghany County,10673,10740,10740,10776,10790,10788,10940,11061,11131,11125,11163,11016,10944,10903,10891,10855,10928,11004,11165,11134,11194,11074,11187,11340
North Carolina,Anson County,25342,25553,25723,25749,26386,26585,26599,26664,26837,26917,26908,26515,26315,25966,25976,25616,25173,24856,24487,23538,24097,22250,22346,22381
North Carolina,Ashe County,24480,24750,25029,25288,25684,25838,26134,26506,26858,27144,27291,26983,26921,26837,26761,26625,26595,26795,27122,27215,27166,26766,27062,27068
North Carolina,Avery County,17318,17706,17867,17896,17971,17945,18104,17949,18024,17925,17755,17771,17617,17663,17658,17494,17450,17522,17509,17496,17571,17511,17550,17711
North Carolina,Beaufort County,44950,45084,45216,45418,45618,46059,46622,46702,47297,47485,47820,47685,47442,47394,47349,47403,47407,47097,47127,47096,47073,44462,44356,44410
North Carolina,Bertie County,19762,19829,19841,19897,20018,20057,19936,20927,21121,21216,21250,20855,20490,20325,20317,20167,19414,19246,19072,18962,18712,17234,16947,17013
North Carolina,Bladen County,32270,32714,32782,33129,33684,33934,34114,34285,34665,34852,35229,34877,34805,34621,34365,34090,33657,33446,33169,32864,32911,29552,29365,29505
North Carolina,Brunswick County,73717,76005,78296,80584,83327,87846,93938,99008,103257,105777,107992,110196,112039,114977,118382,122322,126422,130996,137071,142987,149039,144869,152836,159855
North Carolina,Buncombe County,207152,209104,211841,214982,218139,221642,226524,230766,233772,236349,238832,241226,243761,246952,249265,252160,255222,257408,259726,262049,263477,271984,274112,276789
North Carolina,Burke County,89353,89525,89371,89493,89394,89526,89903,90146,90788,91178,90771,90533,89965,89348,89292,89337,89444,90143,90309,90424,90418,87303,87732,88147
North Carolina,Cabarrus County,132231,136463,140054,143336,146429,150797,157735,165717,171915,175993,178588,181187,184358,187265,191737,196483,201737,206987,211483,216340,221479,231821,236078,240608
North Carolina,Caldwell County,77721,78375,78920,79380,79471,80218,80897,81588,82527,82798,82998,82460,82094,82067,81698,81554,81829,81961,82116,82275,82100,80518,80259,80579
North Carolina,Camden County,6925,7100,7412,7894,8415,8991,9321,9570,9802,9899,10003,10026,10006,10119,10280,10284,10385,10517,10613,10770,10984,10821,11089,11132
North Carolina,Carteret County,59406,59790,60311,61067,62127,62833,64028,64258,64700,65670,66685,67432,67792,68417,68670,68766,68875,69014,69547,69513,69558,68707,69369,69712
North Carolina,Caswell County,23527,23610,23767,23833,23801,23827,23993,23914,23912,23725,23695,23453,23044,23096,22808,22813,22749,22623,22691,22590,22443,22487,22219,22479
North Carolina,Catawba County,142399,144865,145343,145601,147016,148629,150449,152448,153848,154610,154389,154501,154739,155024,155157,155607,156517,157822,158521,159363,160307,161682,163286,164955
North Carolina,Chatham County,49740,51482,53857,55061,56236,57045,58779,60054,61783,62693,63821,64120,64551,65276,66708,68307,69680,71248,73171,74419,75748,78147,80080,81992
North Carolina,Cherokee County,24357,24629,24884,25229,25658,26077,26877,27350,27545,27378,27436,27185,27044,27139,27093,27126,27860,28000,28425,28708,29073,29188,29431,29952
North Carolina,Chowan County,14478,14490,14559,14529,14573,14625,14835,14953,14831,14915,14759,14805,14696,14669,14504,14251,14209,14015,14019,13917,13815,13769,13921,13894
North Carolina,Clay County,8824,9086,9273,9429,9583,9833,10107,10356,10492,10540,10594,10684,10660,10606,10578,10644,10785,11033,11149,11277,11505,11380,11610,11873
North Carolina,Cleveland County,96357,96861,97068,97241,97134,96844,96990,97524,98155,98211,98050,97452,97332,96893,97030,96881,97037,97198,97593,97964,99035,100485,100771,101561
North Carolina,Columbus County,54759,54806,54975,54961,55099,55155,55654,55964,56503,58163,57994,57710,57546,57099,56906,56698,56324,56000,55764,55452,54754,50004,50027,50140
North Carolina,Craven County,91954,93325,92633,92906,93548,94729,96926,97825,99423,101923,103908,104866,105381,104369,104168,102988,102784,102740,102663,102031,101233,101667,102392,103329
North Carolina,Cumberland County,303755,304316,305697,303318,307629,303695,307365,308284,311800,317252,320267,330625,330161,333253,332680,331598,333723,331702,334495,336524,336364,339623,339068,338411
North Carolina,Currituck County,18294,18714,19327,20299,21469,22418,22923,23216,23378,23335,23643,23909,24030,24260,24834,25128,25668,26330,27084,27916,29052,29703,31011,31609
North Carolina,Dare County,30149,30826,31898,32697,33196,33354,33463,33541,33553,33679,34015,34161,34389,34823,34914,35499,35905,36257,36710,37071,37547,37924,38047,38181
North Carolina,Davidson County,147713,149663,151296,152809,154179,155425,157209,159126,161520,162406,162930,162934,163064,163337,163437,163548,164497,165489,166726,168238,169234,170580,172443,174887
North Carolina,Davie County,35046,35905,36446,36864,37552,38559,39539,40260,40748,41035,41321,41333,41285,41443,41262,41652,41927,42297,42504,42699,43286,43651,44087,44594
North Carolina,Duplin County,49236,50182,51121,51880,52732,53445,54704,55610,56810,57434,58728,59215,59449,59323,59426,58879,59284,58942,59001,58802,58794,48575,49072,49819
North Carolina,Durham County,224476,228978,233505,235570,238376,241785,246929,252796,259356,265356,268454,276609,282757,288856,295324,301014,308105,312466,317478,322969,327306,326826,331568,337238
North Carolina,Edgecombe County,55443,55792,55855,55994,56064,56151,56129,55911,56420,56237,56539,56038,55667,55419,54860,53734,53281,52793,52015,51429,50829,48351,48481,48946
North Carolina,Forsyth County,307156,310807,314215,316659,319997,325065,332110,338638,344330,348532,351335,354545,357644,360677,364555,367516,371437,375901,379196,382118,383843,385753,389519,393835
North Carolina,Franklin County,47611,48794,50622,51959,53119,54260,55460,57174,58925,59959,60848,60945,61405,62078,62694,63667,64681,66175,67646,69775,71859,71712,74326,77092
North Carolina,Gaston County,190679,191424,191930,191545,191646,193527,196284,200377,204454,205884,206213,206894,207915,209242,210599,212998,216727,219788,222862,224652,226568,231409,234208,238153
North Carolina,Gates County,10505,10546,10616,10800,10874,11294,11708,12042,12098,12138,12207,12043,11888,11700,11632,11530,11570,11502,11524,11536,11464,10404,10373,10354
North Carolina,Graham County,7994,8054,8204,8222,8382,8418,8561,8583,8742,8749,8875,8809,8703,8713,8617,8587,8540,8529,8490,8470,8474,8009,8052,8079
North Carolina,Granville County,48824,50137,51977,52836,53296,54115,55167,57356,58356,59411,60063,57512,57573,57792,58027,58201,58719,59452,60100,60358,60486,60460,60867,61362
North Carolina,Greene County,19020,19241,19512,19848,20132,20146,20742,21178,21230,21253,21384,21518,21198,21017,21016,20952,21087,20965,21041,20915,20928,20263,20415,20644
North Carolina,Guilford County,422324,428381,432068,436327,440597,448192,458792,468466,477809,484180,489681,495022,500618,506537,512414,517281,524520,528622,533244,537872,540521,542050,547195,552880
North Carolina,Halifax County,57306,56788,56507,56301,56000,55860,55685,55616,55568,55033,54562,54122,53739,53193,52840,52190,51814,51329,50696,50074,49479,48275,47623,47068
North Carolina,Harnett County,91393,93168,95708,96787,98545,100728,103036,105770,108752,111866,115733,119201,122250,125093,126769,128145,130822,132584,134649,136172,137058,135563,138583,141792
North Carolina,Haywood County,54133,54802,55387,56077,56785,57085,57701,58386,58811,59152,58935,58731,58666,59006,59192,59724,60493,61167,62170,62510,62972,62527,62595,62922
North Carolina,Henderson County,89662,91150,92700,94246,95797,97584,100056,102270,104289,105813,106978,107391,107811,108942,110338,111943,113711,115431,116557,117347,118445,117166,118336,119576
North Carolina,Hertford County,22598,22812,23547,23531,23729,23895,23981,24240,24473,24580,24643,24732,24619,24603,24615,24404,24211,23917,23882,23642,23108,19826,19525,19234
North Carolina,Hoke County,33923,34722,35785,36505,38119,39798,41360,42496,43912,45406,47466,49473,50499,51190,51633,52805,53086,54207,54661,55166,55830,53197,53759,54587
North Carolina,Hyde County,5833,5735,5846,5750,5712,5733,5621,5639,5764,5774,5807,5798,5689,5653,5599,5425,5434,5230,5006,4932,4843,4607,4616,4638
North Carolina,Iredell County,123563,127136,130352,133099,136514,140514,146854,151944,156204,158387,159771,161077,162729,164661,166598,169592,172600,175673,178358,181866,185770,192222,196129,200311
North Carolina,Jackson County,33303,33885,34587,35711,36555,37075,38129,38404,38994,39856,40338,40256,40661,41034,40960,41352,42645,43220,43540,43736,44033,42498,43880,45050
North Carolina,Johnston County,123279,127487,132103,135628,140055,144417,149721,155695,161746,166478,169735,172457,174387,177240,180732,185130,190937,196541,203031,209786,216246,226976,234762,242358
North Carolina,Jones County,10289,10215,10112,9957,10123,10053,9994,10035,9974,10143,10153,10056,10065,9996,9841,9770,9571,9550,9557,9339,9250,9211,9243,9448
North Carolina,Lee County,49482,49853,49313,49372,49747,51056,52642,54106,55822,57359,57951,58537,59257,59783,59425,59402,59653,60418,61219,61772,62353,64031,65687,67421
North Carolina,Lenoir County,59556,59421,59293,59142,59088,59195,59203,59072,59398,59421,59439,59425,59132,58754,58275,58012,57264,56644,56050,56074,55720,54710,54529,54967
North Carolina,Lincoln County,64152,65352,66400,67444,68267,69902,72179,74139,76143,77573,78450,78301,78743,79140,79479,80646,81235,82608,84334,86627,88097,89913,93103,95786
North Carolina,McDowell County,42265,42796,42911,43211,43390,43655,43969,44345,44768,44865,45016,45056,45005,45027,45017,44982,44876,45089,45481,45784,45782,44536,44759,44968
North Carolina,Macon County,29959,30415,30870,31248,31667,32054,32736,33164,33608,33820,33938,33889,33816,33756,33849,34117,34299,34610,35226,35729,35994,37465,37996,38430
North Carolina,Madison County,19668,19848,19890,19873,19992,20097,20265,20420,20585,20700,20777,20872,20913,21178,21217,21175,21402,21603,21659,21638,21740,21737,21912,22039
North Carolina,Martin County,25506,25211,25055,24968,24822,24575,24651,24391,24404,24408,24501,24186,23851,23643,23441,23267,23121,22773,22696,22451,22178,21752,21502,21484
North Carolina,Mecklenburg County,700458,720171,736422,753991,772949,798701,831507,862177,887991,908704,923427,944015,967418,991182,1010878,1034049,1058056,1079656,1095911,1113283,1128945,1125279,1149349,1176228
North Carolina,Mitchell County,15725,15860,15856,15837,15928,15858,15699,15746,15740,15671,15546,15354,15327,15278,15167,15062,15003,14992,14989,14928,14881,14977,15051,15003
North Carolina,Montgomery County,26892,26952,26991,27226,27077,27153,27311,27490,27716,27710,27826,27700,27513,27439,27280,27432,27288,27274,27104,27209,27238,25826,25884,26241
North Carolina,Moore County,75177,76259,77521,78333,79475,80841,82838,84795,86122,87244,88569,89265,90205,91391,92849,94057,95458,97376,98961,101167,103352,103049,105548,107072
North Carolina,Nash County,87696,88242,88843,89493,90262,90876,92127,93733,94718,95492,95938,95778,95225,94463,94253,93855,94060,94095,94161,94258,94859,95215,95922,96796
North Carolina,New Hanover County,160887,164386,168147,171928,178362,185412,190791,194339,197709,200178,203341,206006,209118,213033,216112,219619,224922,228863,232566,234275,236613,230167,236147,240054
North Carolina,Northampton County,22041,22063,22073,22101,21981,22180,22112,22293,22259,22102,22040,21918,21287,20860,20658,20539,20135,19898,19741,19498,19088,17125,16806,16705
North Carolina,Onslow County,150678,151068,153397,150481,158837,157205,161185,163256,169059,173064,179471,185068,190813,192522,192061,193402,192745,195332,197069,202795,203943,203563,206718,211184
North Carolina,Orange County,116141,118684,117667,118667,119320,121526,124286,127193,129764,132369,134197,134853,137870,139471,140432,141449,142849,143624,148029,148192,149077,148798,150744,152239
North Carolina,Pamlico County,12913,12848,12919,12913,12849,13005,12995,13013,13094,13136,13124,13242,13016,12878,12870,12739,12771,12631,12600,12650,12715,12367,12269,12450
North Carolina,Pasquotank County,34874,34787,35281,35673,36533,37741,38956,40049,40554,40541,40733,40290,40411,39587,39479,39433,39418,39420,39693,39970,40372,40484,40818,41180
North Carolina,Pender County,41212,41610,42416,42949,44136,45485,47481,49181,50551,51636,52433,53180,53730,54804,55931,57463,58829,60787,62121,63046,64671,62994,65697,68356
North Carolina,Perquimans County,11413,11533,11598,11696,11817,12102,12494,12901,13292,13273,13495,13499,13590,13638,13541,13474,13425,13464,13427,13578,13667,13126,13243,13367
North Carolina,Person County,35759,36085,36751,37104,37391,37931,38244,38656,39016,39335,39461,39525,39188,39253,39130,39214,39315,39412,39533,39621,39925,39150,39396,39832
North Carolina,Pitt County,134298,136605,139128,141610,144486,147929,152934,157479,162116,165581,168817,170813,173021,174443,175052,176178,177291,178661,179673,181257,182924,175491,177090,178956
North Carolina,Polk County,18403,18683,18928,19064,19325,19557,19912,20145,20393,20531,20465,20289,20251,20390,20372,20417,20418,20567,20673,20723,21030,19709,20006,20030
North Carolina,Randolph County,130995,132092,132989,134034,134732,136301,137885,138855,140297,141175,141960,141861,142274,142313,142467,142560,143070,143000,143176,143495,144557,145129,146174,147641
North Carolina,Richmond County,46611,46480,46659,46292,46227,46310,46263,46390,46538,46537,46659,46654,46364,46134,45770,45427,45034,44786,44881,44764,44332,42641,42360,42003
North Carolina,Robeson County,123334,123913,124676,125665,126117,127885,128894,130453,131734,132984,134473,135168,135458,135135,134920,134446,133344,132606,131890,130440,129999,115901,116313,117705
North Carolina,Rockingham County,92090,92268,92798,92779,92382,92587,92960,93164,93299,93547,93641,93309,92722,91930,91825,91697,91326,90844,90680,91118,91285,91241,92044,92638
North Carolina,Rowan County,130610,131852,132765,132562,132202,132527,134045,135626,137721,138562,138446,137819,137505,137689,138091,138520,139417,140289,140870,141818,142495,147687,149514,151883
North Carolina,Rutherford County,63064,63671,63924,64475,64692,65126,65855,66305,67145,67561,67772,67424,67227,66866,66587,66408,66318,66558,66721,67031,67076,64508,64829,65369
North Carolina,Sampson County,60242,60526,60732,61144,61376,61720,62118,62539,62837,63127,63540,63515,63710,63903,63806,63562,63200,63188,63277,63372,63382,59038,59096,59742
North Carolina,Scotland County,35944,35851,35450,35442,36446,36405,36348,36399,36463,36313,36100,36274,36094,35916,35662,35333,35315,35178,34701,34776,34637,33423,33548,33660
North Carolina,Stanly County,58246,58674,58689,58748,58638,58931,59185,59849,60418,60496,60595,60531,60464,60635,60621,60624,60829,61458,62077,62645,63239,63147,64285,65818
North Carolina,Stokes County,44779,44974,45079,45331,45772,46165,46755,47079,47363,47422,47351,47128,46716,46500,46309,46143,45895,45710,45459,45634,45743,44636,45137,45486
North Carolina,Surry County,71308,71782,72152,72404,72219,72562,72807,73027,73404,73505,73694,73499,73292,72637,72480,71990,72024,72114,71957,71741,71683,71262,71489,71457
North Carolina,Swain County,13041,13030,13120,13199,13240,13463,13693,13819,13872,13933,13988,14005,14054,13976,14238,14325,14189,14268,14259,14312,14179,14126,13968,13923
North Carolina,Transylvania County,29416,29619,30009,30073,30417,30910,31469,32061,32543,32852,33094,32812,32849,32847,32971,33185,33433,33812,34182,34270,34498,33494,33668,33934
North Carolina,Tyrrell County,4126,4166,4235,4344,4289,4280,4339,4402,4353,4358,4417,4336,4122,4102,4119,4137,4017,4172,4113,3813,3774,3373,3469,3520
North Carolina,Union County,125573,131661,138329,144244,151452,160835,172529,184782,193678,198533,202206,204916,208106,212261,217767,222051,226501,231525,236217,240028,244562,244491,249714,257510
North Carolina,Vance County,43159,43932,44056,44030,44081,44136,44574,44676,44977,45223,45426,45293,45104,44507,44533,44477,44558,44387,44735,44670,44718,42126,42258,42329
North Carolina,Wake County,633267,656819,676392,695746,716336,746048,784038,821607,856492,883624,906969,928905,952266,974508,998221,1022871,1048933,1072463,1092202,1112795,1132271,1152626,1174107,1203394
North Carolina,Warren County,19913,20067,20131,20293,20464,20642,20513,20724,20923,20959,20931,20986,20750,20584,20364,20190,19874,19829,19815,19692,19522,18831,18700,18762
North Carolina,Washington County,13695,13589,13472,13510,13393,13401,13305,13176,13300,13252,13206,12904,12662,12669,12479,12251,12081,11947,11793,11635,11485,10888,10798,10739
North Carolina,Watauga County,42905,43853,44570,45095,45478,46390,47748,48765,50266,50706,51041,51636,52079,52320,52421,53129,54176,55250,56205,56271,56441,55326,55404,55420
North Carolina,Wayne County,113648,113934,114305,114595,116484,117009,117534,118942,119910,121217,122907,124055,124587,124625,124634,124400,124368,123201,123483,123904,123967,117395,118185,119570
North Carolina,Wilkes County,65839,66694,67202,67617,67668,68104,68489,68966,69317,69258,69287,68949,68910,68610,68418,68302,68573,68461,68481,68296,68043,65798,65801,66017
North Carolina,Wilson County,73971,74232,75213,75685,76140,76775,77379,78474,79790,80664,81359,81153,81393,81186,80996,81228,81298,81446,81396,81775,81979,78746,78838,79606
North Carolina,Yadkin County,36516,36837,37285,37301,37265,37591,37881,37965,38225,38293,38425,38344,38149,38070,37852,37630,37650,37599,37456,37617,37625,37280,37539,37798
North Carolina,Yancey County,17768,17789,17710,17664,17704,17757,17814,18000,18016,17931,17794,17691,17625,17550,17543,17550,17590,17709,17893,18059,18099,18767,18790,18940
North Dakota,North Dakota,642023,639062,638168,638817,644705,646089,649422,652822,657569,664968,674499,685526,702227,723149,738736,755537,756114,756755,760062,763724,765309,777966,781057,789047
North Dakota,Adams County,2578,2542,2509,2469,2436,2405,2366,2362,2343,2325,2346,2312,2334,2391,2387,2396,2339,2329,2272,2227,2188,2156,2106,2143
North Dakota,Barnes County,11692,11446,11281,11199,11202,11171,11106,11057,11027,11028,11062,11115,11009,11116,11068,11017,10910,10694,10540,10414,10402,10714,10743,10767
North Dakota,Benson County,6943,6898,6727,6744,6788,6745,6709,6683,6622,6609,6685,6688,6771,6900,6887,6822,6848,6920,6934,6837,6762,5773,5794,5778
North Dakota,Billings County,876,877,854,820,792,773,741,762,768,796,779,845,921,913,922,950,950,924,923,937,890,964,1022,1036
North Dakota,Bottineau County,7126,6995,6835,6789,6690,6650,6526,6428,6370,6390,6435,6500,6606,6744,6689,6742,6582,6531,6398,6292,6287,6417,6372,6335
North Dakota,Bowman County,3233,3118,3087,3089,3132,3046,3020,3050,3158,3137,3150,3142,3210,3213,3236,3276,3222,3149,3061,3036,2986,2901,2892,2870
North Dakota,Burke County,2236,2183,2137,2108,2081,2042,1975,1933,1902,1962,1968,2063,2184,2307,2263,2346,2226,2136,2100,2131,2118,2152,2133,2147
North Dakota,Burleigh County,69534,70121,71090,71987,72837,74375,75940,77473,78678,80122,81666,83315,85787,88472,90571,93284,94642,95343,95530,95816,96212,99386,100436,101484
North Dakota,Cass County,123662,125520,127119,129356,133197,135181,138340,141316,144290,147872,150230,153363,157534,163027,166792,171028,174562,178122,180861,182238,183904,189330,193670,198157
North Dakota,Cavalier County,4811,4696,4620,4543,4456,4384,4202,4056,4008,3975,3991,3944,3921,3854,3843,3824,3815,3787,3797,3734,3713,3677,3616,3605
North Dakota,Dickey County,5761,5683,5611,5510,5561,5496,5419,5412,5305,5269,5293,5253,5219,5194,5100,5052,4995,4834,4899,4851,4705,4903,4941,4940
North Dakota,Divide County,2263,2176,2192,2191,2178,2116,2083,2041,2022,2020,2084,2143,2247,2326,2427,2457,2389,2287,2249,2244,2277,2182,2174,2148
North Dakota,Dunn County,3605,3582,3548,3526,3443,3422,3432,3429,3470,3513,3540,3723,3957,4139,4372,4576,4364,4268,4302,4412,4465,4014,4005,4051
North Dakota,Eddy County,2742,2683,2654,2656,2641,2610,2529,2503,2470,2393,2378,2347,2350,2366,2330,2304,2299,2315,2274,2241,2179,2318,2311,2278
North Dakota,Emmons County,4302,4208,4107,4025,3955,3825,3748,3640,3588,3568,3540,3506,3471,3477,3412,3397,3330,3297,3261,3235,3187,3262,3267,3241
North Dakota,Foster County,3739,3639,3577,3515,3514,3564,3565,3500,3436,3319,3349,3343,3380,3355,3337,3325,3308,3251,3212,3217,3165,3366,3377,3334
North Dakota,Golden Valley County,1915,1862,1825,1804,1741,1709,1670,1670,1650,1657,1686,1758,1806,1825,1854,1881,1863,1780,1765,1762,1737,1754,1746,1760
North Dakota,Grand Forks County,66021,65567,65409,65287,67071,66629,67096,66333,66917,66518,66991,66651,67651,69198,69865,70448,70666,70722,70675,69670,69481,72409,72103,73198
North Dakota,Grant County,2835,2783,2699,2674,2626,2599,2519,2478,2440,2399,2386,2358,2348,2393,2374,2396,2383,2361,2353,2272,2215,2308,2248,2249
North Dakota,Griggs County,2732,2645,2598,2578,2531,2519,2457,2430,2406,2420,2419,2370,2345,2284,2292,2288,2252,2243,2213,2218,2207,2290,2268,2250
North Dakota,Hettinger County,2697,2658,2641,2591,2612,2587,2577,2524,2479,2481,2468,2504,2542,2644,2627,2658,2600,2480,2517,2521,2438,2428,2425,2418
North Dakota,Kidder County,2724,2652,2591,2606,2592,2496,2509,2450,2419,2396,2444,2442,2447,2445,2449,2451,2472,2477,2453,2481,2458,2364,2396,2360
North Dakota,LaMoure County,4671,4642,4598,4575,4552,4447,4357,4320,4218,4142,4127,4095,4085,4101,4096,4136,4116,4106,4079,4049,4033,4054,4061,4068
North Dakota,Logan County,2300,2229,2209,2155,2126,2074,2018,2023,2000,1970,1993,1972,1941,1932,1941,1927,1924,1912,1887,1851,1880,1860,1849,1886
North Dakota,McHenry County,5963,5854,5778,5749,5669,5568,5507,5370,5355,5373,5396,5501,5798,5906,5976,5975,5981,5894,5802,5753,5695,5224,5208,5152
North Dakota,McIntosh County,3383,3349,3292,3285,3192,3137,3080,2966,2911,2840,2786,2758,2750,2737,2744,2716,2600,2607,2556,2473,2440,2519,2503,2488
North Dakota,McKenzie County,5722,5647,5692,5613,5611,5721,5727,5812,5908,6159,6415,7018,7989,9295,10997,12817,12604,12715,13581,15038,15242,13855,13905,14282
North Dakota,McLean County,9396,9261,9150,9098,8948,8815,8767,8811,8883,8860,8985,9082,9388,9466,9553,9664,9650,9638,9510,9440,9416,9819,9851,9836
North Dakota,Mercer County,8597,8542,8536,8501,8437,8366,8309,8351,8295,8390,8422,8424,8474,8589,8712,8790,8634,8470,8291,8228,8174,8336,8333,8322
North Dakota,Morton County,25332,25143,25195,25197,25372,25576,25910,26310,26696,27043,27600,27725,28092,28939,29792,30273,30775,30971,31041,31301,31503,33581,33741,34047
North Dakota,Mountrail County,6625,6625,6628,6681,6798,6840,6826,6991,7153,7439,7733,8102,8739,9342,9755,10311,10239,10273,10217,10507,10502,9578,9255,9427
North Dakota,Nelson County,3685,3578,3442,3399,3406,3384,3271,3222,3176,3130,3124,3059,3055,3054,3017,2916,2887,2905,2881,2856,2789,3055,3011,3010
North Dakota,Oliver County,2051,1989,1969,1944,1925,1907,1863,1865,1836,1844,1840,1849,1849,1891,1870,1866,1896,1932,1950,1951,1926,1876,1858,1873
North Dakota,Pembina County,8590,8376,8217,8188,8088,7911,7786,7585,7452,7407,7420,7355,7221,7099,7067,7033,7043,6936,6857,6754,6658,6767,6764,6690
North Dakota,Pierce County,4657,4610,4577,4511,4450,4398,4394,4368,4372,4329,4358,4368,4444,4415,4360,4269,4209,4098,4072,3997,3928,3951,3944,3910
North Dakota,Ramsey County,12001,11822,11789,11555,11451,11344,11298,11320,11434,11328,11476,11524,11588,11584,11619,11667,11561,11594,11574,11488,11388,11619,11552,11517
North Dakota,Ransom County,5891,5855,5822,5841,5792,5770,5720,5766,5677,5521,5434,5432,5472,5498,5446,5455,5379,5301,5218,5217,5173,5677,5648,5606
North Dakota,Renville County,2599,2551,2566,2530,2517,2519,2499,2415,2387,2432,2477,2498,2556,2612,2572,2550,2525,2454,2349,2324,2283,2272,2267,2325
North Dakota,Richland County,17946,17624,17422,17615,17451,17306,16869,16659,16488,16178,16342,16269,16231,16301,16363,16306,16316,16323,16245,16187,16156,16547,16577,16604
North Dakota,Rolette County,13658,13718,13680,13595,13646,13663,13625,13679,13744,13798,13985,14195,14406,14683,14738,14707,14732,14622,14396,14271,14165,12074,11889,11766
North Dakota,Sargent County,4349,4320,4231,4122,4060,4101,4115,4057,3978,3901,3805,3791,3895,3882,3924,3871,3892,3870,3872,3950,3913,3849,3823,3794
North Dakota,Sheridan County,1702,1641,1601,1564,1503,1483,1435,1406,1351,1349,1308,1316,1284,1327,1334,1311,1344,1352,1336,1295,1275,1265,1285,1277
North Dakota,Sioux County,4103,4036,4086,4073,4077,4084,4148,4094,4072,4134,4159,4237,4331,4442,4467,4385,4455,4427,4382,4259,4173,3750,3697,3659
North Dakota,Slope County,760,749,747,744,732,732,744,711,730,718,726,728,769,773,781,783,784,769,766,754,747,695,684,679
North Dakota,Stark County,22585,22494,22384,22431,22539,22671,22770,23176,23375,23786,24321,25191,26917,28342,30345,31908,30937,30361,30934,31483,32107,33031,32762,33117
North Dakota,Steele County,2238,2186,2138,2113,2108,2077,2026,1985,1960,1930,1986,1972,1953,1919,1914,1918,1916,1909,1903,1900,1890,1803,1782,1766
North Dakota,Stutsman County,21887,21664,21525,21345,21175,21132,21115,20876,20812,21009,21110,21027,20992,21105,21154,21090,21124,21179,20897,20695,20498,21607,21518,21522
North Dakota,Towner County,2858,2774,2710,2628,2553,2478,2408,2320,2234,2236,2249,2260,2290,2263,2274,2250,2249,2247,2184,2166,2108,2116,2060,2036
North Dakota,Traill County,8475,8357,8326,8292,8353,8317,8249,8318,8157,8123,8102,8068,8072,8191,8045,7991,8010,7996,7994,8037,7959,7968,7958,7957
North Dakota,Walsh County,12354,12150,11883,11814,11695,11639,11501,11355,11296,11195,11081,11024,11021,11079,10907,10852,10813,10786,10602,10574,10437,10483,10468,10293
North Dakota,Ward County,58839,58246,57741,57193,58054,57878,58030,58297,58670,60213,62093,64386,65595,68028,69587,71409,70164,69226,68504,68449,68466,69265,68831,68419
North Dakota,Wells County,5074,4886,4794,4694,4625,4552,4404,4317,4253,4202,4204,4198,4235,4148,4123,4094,4052,3993,3895,3794,3709,3896,3916,3866
North Dakota,Williams County,19705,19610,19729,19705,19724,19855,20122,20547,20928,21820,22552,24417,26755,29623,32166,35379,34286,33639,35698,37897,38700,38506,38012,39304
Ohio,Ohio,11363543,11387404,11407889,11434788,11452251,11463320,11481213,11500468,11515391,11528896,11536182,11545735,11550971,11579692,11606573,11622315,11640060,11665706,11680892,11696507,11693217,11767344,11777874,11824034
Ohio,Adams County,27317,27522,27817,28111,28328,28522,28615,28538,28686,28500,28550,28454,28288,28085,28060,27919,27817,27747,27685,27640,27531,27589,27449,27542
Ohio,Allen County,108589,108523,108518,107418,106826,106861,106716,106717,106773,106518,106205,105981,105251,105071,104886,104141,103691,103173,102747,102450,101980,101800,101086,100851
Ohio,Ashland County,52502,52560,52595,52867,52852,53048,53231,53544,53499,53305,53127,53255,53245,53163,53169,53317,53487,53673,53727,53418,53362,52193,52010,52183
Ohio,Ashtabula County,102705,102450,102577,102667,102648,102638,102340,102156,101826,101584,101429,101100,100274,99779,99064,98443,98172,97773,97536,97088,96513,97470,96987,96962
Ohio,Athens County,62324,62997,63401,63827,63230,64075,64237,64102,64546,64618,64770,65092,64633,64628,64833,65949,66402,66587,65673,65582,65481,59090,61029,62969
Ohio,Auglaize County,46186,46137,45943,45872,45932,46166,46034,45977,46167,45996,45939,45758,45787,45820,45756,45754,45772,45756,45728,45610,45680,46261,45949,46018
Ohio,Belmont County,70172,69901,70293,70219,70241,70203,70469,70430,70356,70439,70319,70132,69728,69593,69403,69018,68642,68074,67492,66979,65932,65909,65495,64980
Ohio,Brown County,42566,42839,43368,43794,43995,44161,44334,44490,44668,44740,44857,44632,44289,44125,43950,43717,43660,43558,43623,43473,43414,43708,43707,43834
Ohio,Butler County,333368,336679,339514,343022,346655,350732,356691,361192,364179,366633,368630,370164,370628,371497,373877,376173,378527,380751,382114,383603,385648,387671,390689,395593
Ohio,Carroll County,28851,28961,29172,29325,29297,29118,29163,29062,28999,28917,28800,28832,28551,28272,28144,27729,27630,27329,27134,26984,26897,26702,26677,26754
Ohio,Champaign County,38941,39047,39280,39395,39565,39592,40018,40127,40263,40265,40025,39828,39579,39468,39089,38976,38760,38857,38799,38930,38960,38800,38712,38857
Ohio,Clark County,144605,143803,143229,141758,141380,141367,140668,139829,139404,138778,138193,137823,137198,136682,136364,135810,134805,134636,134697,134315,133593,135490,134686,134735
Ohio,Clermont County,177960,179845,182143,184446,187281,189486,192209,194346,195891,196512,197604,198886,199526,200504,201516,202077,203332,204456,205803,206851,207449,209919,210906,212202
Ohio,Clinton County,40566,40777,41042,41250,41557,41775,42499,42576,42656,42418,41930,41919,41829,41879,41824,41864,41923,42035,42119,42002,41921,42130,41902,41972
Ohio,Columbiana County,112048,111370,111097,111000,110627,109784,109673,109153,108469,107948,107800,107437,106652,106007,105681,104788,103926,103198,102534,101794,101118,101372,100537,100137
Ohio,Coshocton County,36724,36975,37149,37288,37421,37363,37339,37184,36953,36878,36875,36930,36821,36721,36530,36579,36651,36535,36607,36549,36449,36674,36583,36866
Ohio,Crawford County,46827,46533,46271,45928,45776,45536,44907,44634,44291,43921,43718,43310,42774,42715,42406,42327,42096,41733,41454,41396,41338,41793,41532,41591
Ohio,Cuyahoga County,1391959,1382520,1371493,1359929,1346714,1330612,1312816,1301540,1291479,1285082,1278208,1270424,1266271,1265698,1263498,1259109,1254324,1247808,1241788,1235574,1227883,1247735,1239720,1238679
Ohio,Darke County,53291,53110,53011,53190,53236,53200,53023,52996,52909,52829,52968,52657,52524,52321,52203,52002,51653,51575,51323,51181,51205,51655,51526,51432
Ohio,Defiance County,39461,39456,39303,39209,39115,39049,39154,39123,39250,39060,39007,39015,38845,38587,38547,38349,38162,38158,38046,37978,37778,38182,38183,38437
Ohio,Delaware County,111759,118646,126172,133842,141348,149153,156164,161796,166652,170676,175250,178584,181234,185545,189649,193624,197442,201157,205347,209768,213554,221304,227008,232732
Ohio,Erie County,79662,79308,78762,78673,78596,78070,77876,77668,77573,77085,77070,76691,76440,76071,75833,75388,75004,74778,74413,74179,73719,74894,74563,74125
Ohio,Fairfield County,123485,126245,129355,132770,136074,138745,141005,142915,144029,145446,146351,147180,147314,148820,150400,151310,152829,154718,156062,157703,159709,161245,163166,165630
Ohio,Fayette County,28495,28310,28370,28450,28470,28695,28791,28908,28896,28929,29043,28870,28770,28690,28652,28617,28695,28669,28614,28486,28579,28935,28856,28831
Ohio,Franklin County,1072018,1082938,1088693,1095250,1099603,1105497,1115924,1127174,1141183,1155408,1165897,1180917,1199257,1219186,1238758,1257891,1275212,1296374,1308599,1318766,1324624,1317840,1327687,1338903
Ohio,Fulton County,42104,42169,42275,42402,42777,42897,42785,42800,42780,42747,42669,42363,42330,42199,42401,42299,42337,42274,42256,42175,41889,42500,42083,41951
Ohio,Gallia County,31072,31017,31083,31095,31029,30993,30927,30977,30997,30857,30955,31023,30881,30684,30467,30258,30213,30156,29956,29850,29802,29235,29014,28964
Ohio,Geauga County,91179,91429,91970,93042,93218,93614,93839,93742,93583,93446,93408,93287,93770,93847,93981,93899,93858,93891,93770,93494,93271,95716,95552,95389
Ohio,Greene County,148401,149643,151537,153064,155442,156223,157850,159055,160115,161075,161605,163600,164403,164004,164796,164421,165494,166720,167643,169354,170122,168250,169380,170335
Ohio,Guernsey County,40803,40860,40991,41138,40965,40752,40600,40531,40347,40242,40033,39915,39886,39716,39699,39402,39237,39077,39011,38876,38779,38283,38069,38126
Ohio,Hamilton County,844124,840335,832390,825139,817306,810352,804913,801815,799840,802149,802252,800746,802564,805408,807922,809902,811766,814693,815853,818653,817985,827564,826970,831559
Ohio,Hancock County,71321,71972,72617,73118,73532,73585,74167,74712,74781,74964,74727,74926,75478,75612,75324,75726,75829,75984,75913,75690,75407,74755,74793,74847
Ohio,Hardin County,31952,31753,31804,31729,32119,31983,31939,32132,32200,32185,32065,31805,31630,31743,31780,31615,31374,31338,31417,31369,31469,30444,30400,30406
Ohio,Harrison County,15854,15796,15902,16002,15856,15907,15868,15901,15856,15860,15851,15784,15679,15598,15517,15396,15237,15203,15151,15053,15014,14463,14351,14183
Ohio,Henry County,29177,29055,29119,29021,29014,29031,29026,28671,28523,28322,28186,27999,27826,27831,27605,27490,27268,27189,27039,26942,26904,27565,27517,27545
Ohio,Highland County,41019,41295,41857,42269,42938,42967,43562,43845,43700,43578,43554,43376,42966,43200,43102,42973,43011,42931,43032,43123,43304,43453,43396,43588
Ohio,Hocking County,28262,28452,28653,28823,28962,29058,29097,29418,29445,29358,29374,29471,29310,28660,28749,28502,28403,28440,28353,28240,28095,28109,27843,27567
Ohio,Holmes County,39049,39805,40475,40844,41370,41630,41828,41826,42029,42275,42382,42795,43130,43607,43791,43885,43866,43908,43973,44021,44004,44367,44380,44439
Ohio,Huron County,59611,59620,59917,59947,60011,60116,60113,60086,60121,59754,59586,59428,59220,58840,58626,58325,58386,58403,58316,58269,57979,58416,58256,58258
Ohio,Jackson County,32633,32670,32846,32880,33025,33242,33135,33144,33164,33115,33268,33126,32869,32807,32772,32575,32565,32398,32370,32372,32493,32551,32634,32669
Ohio,Jefferson County,73663,73043,72416,72122,71774,71251,70656,70114,69989,69833,69614,69046,68557,68200,67916,67546,66993,66398,65889,65494,64939,65101,64286,64116
Ohio,Knox County,54616,55460,56377,57232,57995,58641,59194,59843,60348,60633,60988,61290,60781,60882,61035,61045,60953,61345,61921,62239,62423,62539,63186,63344
Ohio,Lake County,227548,227648,227747,227232,227829,227647,228203,228930,229904,229954,230101,229991,229572,230085,229865,229843,229499,230114,229856,229739,229569,232261,231968,231964
Ohio,Lawrence County,62237,61965,61847,62197,62169,62476,62798,62748,62640,62667,62380,62432,62177,61908,61599,60990,60817,60176,59864,59556,59091,57415,56571,56138
Ohio,Licking County,146268,148226,150061,152582,155264,157950,160263,162375,163916,165283,166701,167195,167636,168532,169506,170721,172166,173790,175816,177174,178100,180051,181899,183540
Ohio,Logan County,45984,45865,46089,46257,46247,46066,45902,46154,46115,46055,45805,45625,45412,45399,45477,45255,45145,45217,45291,45594,45326,46160,46040,46045
Ohio,Lorain County,285095,285827,287489,290622,292125,294873,297259,298609,299814,300893,301449,301899,301757,303159,304551,305533,306676,307498,309222,310100,312172,314301,316616,319163
Ohio,Lucas County,454904,454855,454240,453778,451255,449224,446769,445482,443909,442603,441468,439409,436846,436269,434736,433826,433113,431312,429990,428888,428294,429535,427154,426240
Ohio,Madison County,40218,40256,40539,40879,41122,41292,41865,42392,43163,43353,43446,43120,42996,43263,43988,44149,43400,44077,44393,44812,44559,44447,43613,44668
Ohio,Mahoning County,257104,255264,252998,251696,249825,247702,246112,243453,241572,240050,238310,237304,235689,234431,233472,231988,230263,229438,228975,227510,226075,226559,226104,225988
Ohio,Marion County,66135,66156,66188,66372,66361,66468,66345,66487,66840,66497,66482,66614,66301,65996,65822,65470,65481,65113,65426,65057,64820,65330,64576,64828
Ohio,Medina County,151751,154363,157502,160325,163048,164953,167298,168775,170330,171688,172592,173514,173648,174672,175898,176185,177001,178339,179205,180121,180912,183403,183520,184115
Ohio,Meigs County,23028,23119,23305,23441,23506,23588,23586,23612,23534,23770,23745,23650,23575,23448,23285,23192,23189,23083,23050,22868,22678,22084,21971,21772
Ohio,Mercer County,40913,40819,40843,40841,40889,40967,41063,41055,41022,40855,40793,40720,40710,40623,40739,40735,40768,40889,40986,41255,41274,42387,42403,42448
Ohio,Miami County,99015,99300,99579,100120,100775,101564,102028,102130,102430,102526,102461,102742,102947,103228,103876,104100,104553,105215,106091,106995,107516,109426,110245,110898
Ohio,Monroe County,15172,15107,15006,15048,15113,14943,14818,14774,14833,14742,14590,14618,14509,14514,14368,14267,14095,13946,13798,13708,13586,13339,13225,13165
Ohio,Montgomery County,558522,555536,553170,551742,549713,546979,543620,540667,537664,535294,535059,534638,534464,534448,532708,532059,532274,531964,531954,532139,531610,536229,534355,535313
Ohio,Morgan County,14944,14942,14917,14999,15130,15216,15189,15175,15104,15073,15025,15036,14929,14893,14731,14736,14746,14645,14585,14505,14305,13697,13648,13626
Ohio,Morrow County,31813,32438,32955,33524,34025,34271,34561,34937,34877,34907,34793,34813,34839,34851,34941,34954,34928,34928,35133,35342,35411,35211,35317,35583
Ohio,Muskingum County,84732,84789,85247,85418,85589,85696,86023,85939,85874,85779,86142,86252,85803,85660,85918,86213,85958,86099,86048,86042,86020,86585,86114,86312
Ohio,Noble County,14108,13857,13931,14221,14352,14210,14616,14614,14653,14649,14637,14754,14676,14678,14532,14468,14459,14406,14368,14451,14364,14326,14364,14345
Ohio,Ottawa County,40983,41015,41029,41329,41564,41629,41641,41690,41554,41498,41381,41323,41246,41041,40906,40761,40531,40652,40819,40532,40253,40175,39984,39819
Ohio,Paulding County,20251,20183,19972,19887,19803,19810,19748,19735,19670,19659,19581,19369,19245,19138,18970,18953,18827,18816,18747,18672,18648,18900,18763,18728
Ohio,Perry County,34099,34375,34629,34944,35117,35254,35430,35582,36150,35996,36058,36229,35983,36000,35926,35970,36015,35975,36046,36127,36215,35478,35483,35577
Ohio,Pickaway County,52808,52344,51778,51983,52238,52954,54094,55044,55376,55323,55803,55946,56235,56352,56703,56991,57513,57769,58099,58521,58658,58781,59987,61064
Ohio,Pike County,27688,27807,28072,28258,28427,28299,28590,28645,28763,28679,28692,28471,28365,28266,28176,28115,28101,28084,27908,27784,27695,27103,26991,26983
Ohio,Portage County,152504,153554,154667,155976,156774,157469,157773,159148,160184,161226,161386,161894,161418,161746,162520,162667,162564,162441,162367,162426,162583,159086,161924,163075
Ohio,Preble County,42381,42427,42587,42640,42613,42584,42651,42561,42688,42424,42185,41989,41821,41685,41509,41313,41148,41119,41023,40848,40836,40886,40557,40563
Ohio,Putnam County,34750,34746,34643,34758,34680,34798,34781,34752,34655,34583,34464,34386,34207,34122,34194,34020,34004,33870,33809,33843,33654,34371,34331,34254
Ohio,Richland County,128853,128187,128363,128312,128094,127724,127292,126995,126128,125308,124177,123151,122645,122339,122030,121720,121324,120500,121117,121384,120891,125382,125268,125003
Ohio,Ross County,73507,73840,74363,75008,75251,75935,76639,77419,77675,77862,78090,77594,77359,77299,77116,77067,76888,77299,76859,76613,76420,76526,76479,76340
Ohio,Sandusky County,61812,61788,61918,61784,61930,61865,61745,61571,61184,61039,60882,60609,60467,60052,59830,59476,59311,59097,58726,58520,58351,58769,58591,58785
Ohio,Scioto County,79168,78784,78652,78278,77788,77926,78285,78775,79133,79241,79506,79425,78808,78333,77509,77024,76451,76018,75338,75051,74347,72998,72312,72176
Ohio,Seneca County,58588,58376,58090,58006,57857,57664,57406,57289,57199,56897,56662,56526,56117,55860,55819,55672,55517,55322,55256,55220,54938,54876,54563,54628
Ohio,Shelby County,48360,48662,48671,48766,48791,49044,49099,49284,49454,49540,49374,49256,49158,49202,49001,49036,48760,48731,48632,48592,48337,48032,47723,47785
Ohio,Stark County,378036,377295,376867,376721,376663,376050,376180,376877,377141,376210,375321,374512,374914,375152,375608,374798,373553,372120,371410,370723,369772,373861,373008,373052
Ohio,Summit County,543442,544554,544866,545163,545037,545029,544660,544275,543116,542135,541565,541368,540806,542032,542572,541940,541226,541695,541451,540814,538866,537516,536582,537019
Ohio,Trumbull County,224912,223991,222484,220889,219540,217926,216185,214296,212191,211290,209936,208866,207245,206405,205071,203442,201854,200424,198574,198069,196800,201594,200716,200354
Ohio,Tuscarawas County,91043,91319,91735,92015,92348,92286,92271,92511,92634,92584,92542,92491,92426,92625,92682,92782,92602,92377,92075,91993,91776,92631,92030,92017
Ohio,Union County,41338,42859,43517,44665,45819,46952,48589,49906,50856,51798,52390,53101,52798,53440,53782,54394,55601,56842,57836,59054,60021,65119,66927,69765
Ohio,Van Wert County,29627,29430,29327,29288,29322,29264,29342,29182,29075,28849,28698,28628,28642,28357,28343,28330,28210,28290,28176,28231,28159,28793,28806,28725
Ohio,Vinton County,12825,12966,13076,13260,13308,13370,13516,13566,13452,13474,13415,13380,13223,13305,13210,13083,13015,13080,13132,13028,12972,12714,12585,12498
Ohio,Warren County,161716,167851,174833,181976,188904,195499,200630,205258,208640,211231,213192,215377,217293,219298,221429,224018,226858,229292,232539,235601,238412,246868,250298,253579
Ohio,Washington County,63180,62847,62638,62759,62924,62547,62387,62253,62040,61968,61683,61617,61472,61401,61204,61075,60673,60557,60183,60018,59652,59504,58883,58513
Ohio,Wayne County,111668,112161,112684,113067,113240,113603,114263,114224,114610,114588,114505,114670,115058,115438,115957,116262,116657,116227,115911,115824,115694,116160,116609,116635
Ohio,Williams County,39199,39085,38959,38753,38719,38546,38547,38532,38297,37950,37535,37587,37531,37446,37222,37036,36964,36754,36753,36765,36565,36770,36621,36566
Ohio,Wood County,121199,122013,122206,122826,124149,124698,125027,125285,125275,125384,125502,127150,128471,129073,129410,129375,129888,130593,130627,131089,131113,130340,131821,132813
Ohio,Wyandot County,22894,22787,22813,22816,22914,22820,22729,22716,22642,22644,22596,22643,22544,22463,22287,22181,22070,22057,21901,21796,21711,21693,21574,21466
Oklahoma,Oklahoma,3454365,3467100,3489080,3504892,3525233,3548597,3594090,3634349,3668976,3717572,3761702,3788824,3819320,3853891,3879187,3910518,3928143,3933602,3943488,3960676,3980783,3992238,4026229,4063882
Oklahoma,Adair County,21031,21101,21271,21445,21589,21887,22215,22345,22346,22477,22736,22668,22466,22463,22392,22266,22301,22122,22251,22224,21955,19444,19513,19641
Oklahoma,Alfalfa County,6080,5933,5894,5827,5785,5706,5639,5618,5618,5585,5646,5645,5665,5852,5817,5912,5926,5905,5742,5664,5718,5698,5697,5661
Oklahoma,Atoka County,13820,13816,13836,13973,14046,14034,14013,14118,14220,14155,14195,14171,14031,13903,13924,13888,13882,13771,13771,13738,13912,14296,14311,14524
Oklahoma,Beaver County,5782,5657,5617,5609,5577,5569,5514,5571,5521,5562,5651,5635,5592,5566,5535,5460,5437,5363,5313,5308,5207,4991,5044,5052
Oklahoma,Beckham County,19777,19937,20142,19663,18580,19151,20040,21855,22817,22369,22006,22311,23078,23482,23611,23564,22467,21793,21738,21834,21468,22037,21990,22132
Oklahoma,Blaine County,11959,11915,11574,11196,12277,12264,11965,12010,12019,11896,11968,9689,9811,9792,9845,9772,9649,9560,9490,9457,9447,8551,8477,8547
Oklahoma,Bryan County,36604,36577,37003,37260,37887,38309,39739,40350,41453,41859,42574,43128,43471,44149,44525,45080,45679,46571,47290,48089,48998,47130,48229,49271
Oklahoma,Caddo County,30037,29677,29532,29550,29470,29202,29087,27932,28612,29459,29665,29614,29741,29590,29448,29439,29696,29420,29166,28927,28684,26457,26282,26253
Oklahoma,Canadian County,88230,89931,91507,93449,96101,99176,102876,106804,109969,113186,116237,119414,122526,125992,129384,133241,136508,140146,144570,148635,153192,162029,169507,176184
Oklahoma,Carter County,45547,45455,45656,45854,46218,46169,46430,46582,46910,47421,47622,48067,48028,48474,48600,48587,48501,48373,48345,48328,48353,48257,48488,48854
Oklahoma,Cherokee County,42635,43066,43625,44066,44437,44805,45517,45546,46217,46492,47139,47707,47997,47880,48253,48392,48868,48956,48692,48819,49019,47660,48058,48173
Oklahoma,Choctaw County,15325,15165,15307,15236,15292,15244,15277,15210,15112,15127,15225,15280,15177,15053,15114,14987,14874,14807,14666,14642,14646,14366,14416,14324
Oklahoma,Cimarron County,3121,3009,2914,2822,2707,2610,2572,2530,2449,2495,2471,2477,2398,2327,2294,2225,2181,2155,2165,2148,2145,2248,2229,2188
Oklahoma,Cleveland County,208614,213414,217235,221714,225447,229743,237257,241409,246790,251803,256895,262098,266224,269966,269874,274041,278062,279723,281559,284537,287066,298165,299950,301913
Oklahoma,Coal County,6009,6010,5954,5925,5880,5743,5671,5718,5745,5962,5910,5926,5899,5756,5722,5600,5643,5623,5519,5511,5587,5308,5309,5284
Oklahoma,Comanche County,115082,113551,113551,111098,116000,115085,116653,119534,118001,119952,125368,126115,126428,124648,124622,123689,121554,121994,121001,121224,121099,122325,122390,121868
Oklahoma,Cotton County,6613,6404,6338,6386,6341,6390,6327,6280,6165,6179,6201,6179,6158,6164,6133,6008,5924,5866,5798,5650,5676,5444,5473,5470
Oklahoma,Craig County,14928,14768,14712,14736,14739,14896,14881,14978,14910,14914,15074,14983,14762,14696,14634,14706,14467,14328,14273,14110,14194,14203,14180,14476
Oklahoma,Creek County,67507,67768,68148,68094,67843,67715,67791,68292,68817,69535,70133,70649,70761,70576,70559,70798,71161,71822,71693,71362,71485,72250,72698,73372
Oklahoma,Custer County,26066,25778,25347,25554,25631,25876,26148,26356,26816,27284,27517,27800,28593,29318,29517,29568,29224,28928,28930,28913,28648,28177,28075,28332
Oklahoma,Delaware County,37108,37606,37970,38634,38998,39277,40266,40984,41018,41290,41525,41664,41733,41717,41792,41738,41967,42692,42897,43011,43136,40969,41491,41775
Oklahoma,Dewey County,4714,4645,4601,4601,4685,4611,4621,4660,4737,4770,4810,4785,4815,4855,4965,4986,4895,4891,4930,4896,4815,4418,4387,4253
Oklahoma,Ellis County,4050,3923,4002,3979,3998,3983,3898,3982,4043,4127,4154,4041,4080,4133,4117,4218,4083,3961,3942,3865,3830,3740,3693,3637
Oklahoma,Garfield County,57721,57279,57249,57230,57459,57358,57723,58153,58845,59989,60756,60768,61365,62368,62801,63246,62585,61720,61270,61332,60869,61977,61990,62055
Oklahoma,Garvin County,27258,27034,27083,27068,26942,27089,27249,27399,27529,27582,27553,27463,27342,27426,27613,27913,27944,27875,27747,27687,27691,25783,25793,25918
Oklahoma,Grady County,45534,45856,46691,47277,48167,49256,50462,50931,51621,52231,52481,52746,53025,53638,53883,54563,54677,54819,55411,55764,55906,55601,56700,57493
Oklahoma,Grant County,5127,5047,4979,4939,4789,4771,4645,4633,4598,4484,4534,4562,4532,4517,4469,4497,4454,4376,4315,4328,4372,4142,4124,4088
Oklahoma,Greer County,6044,5894,5970,5942,6031,6082,6048,6160,6200,6273,6217,6144,6054,6139,6121,6031,5958,5794,5797,5698,5704,5482,5548,5491
Oklahoma,Harmon County,3272,3153,3051,2984,2936,2953,2915,2829,2827,2861,2942,2936,2916,2894,2804,2782,2712,2715,2688,2645,2557,2403,2428,2409
Oklahoma,Harper County,3537,3444,3469,3412,3465,3458,3527,3522,3645,3654,3687,3713,3711,3869,3894,3825,3787,3799,3746,3707,3611,3175,3176,3207
Oklahoma,Haskell County,11818,11790,11806,12002,12129,12175,12329,12411,12620,12772,12755,12759,12819,12916,12828,12749,12706,12735,12675,12670,12652,11619,11644,11790
Oklahoma,Hughes County,14106,13821,13858,13752,13660,13595,13450,13456,13397,13705,14024,13751,13658,13638,13680,13589,13417,13266,13277,13240,13126,13403,13421,13406
Oklahoma,Jackson County,28278,28036,27513,27242,27480,26862,26805,26335,26038,26256,26496,26422,26226,26141,25834,25464,25488,25121,24695,24431,24305,24746,24671,24685
Oklahoma,Jefferson County,6773,6663,6543,6528,6498,6483,6418,6385,6408,6521,6445,6449,6336,6354,6288,6259,6239,6158,6088,5988,5949,5401,5428,5367
Oklahoma,Johnston County,10521,10505,10475,10526,10459,10431,10709,10779,10772,10838,10984,11075,10972,10997,11110,10977,11125,11133,11003,11055,10824,10328,10328,10199
Oklahoma,Kay County,47954,47518,47686,47363,46903,46469,46220,46461,46410,46814,46460,45851,45692,45554,45475,45261,44937,44445,44047,43668,43274,43732,43726,43621
Oklahoma,Kingfisher County,13898,13910,13940,14151,14223,14390,14464,14705,14748,14901,15064,15171,15036,15309,15513,15595,15661,15773,15916,15899,15806,15227,15313,15615
Oklahoma,Kiowa County,10201,10054,10015,9965,9885,9955,9756,9543,9518,9445,9436,9426,9359,9347,9286,9120,9034,8850,8728,8725,8741,8403,8437,8322
Oklahoma,Latimer County,10661,10637,10703,10689,10763,10796,10841,10875,11068,11155,11138,11181,11009,10796,10779,10622,10553,10312,10155,10044,10132,9458,9580,9561
Oklahoma,Le Flore County,48104,48018,48321,48437,48623,48869,49209,49589,49802,49989,50520,50505,50346,50309,50225,50030,50154,50022,50080,49804,49935,48614,49004,49590
Oklahoma,Lincoln County,32155,32295,32489,32672,32875,33011,33441,33636,33710,34027,34301,34263,34169,34247,34539,34937,34907,34967,34824,34939,35045,33855,34153,34613
Oklahoma,Logan County,33967,34657,35030,35922,35842,36501,37060,38709,39964,41116,42038,42568,43035,43828,44681,45355,46032,46806,47304,48084,48777,50929,52029,53121
Oklahoma,Love County,8826,8749,8836,8916,9044,9159,9207,9252,9291,9340,9442,9385,9572,9701,9740,9815,10034,10088,10109,10177,10230,10238,10184,10305
Oklahoma,McClain County,27863,27871,28169,28814,29350,30322,31419,32470,33107,33822,34715,35199,35583,36459,37248,37981,38625,39310,39855,40466,41348,43538,45422,47060
Oklahoma,McCurtain County,34348,33944,33788,33625,33282,33235,33198,33128,33112,33002,33212,33312,33350,33232,33192,33174,33099,33024,32921,32748,32772,30819,30892,30957
Oklahoma,McIntosh County,19432,19451,19552,19582,19597,19595,19730,19952,19952,20160,20268,20264,20193,20107,19958,19811,19761,19693,19702,19595,19635,19251,19419,19670
Oklahoma,Major County,7536,7575,7559,7429,7423,7379,7449,7465,7456,7557,7506,7643,7705,7715,7791,7774,7760,7694,7609,7630,7579,7640,7558,7623
Oklahoma,Marshall County,13170,13372,13659,13809,14149,14686,14988,15318,15482,15652,15887,15952,16021,16064,16160,16267,16265,16371,16746,16946,17114,15553,15947,15974
Oklahoma,Mayes County,38413,38554,38702,39030,39331,39670,40107,40569,40984,41093,41283,41327,41161,40975,40934,40901,41031,40994,41173,41136,41152,39255,39593,39971
Oklahoma,Murray County,12582,12689,12665,12707,12681,12803,12969,12966,13144,13373,13514,13598,13621,13682,13763,13859,13922,13927,13977,14081,13955,13720,13677,13735
Oklahoma,Muskogee County,69418,69428,69334,69666,69592,69806,69958,70119,70050,70677,71110,70769,70538,70193,69751,69349,69028,69089,68431,68097,67610,66274,66293,66656
Oklahoma,Noble County,11385,11491,11414,11462,11475,11477,11462,11460,11537,11536,11551,11584,11537,11427,11555,11560,11420,11311,11304,11168,11113,10939,10861,10865
Oklahoma,Nowata County,10583,10593,10561,10802,10629,10666,10705,10771,10788,10595,10512,10622,10607,10555,10503,10517,10405,10322,10289,10123,10076,9359,9447,9481
Oklahoma,Okfuskee County,11841,11858,11817,11912,11925,11867,11895,11981,12008,12094,12203,12333,12334,12298,12170,12110,12089,12077,12046,11956,11765,11228,11230,11297
Oklahoma,Oklahoma County,661769,664836,671120,674571,677742,683299,690153,695706,701484,711595,721178,730890,743477,756286,766928,777406,784684,786126,790926,797563,804041,799961,805165,811096
Oklahoma,Okmulgee County,39625,39618,39594,39732,39731,39569,39426,39552,39379,39817,40146,39787,39555,39404,39086,39072,39061,38831,38223,38417,38234,36845,36937,36940
Oklahoma,Osage County,44579,45227,45414,45680,45874,46335,46576,47185,47336,47445,47416,47775,47454,47387,47490,47333,47364,47348,47074,46942,46642,45890,45799,46008
Oklahoma,Ottawa County,33214,33047,32660,32495,32530,32655,32971,32441,31838,31883,31831,31876,32196,32188,31955,31890,31617,31407,31332,31180,30879,30389,30366,30316
Oklahoma,Pawnee County,16684,16779,16764,16677,16547,16565,16625,16611,16447,16559,16577,16731,16443,16453,16350,16436,16461,16417,16372,16379,16381,15715,15695,15892
Oklahoma,Payne County,68350,70132,70708,71879,72244,72578,74964,74164,75000,76859,77448,78253,78754,79744,80583,81443,81924,81998,82198,81683,81755,82166,83029,83819
Oklahoma,Pittsburg County,43982,43447,43933,43983,44029,44412,44831,45062,45450,45887,45854,45721,45542,45267,44853,44725,44397,44182,43842,43673,43679,43632,43517,43472
Oklahoma,Pontotoc County,35148,34866,34929,35048,35097,35267,35525,36157,36687,37283,37566,37751,38064,38162,38292,38343,38499,38348,38328,38352,38397,38190,38074,38506
Oklahoma,Pottawatomie County,65647,66222,66469,67201,67072,67264,67696,68698,68752,69002,69608,70071,70524,70921,71561,71510,72051,72232,72568,72703,72998,73047,73403,73864
Oklahoma,Pushmataha County,11638,11613,11551,11464,11470,11361,11389,11468,11493,11574,11574,11415,11254,11203,11111,11155,11047,11089,11139,11030,10970,10772,10728,10856
Oklahoma,Roger Mills County,3426,3334,3242,3226,3308,3385,3387,3438,3557,3615,3651,3762,3770,3737,3767,3782,3683,3673,3657,3593,3570,3365,3366,3331
Oklahoma,Rogers County,71383,73091,75193,77288,79069,80313,82234,84030,85390,86577,86988,87567,88117,88752,89394,90113,91061,91472,91957,92616,93155,96903,99103,100268
Oklahoma,Seminole County,24963,24719,24540,24584,24801,24878,24997,25030,25198,25428,25465,25443,25388,25445,25361,25410,25157,24864,24529,24321,24248,23539,23484,23585
Oklahoma,Sequoyah County,39040,39308,39570,39905,40412,40634,41248,41560,41825,42208,42432,42428,42064,41838,41879,41811,41887,41762,41651,41599,41538,39492,39756,40248
Oklahoma,Stephens County,43116,42796,42771,42725,43061,43318,43670,44196,44508,44799,45097,45115,44901,45000,44590,44604,44044,43374,43231,43258,43100,43119,43674,44066
Oklahoma,Texas County,20161,19945,19734,19469,19693,19408,19361,19258,19539,20128,20843,21257,21598,22052,21741,21452,21242,21052,20659,20216,19997,20855,20635,20512
Oklahoma,Tillman County,9247,9203,8841,8802,8668,8464,8394,8271,8112,8016,7975,8001,7826,7726,7668,7565,7520,7399,7325,7260,7229,7036,6968,6867
Oklahoma,Tulsa County,563748,566175,569170,568406,566140,568199,575014,582094,588510,597748,605418,609323,615376,623978,631241,640851,646328,646874,648496,652166,657589,674123,679212,686411
Oklahoma,Wagoner County,57711,58944,60561,61700,62800,64165,66345,68677,70646,72143,73349,74041,74988,75660,75664,76753,77688,79021,80218,81466,82925,84257,86755,89375
Oklahoma,Washington County,48987,48897,49032,49004,48997,48885,49216,50038,50641,50754,51045,51378,51655,51684,52044,52144,52099,52107,51881,51665,52222,52902,53289,53772
Oklahoma,Washita County,11497,11362,11243,11204,11202,11228,11422,11555,11595,11664,11619,11550,11586,11706,11567,11697,11428,11061,11064,10943,10830,10901,10715,10716
Oklahoma,Woods County,9049,8882,8896,8729,8676,8679,8550,8593,8533,8708,8896,8791,8853,9003,9253,9306,9152,9069,8872,8790,8687,8632,8602,8560
Oklahoma,Woodward County,18436,18365,18482,18594,18935,19122,19341,19939,20120,20467,19970,20111,20677,21248,21544,21619,20991,20540,20277,20138,19812,20252,20054,20073
Oregon,Oregon,3429708,3467937,3513424,3547376,3569463,3613202,3670883,3722417,3768748,3808600,3838957,3872672,3900102,3924110,3965447,4018542,4093271,4147294,4183538,4216116,4241507,4254280,4247372,4253653
Oregon,Baker County,16714,16618,16376,16312,16272,16086,16094,16139,16195,16225,16097,16069,16001,16027,16030,15899,15971,16049,16024,16123,16284,16884,16933,16904
Oregon,Benton County,78236,78491,80203,80322,80149,80943,81957,83718,84150,85390,85575,86281,86708,86228,87296,88443,90053,91923,92511,93114,93239,93031,97406,98566
Oregon,Clackamas County,339223,343444,348951,352032,355758,359308,363508,366808,371103,374085,376891,379640,383159,387571,393544,399852,407055,412982,415586,418199,421596,423892,423217,424396
Oregon,Clatsop County,35560,35509,35519,35612,35912,36282,36603,36818,36825,36972,37070,37241,37435,37143,37491,37848,38732,39185,39730,40208,40423,41930,41595,41089
Oregon,Columbia County,43634,44196,45104,45636,46192,46955,48184,48898,49209,49394,49343,49408,49220,49271,49513,49671,50939,51749,52408,52614,52876,53177,53589,53918
Oregon,Coos County,62662,62190,62286,62625,63208,63843,63844,63420,63226,63079,63025,62789,62697,62409,62403,62696,63386,63764,64338,64677,64711,65143,65135,64557
Oregon,Crook County,19262,19705,19779,20011,20643,21019,21673,21818,21811,21410,20864,20640,20610,20702,20965,21465,22310,23072,23789,24388,25105,25767,26393,26960
Oregon,Curry County,21133,21250,21653,21899,22473,22750,22626,22447,22305,22341,22337,22497,22272,22252,22167,22329,22629,22681,22850,22981,23305,23724,23614,23273
Oregon,Deschutes County,116566,120526,125247,129094,133756,140567,148149,152633,156820,157345,157894,159683,161408,165385,169631,174392,180819,186971,191770,197417,201769,205318,206491,208857
Oregon,Douglas County,100485,100562,101529,102776,103965,105285,106658,107057,107316,107378,107638,107257,106955,106645,106769,107260,108244,109378,110164,110926,111364,112153,112226,112435
Oregon,Gilliam County,1908,1901,1877,1823,1860,1863,1834,1816,1886,1856,1871,1950,1949,1940,1927,1866,1852,1860,1883,1911,1975,2011,2012,2035
Oregon,Grant County,7906,7498,7438,7472,7415,7389,7373,7267,7303,7343,7458,7409,7325,7271,7191,7209,7167,7190,7169,7166,7180,7284,7221,7216
Oregon,Harney County,7661,7491,7417,7360,7312,7211,7286,7327,7375,7432,7399,7363,7256,7167,7133,7154,7252,7270,7278,7375,7373,7601,7537,7451
Oregon,Hood River County,20461,20397,20615,20621,20835,21022,21200,21276,21589,22015,22451,22439,22545,22574,22671,22925,23090,23405,23228,23347,23280,24025,24028,23811
Oregon,Jackson County,181775,183835,186704,189838,192185,194701,196858,199152,201162,202301,203462,204798,205939,207313,209351,211587,214600,217030,219616,220815,221844,224649,222153,221338
Oregon,Jefferson County,19113,19653,19941,20212,20339,20622,21113,21861,21885,21730,21670,21752,21835,21869,22200,22540,23022,23629,24085,24647,24856,25100,25319,25480
Oregon,Josephine County,75851,76452,77712,78779,79729,80660,81601,81746,82389,82315,82807,82722,82789,83175,83435,84606,85599,86732,87418,87679,88053,88599,87786,88001
Oregon,Klamath County,63885,64139,64150,64582,64841,65553,66294,66767,66732,66460,66345,66322,65936,65719,65333,65742,66287,66853,67810,68343,68739,70415,70404,70347
Oregon,Lake County,7428,7538,7522,7578,7576,7558,7796,7880,7961,7901,7872,7908,7789,7800,7828,7789,7837,7892,7861,7939,7949,8294,8365,8307
Oregon,Lane County,323492,324855,327506,330845,332327,335831,339926,344844,348176,350850,351983,354119,355217,355654,358273,362257,369201,375689,378807,382064,382986,386082,386187,382151
Oregon,Lincoln County,44317,43854,44270,44421,44877,45347,45529,45798,45915,45989,46054,45877,46180,46351,46383,47046,47855,48794,49320,50125,50583,51028,50756,51307
Oregon,Linn County,103020,103544,104561,106035,106799,108132,110764,112932,114967,116001,116910,118175,118293,118439,119095,120303,122871,125098,127455,129598,131054,130062,130516,131509
Oregon,Malheur County,31540,31532,31455,31335,31250,31273,31303,31434,31311,31265,31319,30964,30755,30642,30354,30228,30397,30449,30633,30698,30983,31682,31868,32262
Oregon,Marion County,285411,288136,292533,295317,297139,299461,303290,306964,309729,313389,316096,318053,319865,321491,324473,329106,335592,340846,345512,347557,349204,347784,349388,349874
Oregon,Morrow County,10995,11043,11313,11317,11275,11162,11203,11048,11002,11102,11207,11226,11226,11197,11095,11130,11246,11225,11349,11607,11700,12359,12257,12303
Oregon,Multnomah County,661654,669690,676653,679348,672526,674862,683767,697799,712989,727721,737902,749926,760505,766977,779002,790723,803630,808192,809448,812439,815637,804934,795960,794271
Oregon,Polk County,62596,63445,64135,65060,66569,68585,71027,72791,74346,74934,75625,75942,76227,76568,77702,79012,81496,83707,84854,85851,87744,89480,89986,90290
Oregon,Sherman County,1921,1848,1763,1758,1682,1678,1682,1713,1691,1733,1774,1750,1748,1728,1715,1691,1712,1740,1702,1790,1801,1909,1953,1954
Oregon,Tillamook County,24253,24359,24396,24565,24780,24974,25160,25243,25151,25179,25265,25393,25276,25332,25314,25554,26116,26511,26710,27132,27442,27814,27516,27423
Oregon,Umatilla County,70728,70682,72150,72820,73463,73765,73984,74269,74488,75199,76079,76810,77011,76892,76711,76491,76700,77069,77332,77744,77752,79713,79732,79872
Oregon,Union County,24537,24353,24472,24607,24513,24675,24754,25263,25473,25580,25796,25906,25801,25531,25645,25720,26082,26410,26733,26733,26551,26287,26167,26038
Oregon,Wallowa County,7220,7112,7042,7008,6899,6877,6835,6884,6900,6948,7027,6979,6800,6769,6778,6810,6912,7018,7043,7169,7181,7553,7647,7643
Oregon,Wasco County,23837,23808,23699,23885,23817,23929,24159,24451,24617,24981,25266,25217,25375,25329,25276,25469,25791,26296,26346,26532,26403,26707,26535,26402
Oregon,Washington County,447980,460622,468549,474336,480207,490773,502226,508842,515815,524699,531744,541041,548651,555443,562552,572955,585358,591969,597030,600933,603514,602356,600229,604831
Oregon,Wheeler County,1546,1503,1534,1516,1473,1414,1425,1419,1399,1411,1450,1418,1411,1380,1351,1327,1325,1353,1356,1348,1387,1452,1434,1436
Oregon,Yamhill County,85198,86156,87370,88619,89447,90847,93198,95875,97537,98647,99391,99708,99933,99926,100850,101447,104143,105313,106390,106927,107664,108081,107817,109146
Pennsylvania,Pennsylvania,12284173,12298970,12331031,12374658,12410722,12449990,12510809,12563937,12612285,12666858,12709630,12747052,12769123,12779538,12792392,12789838,12788468,12794679,12809107,12798883,12783254,13015571,12984990,13017721
Pennsylvania,Adams County,91457,92591,93934,95503,97300,98606,99899,100502,101056,101252,101485,101476,101265,101156,101376,101847,101952,102629,103035,102776,102742,105696,106017,107147
Pennsylvania,Allegheny County,1279651,1272416,1265577,1258420,1247531,1234787,1226025,1222482,1221071,1222171,1223583,1228437,1231129,1233999,1233417,1229342,1226893,1220423,1217508,1215716,1211358,1245440,1233821,1230138
Pennsylvania,Armstrong County,72268,71956,71747,71645,71404,70602,70030,69845,69611,69120,68839,68661,68223,68015,67631,66913,66464,66042,65411,64699,64162,65211,64664,64094
Pennsylvania,Beaver County,181054,179391,178277,177523,176395,174820,173259,172161,171336,170524,170567,170330,170091,169770,169033,168311,166926,165779,164669,163956,162575,166979,165682,165556
Pennsylvania,Bedford County,49928,49778,49742,49812,49829,49691,49871,49889,50052,49889,49709,49626,49592,49317,49131,48748,48592,48359,48090,47913,47817,47505,47395,47442
Pennsylvania,Berks County,374546,377487,381338,385846,390848,395933,401834,405223,407737,409904,411850,413027,413552,413975,414632,415218,415911,417601,420407,420375,421017,429698,432281,435284
Pennsylvania,Blair County,128981,128471,127631,127353,127194,126730,127002,127048,127112,127161,127031,126990,126569,125869,125309,124637,123779,123173,122567,121942,121007,122160,120796,120494
Pennsylvania,Bradford County,62756,62616,62585,62388,62386,62501,62345,62343,62318,62418,62651,63111,63005,62519,61957,61656,61103,60996,60858,60429,60221,60131,59800,59700
Pennsylvania,Bucks County,599085,602883,607157,610174,613763,616302,619544,621336,623297,624648,625472,626164,625603,625325,625618,625670,626369,627302,628183,628497,627987,647489,645871,647625
Pennsylvania,Butler County,174444,175621,177146,178289,178912,179522,181009,181690,182673,183337,184059,184766,185016,185185,185874,186046,186427,187083,188031,188313,189135,196773,197422,198665
Pennsylvania,Cambria County,152107,150902,149831,148836,147886,146975,146093,145283,144646,144186,143498,142590,141563,138858,137587,136083,134517,133035,131478,130107,128672,132240,131432,130713
Pennsylvania,Cameron County,5930,5875,5775,5702,5535,5431,5341,5274,5186,5106,5080,5012,4974,4927,4829,4773,4702,4611,4494,4425,4330,4465,4406,4382
Pennsylvania,Carbon County,58807,59318,59820,60452,61274,62358,63105,64339,64947,65204,65220,65084,64799,64545,64264,63766,63561,63885,64169,64125,64081,65523,65466,65427
Pennsylvania,Centre County,135965,137620,140821,142926,144238,145543,148734,149498,151645,153052,154127,155107,155905,158342,159798,160641,162287,162549,162895,162095,161496,158008,157992,159087
Pennsylvania,Chester County,435303,441024,447842,455111,462902,470506,479137,486156,491473,496291,499797,503488,506049,509101,512776,515098,516768,519057,522256,525059,526759,541036,547248,555310
Pennsylvania,Clarion County,41735,41547,41220,41293,40509,40458,40615,40399,40355,40173,39910,39904,39472,39087,38923,38889,38607,39020,38735,38498,38305,37596,37280,36964
Pennsylvania,Clearfield County,83465,82987,82925,82422,82040,81816,82461,82558,82130,81942,81562,81438,81407,81444,81018,80735,80190,79803,79542,79183,78612,78348,77881,78381
Pennsylvania,Clinton County,37926,37945,38007,38143,38227,38418,38730,38859,38955,39074,39230,39511,39739,39835,39490,39402,39009,38830,38647,38302,37957,38024,37873,37852
Pennsylvania,Columbia County,63936,64298,64601,65001,65337,65535,65882,66196,66645,67220,67268,67085,67045,67203,67135,66704,66171,65638,65278,65020,64842,64982,65347,65782
Pennsylvania,Crawford County,90306,90105,90031,89846,89682,89452,89496,89544,89023,89044,88657,88176,87745,87532,87180,86540,86353,85790,85111,84421,83697,83232,82380,82052
Pennsylvania,Cumberland County,213906,215087,217318,219351,221225,223361,226835,228718,231357,233910,235861,237151,239315,241153,243400,245891,247633,249328,251486,253133,255857,265550,268740,271553
Pennsylvania,Dauphin County,251911,252500,254339,255585,256194,257673,260312,263096,265395,267090,268220,269278,270058,271500,272312,273195,274305,275796,276951,278427,279874,288286,289049,290886
Pennsylvania,Delaware County,551536,552041,551929,552111,551508,552153,553806,554916,556246,558094,559276,559338,560865,561635,562868,563434,563860,564015,565506,566506,566753,577126,577040,580538
Pennsylvania,Elk County,35033,34778,34413,34144,33835,33385,33006,32833,32504,32208,31850,31798,31619,31462,31187,30898,30516,30274,30096,29894,29607,30795,30453,30221
Pennsylvania,Erie County,280803,280647,280379,280153,277864,277211,278389,278573,278686,279838,280686,281244,281416,280905,279660,278452,276639,273855,271780,269529,268426,269455,269112,268203
Pennsylvania,Fayette County,148214,146219,144817,143596,143494,142447,141165,140159,138813,137450,136446,136008,135283,134610,134009,133272,132371,131340,130452,129422,128126,127136,125622,124699
Pennsylvania,Forest County,5021,5355,5627,5909,6118,6964,7519,7512,7470,7737,7685,7672,7587,7532,7459,7386,7334,7328,7294,7030,6965,6902,6621,6486
Pennsylvania,Franklin County,129745,130604,131998,133583,135742,138927,142421,144840,147032,148662,149834,150949,151518,152005,152685,153131,153938,154731,154943,155522,155637,156589,157017,158054
Pennsylvania,Fulton County,14296,14201,14251,14416,14471,14540,14714,14900,14900,14828,14852,14738,14701,14622,14536,14510,14502,14469,14486,14502,14501,14555,14557,14510
Pennsylvania,Greene County,40591,40251,40096,39798,39464,39806,39342,39096,39074,38862,38640,38377,38048,37880,37781,37431,37222,36875,36639,36062,35621,35282,34566,34493
Pennsylvania,Huntingdon County,45620,45594,45705,45797,45790,45771,45684,45802,45853,45896,45914,46013,45948,45847,45749,45514,45411,45447,45385,44894,44590,43989,43303,43545
Pennsylvania,Indiana County,89518,89265,89133,89346,89041,88760,88716,88520,88807,88836,88847,88639,88243,88178,87459,86800,85243,84809,84578,84022,83664,83095,82901,83110
Pennsylvania,Jefferson County,45872,45644,45507,45537,45418,45353,45323,45335,45260,45073,45231,44917,44805,44879,44575,44350,44041,43829,43573,43299,43108,44121,43725,43625
Pennsylvania,Juniata County,22850,22892,23129,23434,23767,23986,24107,24238,24409,24549,24622,24711,24609,24478,24484,24442,24554,24628,24722,24760,24619,23359,23290,23368
Pennsylvania,Lackawanna County,212999,212692,211980,211769,211861,212305,212595,213513,214044,214138,214367,214400,214232,213797,212922,211974,211108,210603,210301,209808,208989,216063,215797,216472
Pennsylvania,Lancaster County,471955,475483,480118,485119,489977,494722,500922,506639,511957,516577,520156,523996,526949,530109,533414,535960,538303,541352,543960,545441,546192,556364,556991,560174
Pennsylvania,Lawrence County,94547,94085,93938,93696,93250,92741,92248,92007,91798,91391,90968,90526,89895,89274,88668,88154,87379,86608,86164,85504,85083,85565,84800,84553
Pennsylvania,Lebanon County,120309,120954,121698,123154,124644,126197,128302,130182,131574,132959,133688,134530,135531,135803,136538,137492,138481,139473,141116,141318,141663,143772,144003,144546
Pennsylvania,Lehigh County,312368,314823,317252,321588,326138,331327,336794,340848,344743,347237,350106,353317,354673,355273,357591,359689,362357,365772,368452,369308,370802,375922,377019,380872
Pennsylvania,Luzerne County,318842,316665,315711,315640,315439,316187,316837,318232,319210,320527,320795,321073,321232,319737,319269,318203,317192,318031,318093,317438,316982,325975,326892,328909
Pennsylvania,Lycoming County,119851,118930,118344,118108,117911,117530,116983,116524,116147,116081,116143,116747,117237,116626,116331,115644,114958,114146,114175,113581,113209,113576,113223,113282
Pennsylvania,McKean County,45748,45263,45419,44980,44582,44187,44309,44045,43856,43701,43356,43143,43151,42819,42663,42424,41701,41427,41012,40631,40333,40325,39791,39522
Pennsylvania,Mercer County,120211,119861,119476,119431,119113,118594,118123,117794,117189,116816,116558,116169,115660,115162,114724,113684,112651,111526,110575,109296,108545,109964,109115,108519
Pennsylvania,Mifflin County,46479,46535,46558,46420,46313,46377,46435,46551,46600,46662,46666,46745,46755,46636,46498,46435,46289,46270,46181,46090,46064,46182,45993,45950
Pennsylvania,Monroe County,139710,143775,148833,154027,158181,162045,165185,167352,168576,169390,169896,169921,168675,167435,167387,166602,166324,168033,169524,170083,170154,168708,167437,166581
Pennsylvania,Montgomery County,751335,759392,766056,772666,776493,779401,781519,785170,789250,795494,801052,805333,808782,812750,815966,817432,820106,824533,826995,830397,833869,864252,865848,871673
Pennsylvania,Montour County,18275,18294,18237,18239,18174,18183,18114,18107,18090,18165,18286,18363,18429,18398,18418,18297,18241,18255,18172,18181,18042,18094,18122,18053
Pennsylvania,Northampton County,267740,269363,272782,276735,281374,285198,289628,293212,295096,296645,298101,298305,299099,299066,299748,300264,301629,303178,304949,305515,305892,318215,318044,320844
Pennsylvania,Northumberland County,94823,94176,94024,93910,93692,93543,93475,93728,94150,94774,94366,94392,94413,93884,93604,92895,92336,91766,91124,90684,90258,91001,90093,90131
Pennsylvania,Perry County,43634,43804,43896,44216,44463,44741,45121,45454,45549,45874,45995,45924,45807,45650,45661,45849,45937,46043,46147,46326,46212,45961,46214,46367
Pennsylvania,Philadelphia County,1514563,1505455,1498493,1493802,1492882,1490861,1488710,1493309,1499731,1514694,1528306,1540615,1552087,1558713,1565949,1571679,1576604,1581699,1586422,1584439,1578487,1589918,1570554,1563349
Pennsylvania,Pike County,46380,47594,49063,50837,52293,54000,55601,56627,57739,57671,57329,57104,56334,56126,55717,55410,55040,55492,55868,55826,56072,60009,60647,61496
Pennsylvania,Potter County,18123,18146,18273,18168,18067,17914,17944,17659,17464,17382,17464,17448,17556,17446,17183,17078,16953,16839,16626,16545,16453,16318,16203,16040
Pennsylvania,Schuylkill County,149994,149175,148705,147792,147081,146976,148005,148387,148463,148358,148228,147536,147131,146674,145405,144136,143492,142550,141758,141166,140709,143169,143205,143932
Pennsylvania,Snyder County,37502,37955,38104,38319,38519,38448,38946,39295,39481,39550,39729,39785,39886,40133,40246,40530,40457,40621,40474,40393,40317,39748,39525,39699
Pennsylvania,Somerset County,80034,79523,79621,79754,79402,79015,78834,78490,78120,78025,77626,77287,77028,76607,76167,75404,74890,74273,73951,73442,72916,72994,72613,72233
Pennsylvania,Sullivan County,6577,6625,6592,6574,6554,6513,6487,6525,6462,6449,6411,6417,6405,6303,6280,6266,6123,6136,6057,5959,5913,5864,5892,5925
Pennsylvania,Susquehanna County,42260,42483,42410,42685,42930,43219,43376,43310,43405,43346,43277,43222,42923,42399,42089,41778,41268,40939,40565,40241,40006,38424,38115,38108
Pennsylvania,Tioga County,41309,41496,41638,41676,41724,41579,41347,41371,41609,41818,42008,42278,42486,42252,41940,41562,41295,40729,40725,40665,40381,41309,40954,40747
Pennsylvania,Union County,41622,42098,42372,42622,43287,43690,44666,44846,45057,44795,44964,45130,45195,44773,45017,45573,45527,44744,45090,44498,44294,42484,42745,42237
Pennsylvania,Venango County,57405,57091,56789,56590,56196,56016,55761,55510,55315,55087,54925,54679,54185,53814,53351,52962,52487,51800,51283,50875,50328,50041,49695,49436
Pennsylvania,Warren County,43716,43562,43184,42896,42667,42218,41972,41963,41853,41831,41767,41512,41268,40963,40667,40346,40039,39682,39528,39171,38911,38184,37843,37672
Pennsylvania,Washington County,203008,203179,203104,203859,204090,205359,205992,206259,207240,207571,207875,208089,208350,208117,208050,207824,207469,207152,207114,206866,206803,210057,209962,210344
Pennsylvania,Wayne County,47843,47994,48330,48938,49423,50409,52031,52341,51692,52552,52895,52732,52244,52204,52064,51828,51350,51193,51364,51271,51163,51201,51132,51404
Pennsylvania,Westmoreland County,369664,368698,367680,367836,367281,366946,366559,366318,366058,365259,365012,364450,362825,360720,358931,357006,354763,352152,350600,348941,347087,353753,352054,351420
Pennsylvania,Wyoming County,28038,28119,28011,28074,28195,28160,28194,28287,28294,28268,28266,28319,28391,28144,28176,27822,27557,27409,27070,26790,26557,26119,26034,25868
Pennsylvania,York County,382743,385773,389692,395093,401403,409066,418043,424919,429399,433022,435490,436749,437551,439041,440616,441911,444012,445924,448417,449341,450448,459264,461385,465977
Rhode Island,Rhode Island,1050268,1057142,1065995,1071342,1074579,1067916,1063096,1057315,1055003,1053646,1052886,1053829,1054893,1055560,1056511,1056886,1057816,1056554,1059338,1058158,1057125,1097246,1099498,1103429
Rhode Island,Bristol County,50697,50942,51850,51658,52213,51667,50996,50914,50668,50075,49853,49238,49280,49266,49100,49159,48866,48787,48696,48527,48350,50778,50388,50358
Rhode Island,Kent County,167516,168516,169478,170641,170539,169815,168522,167515,167269,166766,166103,165288,164644,164387,164526,163801,163842,163657,164230,164233,164646,171115,171523,171770
Rhode Island,Newport County,85734,85754,85953,85646,85509,83962,85130,82881,82505,82896,82852,83258,83242,83576,83457,83496,83454,83099,82796,82472,81836,85613,84851,83843
Rhode Island,Providence County,622378,626935,632252,636149,638358,635060,631691,629110,627889,626304,627070,629493,631397,631836,632995,634146,635384,634525,637298,637052,636547,658887,662209,667219
Rhode Island,Washington County,123943,124995,126462,127248,127960,127412,126757,126895,126672,127605,127008,126552,126330,126495,126433,126284,126270,126486,126318,125874,125746,130853,130527,130239
South Carolina,South Carolina,4024223,4064995,4107795,4150297,4210921,4270150,4357847,4444110,4528996,4589872,4636312,4672655,4719027,4766469,4826858,4896006,4963031,5027102,5091702,5157702,5218040,5194274,5287935,5387830
South Carolina,Abbeville County,26229,26330,26311,26306,26235,25995,25821,25745,25699,25614,25335,25093,25033,24912,24811,24814,24688,24598,24637,24584,24404,24263,24407,24563
South Carolina,Aiken County,142742,143676,145226,146793,148746,150152,152577,154814,156896,158499,160565,161628,162982,163789,164333,165827,167328,168510,169703,171300,172895,171272,174075,177034
South Carolina,Allendale County,11193,11022,11114,11092,11049,11021,10882,10787,10803,10619,10351,10237,9982,9828,9704,9435,9071,9010,8906,8627,8331,7714,7508,7596
South Carolina,Anderson County,166304,168881,170287,171862,173539,175467,178579,181543,184520,186544,187269,188183,188860,190070,191872,193806,195672,198255,200209,202424,204353,206949,210069,213998
South Carolina,Bamberg County,16680,16580,16548,16342,16322,16360,16392,16226,16104,16022,15949,15809,15683,15389,15148,14676,14478,14402,14288,14108,13906,13121,12966,12991
South Carolina,Barnwell County,23478,23406,23177,23211,22980,22965,22886,22851,22761,22611,22630,22463,22362,22217,22032,21791,21610,21362,21150,20924,20805,20604,20469,20448
South Carolina,Beaufort County,122306,125550,129290,130998,136331,141498,147213,151411,156399,159737,162989,163864,167423,171095,175318,180070,183808,186993,189563,192638,195656,191946,195932,198961
South Carolina,Berkeley County,143410,145153,146733,148035,151789,153489,159501,164913,171099,175092,178783,183833,189696,194171,198485,203313,208798,214938,221841,228952,235987,236852,245249,256123
South Carolina,Calhoun County,15192,15301,15257,15309,15247,15212,15229,15260,15175,15268,15126,15098,14872,14990,14844,14758,14754,14689,14530,14513,14554,14141,14200,14208
South Carolina,Charleston County,310749,313065,317379,321222,328105,331589,334826,337147,341921,346795,351482,357461,364913,372065,380239,389885,397433,402725,406959,412615,417981,414605,419952,425805
South Carolina,Cherokee County,52649,53020,53407,53437,53642,53772,54166,54467,54981,55149,55397,55706,55829,56065,56361,56534,56730,56974,57198,57331,57316,56110,56186,56943
South Carolina,Chester County,34159,34064,34083,33920,33633,33373,33222,33247,33454,33210,33096,32884,32708,32744,32449,32420,32299,32300,32281,32186,32232,32160,31972,32163
South Carolina,Chesterfield County,42911,43339,43834,44107,44348,44766,45103,45708,46319,46638,46665,46498,46078,46133,46162,46161,46134,45987,45807,45631,45606,43334,43722,44120
South Carolina,Clarendon County,32528,32887,33094,33305,33622,33847,34094,34250,34875,34942,34944,34711,34329,34267,34222,34037,34283,34053,33772,33803,33415,30965,30976,31119
South Carolina,Colleton County,38304,38339,38463,38543,38672,38728,38608,38765,39014,38864,38914,38447,38106,37666,37529,37444,37603,37599,37731,37705,37481,38461,38618,39040
South Carolina,Darlington County,67523,67863,68247,68382,68155,68185,68424,68489,68773,68705,68617,68162,68053,67809,67660,67539,67310,67022,66793,66656,66509,62723,62434,62368
South Carolina,Dillon County,30699,30995,31000,31093,31241,31239,31373,31433,31585,31817,32120,31752,31529,31407,31290,31138,30695,30442,30509,30352,30367,27977,27766,27712
South Carolina,Dorchester County,96757,98683,101067,104119,107337,113235,120136,126324,130593,133560,137476,140155,142645,145614,148854,152946,156418,159533,161340,163517,165737,163484,166029,169770
South Carolina,Edgefield County,24586,24690,24962,25404,25819,26196,26135,26493,26774,27032,26966,26894,26563,26573,26655,26789,26637,26846,27151,27349,27120,26274,27347,28629
South Carolina,Fairfield County,23479,23614,23890,23904,24273,24132,24177,23917,24131,24084,23890,23591,23425,23216,23050,22899,22651,22608,22392,22322,22059,20686,20430,20392
South Carolina,Florence County,125767,126377,127343,128671,129855,130982,132489,133757,135032,136120,137088,137670,138031,138230,138837,138781,138665,138510,138294,138128,137588,136409,136860,137454
South Carolina,Georgetown County,56080,56800,57688,58387,59176,59521,59821,60277,60621,60369,60094,60192,60253,60503,60866,61506,61609,61894,62462,63025,63353,63939,64753,65812
South Carolina,Greenville County,380949,385780,390197,394242,399319,405608,415957,427970,438742,446655,452859,458972,466172,473196,481737,491218,499595,507484,515572,524748,532486,534675,548447,559696
South Carolina,Greenwood County,66303,66544,66996,67288,67255,67630,68091,68198,68862,69598,69703,69846,69966,69835,69686,69992,70175,70515,70633,70963,71074,69139,69290,69582
South Carolina,Hampton County,21344,21262,21186,21267,21072,21109,21104,21295,21212,21205,21049,20798,20738,20387,20433,19969,19804,19527,19416,19316,18053,18259,18147,18167
South Carolina,Horry County,198019,201982,206566,211725,219094,229899,242194,252464,260609,265640,270430,275545,281441,289005,298042,309350,321542,333246,344680,354418,365449,366164,383372,398374
South Carolina,Jasper County,20721,21024,21102,21236,21456,21845,22406,22971,23620,24234,24939,25303,25743,26348,26712,27490,28122,28556,29228,30294,31588,30434,31988,33642
South Carolina,Kershaw County,52851,53474,53714,54614,55415,56506,58060,59380,60395,61143,61851,62125,62296,62601,63201,63677,64337,65219,65856,66748,67472,66215,67917,70145
South Carolina,Lancaster County,61571,62250,63282,64210,65079,65875,66992,69504,72733,75394,76889,77872,79350,80698,83499,86346,89953,92517,95213,98280,100926,100540,104795,108796
South Carolina,Laurens County,69428,69407,68841,68468,67784,67629,67388,67172,67173,66897,66500,66462,66239,66177,66490,66459,66651,66858,66855,67448,67883,67837,68109,69210
South Carolina,Lee County,20088,19957,19970,20005,20157,20079,20001,19836,19697,19352,19191,18887,18634,18381,18339,17813,17508,17385,17269,16856,16701,16278,16119,15927
South Carolina,Lexington County,216873,220099,222761,226887,230832,235176,241219,246461,252747,258983,263406,266409,269868,273363,277568,281855,286521,290511,294766,299421,303946,300644,305147,309877
South Carolina,McCormick County,9957,10095,10110,10167,9982,10049,10166,10162,10224,10235,10228,10017,9926,9881,9816,9671,9597,9568,9417,9462,9430,9768,9741,9786
South Carolina,Marion County,35463,35119,34786,34690,34577,34334,33994,33842,33724,33277,33001,32774,32398,32075,31947,31769,31772,31288,30989,30565,30158,28853,28494,28522
South Carolina,Marlboro County,28800,28606,28599,28485,28351,27918,29199,29221,29079,29189,28873,28589,28263,28069,28049,27594,27023,26708,26413,26157,25581,26106,26003,25772
South Carolina,Newberry County,35958,36053,36244,36226,36312,36399,36746,37061,37192,37413,37575,37507,37542,37474,37675,37787,37957,38377,38460,38408,38445,37976,38343,38916
South Carolina,Oconee County,66434,67170,68194,68900,69615,70581,71490,72407,73089,73829,74359,74265,74574,74962,75254,75908,76508,77382,78215,79450,80015,79331,80223,81527
South Carolina,Orangeburg County,91524,91536,91676,91788,91691,92197,91761,92626,92886,92755,92346,91706,91471,90682,90058,89174,88421,87664,87106,86231,85343,82851,83165,83148
South Carolina,Pickens County,111062,111600,111806,112704,113554,114344,115570,116815,118330,119183,119217,119735,119863,119333,120651,121637,123180,123590,125176,126974,127983,132139,134405,136704
South Carolina,Richland County,321981,327446,331285,336273,345750,349003,357096,366111,373789,380245,385745,389333,393205,397015,400688,406455,409569,412492,415159,417027,419051,417306,421693,425236
South Carolina,Saluda County,19191,19191,19180,19096,18904,19131,19310,19417,19503,19677,19926,19797,19858,20053,20061,20155,20171,20262,20333,20381,20315,18908,19086,19300
South Carolina,Spartanburg County,254443,256469,258467,260223,261828,264481,268898,274215,279673,283335,284713,286180,288283,290545,293146,296741,301027,306979,314490,320254,326205,335452,346455,358690
South Carolina,Sumter County,104802,104629,105380,105112,106099,106082,105953,106014,106463,107004,107570,107316,107944,107840,107784,107346,107257,106604,106518,106635,106360,104879,104068,104410
South Carolina,Union County,29971,29813,29699,29519,29279,29241,29248,29060,29172,29100,28867,28654,28193,27991,27912,27731,27651,27433,27327,27221,26991,27028,26787,26751
South Carolina,Williamsburg County,37145,36751,36333,35592,35561,35193,35458,35444,35090,34622,34358,34101,33554,33069,32728,32515,31876,31185,30907,30256,29825,30432,30164,30028
South Carolina,York County,165620,169103,173021,177138,181839,188117,197892,208640,217463,223616,226971,230131,234151,238736,244661,250785,258140,266502,274188,281499,289105,289071,294057,298375
South Dakota,South Dakota,755844,757972,760020,763729,770396,775493,783033,791623,799124,807067,816463,823740,833859,842751,849670,854663,863693,873732,879386,887127,892717,896492,909723,918305
South Dakota,Aurora County,3045,2946,2869,2862,2860,2789,2775,2745,2750,2712,2713,2716,2763,2716,2744,2745,2772,2759,2775,2749,2730,2741,2772,2796
South Dakota,Beadle County,17030,16952,16767,16504,16370,16304,16149,16489,16810,17288,17408,17712,18003,18217,18073,18146,18154,18397,18239,18389,18513,19185,19356,19380
South Dakota,Bennett County,3572,3518,3519,3513,3519,3547,3475,3466,3429,3397,3439,3450,3451,3467,3440,3407,3458,3447,3482,3364,3399,3393,3339,3312
South Dakota,Bon Homme County,7243,7169,7091,7074,7014,6985,7174,7060,7040,7049,7077,7016,7028,6982,6977,6942,6939,6955,6919,6911,6848,7002,7088,7088
South Dakota,Brookings County,28342,28565,28913,29171,29393,29485,30323,30831,31363,31729,32003,32151,32799,33059,33304,33861,34371,34871,35266,35463,35603,34705,35442,35912
South Dakota,Brown County,35472,35303,35187,35223,35329,35441,35561,35821,35865,36181,36627,36932,37578,38149,38278,38434,38884,39332,39103,38883,38738,38108,37915,37650
South Dakota,Brule County,5334,5179,5067,5058,5030,5010,4991,5079,5112,5184,5275,5296,5292,5356,5277,5239,5202,5300,5185,5222,5254,5252,5324,5326
South Dakota,Buffalo County,1991,2004,1977,1978,1977,1959,1973,1937,1956,1858,1935,1979,2016,2025,2087,2099,2035,2014,2039,1982,1956,1894,1848,1884
South Dakota,Butte County,9093,9120,9046,9199,9284,9422,9517,9817,9977,9989,10138,10312,10222,10288,10254,10219,10130,10128,10259,10418,10538,10544,10788,10868
South Dakota,Campbell County,1781,1766,1738,1691,1647,1591,1533,1474,1456,1454,1466,1425,1406,1369,1402,1414,1387,1373,1377,1380,1380,1378,1367,1357
South Dakota,Charles Mix County,9340,9207,9164,9075,9055,9134,9110,9034,9009,9079,9144,9187,9192,9184,9238,9359,9363,9402,9309,9286,9262,9187,9237,9271
South Dakota,Clark County,4129,4144,4003,3958,3897,3827,3713,3711,3714,3688,3686,3597,3596,3627,3651,3652,3634,3677,3721,3740,3802,3871,3945,3945
South Dakota,Clay County,13510,13627,13505,13536,13449,13517,13627,13785,13959,13846,13861,13993,14077,13914,13907,13798,13980,14075,13985,14096,14246,15170,15277,15398
South Dakota,Codington County,25950,26033,26100,26184,26254,26364,26754,27036,27043,27137,27231,27431,27629,27864,27958,27907,28069,28219,28098,28092,28186,28492,28756,28952
South Dakota,Corson County,4194,4162,4208,4236,4256,4213,4041,4118,4051,3983,4074,4034,4067,4206,4170,4172,4098,4187,4137,4076,4031,3842,3797,3756
South Dakota,Custer County,7345,7368,7499,7588,7795,7810,7992,8028,8060,8095,8250,8346,8316,8408,8435,8456,8614,8747,8821,8929,9017,8648,9024,9117
South Dakota,Davison County,18763,18868,18862,18907,19104,19126,19404,19351,19318,19377,19533,19723,19958,19950,19974,19922,20034,19893,19847,19865,19812,19901,20025,19973
South Dakota,Day County,6226,6090,6040,5929,5879,5872,5805,5752,5638,5653,5724,5743,5600,5583,5510,5504,5515,5498,5487,5414,5345,5418,5478,5445
South Dakota,Deuel County,4495,4482,4473,4402,4345,4389,4394,4344,4394,4379,4352,4368,4376,4312,4323,4326,4244,4302,4317,4334,4346,4299,4357,4345
South Dakota,Dewey County,5948,5907,5825,5839,5722,5667,5537,5402,5245,5252,5336,5396,5532,5584,5666,5702,5787,5854,5904,5872,5789,5221,5078,5179
South Dakota,Douglas County,3439,3419,3351,3295,3280,3242,3131,3080,3006,3017,2994,2970,2944,2969,2924,2947,2911,2914,2919,2911,2906,2813,2797,2844
South Dakota,Edmunds County,4353,4299,4230,4196,4111,4128,4043,4026,4050,4038,4079,4042,4013,4026,3972,3998,3937,3915,3853,3857,3817,4044,4103,4067
South Dakota,Fall River County,7375,7339,7238,7212,7178,7181,7108,7083,7032,7056,7110,6960,6974,6811,6849,6809,6779,6698,6730,6688,6708,7217,7373,7369
South Dakota,Faulk County,2617,2547,2514,2493,2440,2411,2398,2406,2415,2349,2364,2355,2355,2350,2321,2310,2318,2324,2320,2307,2306,2118,2117,2135
South Dakota,Grant County,7835,7699,7672,7703,7582,7454,7410,7401,7389,7369,7340,7358,7401,7390,7315,7221,7223,7179,7123,7102,7000,7554,7535,7571
South Dakota,Gregory County,4766,4632,4550,4494,4431,4378,4311,4267,4254,4260,4268,4223,4247,4234,4227,4195,4157,4207,4197,4183,4219,3954,3993,4023
South Dakota,Haakon County,2201,2174,2134,2112,2080,2030,1984,1957,1945,1953,1924,1918,1922,1880,1845,1849,1884,1919,1888,1866,1861,1837,1830,1855
South Dakota,Hamlin County,5546,5551,5566,5558,5559,5625,5595,5696,5753,5843,5920,5964,5946,5927,5952,5977,5916,6032,6113,6224,6234,6261,6395,6450
South Dakota,Hand County,3716,3650,3589,3547,3415,3396,3390,3389,3396,3399,3438,3435,3377,3375,3340,3305,3275,3273,3234,3170,3127,3087,3123,3114
South Dakota,Hanson County,3152,3263,3287,3335,3503,3511,3414,3417,3399,3345,3330,3375,3381,3403,3422,3388,3385,3411,3369,3463,3489,3507,3461,3457
South Dakota,Harding County,1345,1337,1317,1332,1278,1257,1278,1274,1252,1263,1249,1275,1304,1259,1245,1269,1266,1243,1252,1307,1311,1325,1329,1314
South Dakota,Hughes County,16505,16351,16479,16514,16573,16682,16717,16788,16690,16867,17074,17317,17445,17444,17647,17579,17615,17697,17663,17487,17336,17762,17674,17617
South Dakota,Hutchinson County,8060,7925,7803,7769,7660,7594,7471,7436,7363,7325,7343,7249,7257,7192,7229,7270,7331,7347,7292,7287,7282,7379,7375,7423
South Dakota,Hyde County,1655,1607,1552,1587,1616,1601,1531,1467,1430,1420,1417,1399,1429,1379,1393,1387,1330,1299,1265,1295,1281,1232,1196,1190
South Dakota,Jackson County,2940,2846,2876,2927,2939,2982,2976,3008,2950,2982,3039,3158,3174,3236,3273,3281,3271,3277,3277,3335,3321,2867,2833,2772
South Dakota,Jerauld County,2259,2225,2197,2155,2102,2105,2059,2006,2023,2019,2085,2075,2056,2073,2042,2021,2007,2020,2017,2014,1985,1641,1645,1650
South Dakota,Jones County,1182,1136,1113,1074,1068,1033,1046,1014,976,990,1012,1004,991,972,956,917,929,918,924,911,938,876,870,862
South Dakota,Kingsbury County,5803,5635,5524,5435,5311,5318,5228,5177,5142,5146,5152,5167,5229,5064,5051,4951,4970,4922,4896,4907,4987,5210,5282,5262
South Dakota,Lake County,11217,11143,10922,10767,10612,10624,10659,10920,11119,11084,11260,11563,11757,11921,12101,12350,12621,12814,13045,12769,12488,10862,10945,11033
South Dakota,Lawrence County,21763,21738,21763,22135,22610,22889,23172,23543,23659,23781,24193,24335,24418,24962,24759,24862,25389,25736,25776,25908,26221,26169,27234,28106
South Dakota,Lincoln County,24557,26322,28032,29720,32343,34598,36885,39260,41590,43522,45190,46808,48414,49918,51601,52997,54568,56732,58881,61235,63019,68002,71156,73142
South Dakota,Lyman County,3908,3879,3863,3860,3827,3756,3754,3765,3669,3723,3770,3808,3775,3843,3852,3875,3905,3869,3796,3787,3797,3760,3717,3720
South Dakota,McCook County,5840,5854,5772,5776,5805,5793,5679,5699,5598,5592,5628,5539,5565,5595,5549,5485,5513,5549,5572,5560,5520,5725,5775,5809
South Dakota,McPherson County,2889,2826,2770,2728,2663,2627,2571,2518,2517,2469,2454,2451,2428,2425,2420,2399,2414,2403,2405,2388,2363,2419,2401,2335
South Dakota,Marshall County,4593,4515,4446,4420,4542,4625,4616,4591,4618,4608,4659,4627,4694,4802,4734,4830,4835,4898,4873,4913,4884,4314,4354,4358
South Dakota,Meade County,24252,24371,24646,24573,25064,25089,25085,24995,24931,25314,25454,25504,25851,26417,26737,26794,27374,28007,28305,28469,28588,30298,30679,30931
South Dakota,Mellette County,2084,2070,2042,2070,2014,2027,2030,2040,2000,2041,2051,2073,2052,2048,2068,2027,2071,2066,2032,2068,2089,1900,1867,1843
South Dakota,Miner County,2835,2769,2711,2592,2551,2508,2474,2420,2372,2407,2382,2325,2298,2312,2281,2208,2233,2200,2211,2221,2202,2311,2289,2293
South Dakota,Minnehaha County,149068,150775,152062,153740,155648,157778,160630,163577,166320,168482,169987,171482,174825,178062,180925,183563,186562,189786,191250,194153,196659,199947,203675,206464
South Dakota,Moody County,6571,6581,6515,6472,6514,6542,6537,6570,6501,6449,6498,6499,6492,6452,6436,6454,6499,6483,6479,6555,6525,6307,6366,6444
South Dakota,Pennington County,88872,89953,90677,91117,92560,93099,94394,95895,98128,99845,101348,102443,104291,106003,107613,108212,109240,110686,112260,114407,115926,111903,114269,115834
South Dakota,Perkins County,3333,3269,3243,3141,3046,2984,2977,2963,2936,2943,2995,3017,3031,3024,3022,2983,2958,2962,2899,2833,2832,2833,2807,2823
South Dakota,Potter County,2679,2592,2555,2554,2516,2444,2413,2351,2285,2283,2339,2370,2340,2358,2307,2297,2261,2216,2205,2149,2163,2473,2450,2416
South Dakota,Roberts County,10004,10023,9855,9986,10033,9939,9977,9986,9997,10013,10193,10291,10323,10238,10280,10210,10192,10269,10358,10399,10331,10180,10157,10222
South Dakota,Sanborn County,2658,2553,2538,2567,2541,2457,2410,2395,2374,2367,2352,2355,2318,2325,2331,2348,2371,2437,2387,2345,2322,2379,2413,2407
South Dakota,Shannon County,12542,12602,12872,12993,12983,13150,13404,13345,13368,13425,13644,NA,NA,NA,NA,NA,NA,NA,NA,NA,NA,NA,NA,NA
South Dakota,Spink County,7413,7204,7071,6937,6886,6814,6714,6562,6472,6435,6409,6562,6736,6663,6655,6555,6483,6516,6469,6401,6319,6265,6232,6149
South Dakota,Stanley County,2777,2745,2725,2764,2843,2822,2845,2886,2864,2906,2983,2979,2978,2982,2984,2978,3016,2987,3035,3129,3121,3034,3014,3040
South Dakota,Sully County,1545,1533,1487,1436,1410,1407,1422,1436,1375,1367,1374,1374,1429,1436,1406,1402,1409,1400,1373,1377,1391,1472,1478,1485
South Dakota,Todd County,9065,9157,9233,9260,9452,9484,9505,9631,9559,9521,9659,9848,9914,9999,9958,10050,10253,10332,10341,10303,10313,9298,9256,9175
South Dakota,Tripp County,6391,6281,6254,6184,6069,6061,5964,5800,5671,5636,5646,5634,5519,5525,5512,5423,5502,5448,5484,5430,5377,5577,5548,5607
South Dakota,Turner County,8845,8742,8576,8577,8532,8436,8382,8407,8379,8317,8353,8356,8301,8308,8193,8133,8258,8290,8392,8316,8368,8693,8890,9052
South Dakota,Union County,12564,12577,12711,12863,13002,13119,13388,13672,13825,14127,14501,14641,14801,14761,14996,14934,15174,15311,15616,16003,16192,16875,17083,17186
South Dakota,Walworth County,5932,5812,5698,5551,5525,5507,5469,5379,5368,5371,5454,5561,5449,5489,5508,5412,5469,5480,5450,5421,5336,5261,5266,5264
South Dakota,Yankton County,21616,21527,21576,21687,21869,21871,21957,22064,22267,22331,22460,22507,22594,22654,22695,22702,22653,22691,22807,22837,22742,23358,23407,23509
South Dakota,Ziebach County,2479,2514,2560,2594,2631,2663,2782,2781,2708,2737,2817,2840,2879,2855,2859,2838,2870,2747,2759,2801,2656,2383,2369,2322
Tennessee,Tennessee,5703719,5750789,5795918,5847812,5910809,5991057,6088766,6175727,6247411,6306019,6356897,6400298,6455752,6496943,6544617,6595354,6651277,6714748,6778180,6830325,6886834,6965740,7062217,7148304
Tennessee,Anderson County,71357,71461,71515,71608,71587,72040,73117,73580,74397,75031,75160,75212,75240,75323,75191,75500,75567,76113,76337,76991,77558,77632,79016,80343
Tennessee,Bedford County,37806,38414,38960,39697,40558,41616,42780,43678,44395,44845,45161,45249,45254,45567,46257,46954,47454,48214,49153,49684,50179,51201,52088,53274
Tennessee,Benton County,16537,16673,16572,16531,16517,16515,16435,16490,16431,16424,16499,16531,16447,16363,16201,16224,16094,15989,16253,16199,16131,15836,16001,16167
Tennessee,Bledsoe County,12390,12468,12446,12502,12610,12685,12847,13028,13070,12924,12863,13002,12936,13917,14514,14611,14741,14907,14847,15085,15223,14839,14769,15008
Tennessee,Blount County,106193,107916,109515,111156,113151,115336,118228,119950,121716,122689,123119,123689,124062,124937,125932,127047,128356,130106,131595,133396,134751,137624,139789,141384
Tennessee,Bradley County,88206,88934,89711,90399,91814,93024,94638,96336,97547,98360,99078,99813,101077,101819,102830,103846,104469,105575,107271,108233,109071,109766,110814,112132
Tennessee,Campbell County,39880,39802,39824,39957,40371,40397,40475,40480,40672,40790,40696,40697,40545,40262,39918,39805,39829,39824,39820,39778,39837,39457,39578,40225
Tennessee,Cannon County,12912,12990,12965,13020,13114,13153,13280,13435,13822,13823,13795,13725,13792,13704,13581,13746,13884,14162,14395,14583,14847,14537,14797,15051
Tennessee,Carroll County,29423,29447,29146,29145,29104,28707,28791,28793,28645,28474,28518,28548,28670,28614,28417,27986,27956,27824,27937,27710,27779,28291,28431,28950
Tennessee,Carter County,56789,56770,56682,57530,57532,57693,57877,57781,57895,57639,57358,57387,57355,56985,56334,56385,56481,56526,56437,56396,56418,56095,56531,57112
Tennessee,Cheatham County,35979,36377,36709,36897,37256,37668,38186,38637,38947,39170,39103,38978,39226,39335,39611,39597,39793,40436,40539,40828,41101,41460,41742,42247
Tennessee,Chester County,15549,15856,15900,15672,16225,16355,16491,16622,16840,16864,17146,17150,17080,17120,17141,17130,17132,17153,17279,17306,17432,17475,17599,17722
Tennessee,Claiborne County,29930,30095,30099,30511,30830,31206,31481,31729,32006,32056,32234,32112,31774,31645,31597,31585,31672,31700,31823,31919,32023,32055,32400,32738
Tennessee,Clay County,7968,7921,7924,7909,7947,7954,7977,7901,7862,7830,7871,7744,7706,7693,7626,7668,7660,7661,7654,7597,7629,7591,7635,7672
Tennessee,Cocke County,33595,33618,33920,34234,34393,34644,35001,35272,35666,35811,35616,35434,35535,35409,35279,35157,35243,35564,35937,36017,36225,36367,36786,37272
Tennessee,Coffee County,48224,48594,49074,49602,50077,50834,51646,52022,52460,52813,52780,52929,53165,53325,53555,54130,54593,55128,56049,56717,57632,58986,59663,60472
Tennessee,Crockett County,14545,14546,14487,14365,14434,14437,14430,14491,14541,14573,14586,14563,14612,14613,14654,14588,14464,14443,14276,14189,14180,13988,13862,13991
Tennessee,Cumberland County,47027,47849,48918,49607,50584,51758,53363,54534,55184,55672,56130,56538,57008,57462,57952,58259,58599,59077,59971,60832,61603,62391,63537,64848
Tennessee,Davidson County,570439,574119,574215,577231,583013,589787,597597,605031,612649,621008,628133,636083,649619,660560,670102,680397,686420,687808,691298,692999,694176,700966,711280,719092
Tennessee,Decatur County,11687,11691,11659,11600,11655,11597,11567,11721,11769,11779,11742,11679,11631,11693,11681,11596,11728,11711,11669,11608,11601,11408,11546,11709
Tennessee,DeKalb County,17443,17498,17678,17883,18051,18150,18289,18414,18693,18720,18727,18753,18865,19147,19218,19281,19414,19817,20045,20409,20837,20506,21013,21337
Tennessee,Dickson County,43362,43987,44586,45241,45727,46361,47229,48287,48929,49380,49733,49996,50229,50182,50484,51357,51936,52811,53467,53856,54376,55194,55793,56835
Tennessee,Dyer County,37325,37156,37166,37332,37520,37882,38043,38077,38149,38254,38349,38122,38196,38112,37835,37784,37588,37368,37233,37122,36693,36605,36392,36432
Tennessee,Fayette County,29083,30139,30936,31929,33005,33831,35667,36953,37851,38386,38432,38574,38689,38819,39131,39291,39712,40156,40529,41044,41620,42615,43296,44082
Tennessee,Fentress County,16630,16711,16865,16934,16959,17167,17514,17599,17851,17975,17946,17999,17919,17909,17856,17974,18069,18240,18362,18568,18787,18839,19336,19708
Tennessee,Franklin County,39298,39577,39889,40084,40359,40531,40877,41151,41093,41141,41010,40866,40706,41241,41320,41385,41579,41662,42016,42255,42485,43161,44156,44682
Tennessee,Gibson County,48125,47973,47897,47719,47834,47924,48101,48474,49209,49575,49717,49896,49668,49381,49437,49327,49252,49257,49181,49114,49159,50471,50855,51152
Tennessee,Giles County,29460,29613,29479,29320,29382,29454,29515,29494,29705,29695,29380,29292,28978,28810,28829,28982,29167,29401,29434,29481,29530,30411,30560,30815
Tennessee,Grainger County,20653,20715,20932,21248,21502,21871,22175,22309,22380,22513,22716,22748,22682,22733,22857,22847,23092,23119,23160,23406,23565,23801,24191,24697
Tennessee,Greene County,63081,63622,64070,64614,65364,66369,67153,67840,68328,68744,68797,69174,68773,68352,68491,68621,68582,68866,69237,69127,69571,70570,71279,72546
Tennessee,Grundy County,14306,14156,14156,14098,14146,14139,14073,14048,13963,13777,13688,13588,13583,13449,13341,13339,13284,13336,13343,13409,13485,13595,13813,13992
Tennessee,Hamblen County,58230,58710,58285,58618,59114,59918,60629,61592,62101,62330,62634,62900,62775,63068,63027,63379,63674,64084,64654,64873,65110,64361,65263,66466
Tennessee,Hamilton County,308547,310254,311890,313079,315396,317901,321350,324784,328711,332659,337294,341179,345828,349234,350972,353985,358165,361362,364626,367776,371662,369678,375861,381272
Tennessee,Hancock County,6786,6814,6798,6694,6739,6805,6730,6816,6765,6768,6831,6706,6656,6621,6619,6577,6596,6592,6552,6605,6493,6794,6838,6963
Tennessee,Hardeman County,28124,28125,28093,27948,27816,27824,27816,27835,27837,27612,27174,26874,26614,26362,25992,25823,25590,25491,25270,25049,24836,25266,25493,25523
Tennessee,Hardin County,25571,25737,25758,25657,25514,25710,25863,25983,26059,26045,26025,25871,25966,25931,25808,25760,25746,25708,25659,25627,25583,26980,27240,27449
Tennessee,Hawkins County,53669,54032,54302,54739,55029,55539,56030,56380,56698,56856,56848,56632,56574,56719,56506,56397,56599,56671,56774,56855,56775,57206,57915,58608
Tennessee,Haywood County,19804,19822,19524,19456,19573,19392,19288,19142,18996,18860,18762,18550,18282,18241,18243,18040,17820,17606,17281,17244,17002,17673,17470,17312
Tennessee,Henderson County,25595,25744,25930,26091,26237,26581,27066,27370,27655,27748,27752,28048,28094,28057,28107,28092,27860,27868,27924,28050,28076,27916,27907,28065
Tennessee,Henry County,31131,31214,31343,31195,31265,31538,31686,31833,32106,32234,32349,32442,32379,32247,32247,32133,32213,32387,32289,32309,32056,32248,32328,32454
Tennessee,Hickman County,22467,22788,23203,23292,23676,23940,24159,24490,24623,24597,24659,24369,24200,24219,24481,24395,24656,24871,25017,25155,25387,25082,25479,25788
Tennessee,Houston County,8016,8051,8028,8073,7973,8060,8080,8219,8320,8375,8436,8346,8425,8276,8222,8127,8110,8160,8235,8206,8292,8292,8230,8398
Tennessee,Humphreys County,17920,18060,17976,17962,17918,18017,18234,18405,18411,18477,18552,18403,18285,18243,18145,18153,18378,18519,18559,18596,18590,19179,19046,19293
Tennessee,Jackson County,11049,11208,11259,11328,11396,11385,11317,11391,11555,11539,11654,11566,11602,11569,11531,11541,11621,11709,11802,11838,11864,11771,12022,12344
Tennessee,Jefferson County,44566,45111,45634,46673,47200,47785,49079,50184,51014,51288,51437,51918,52316,52157,52439,53049,53193,53760,53989,54563,55307,55550,56739,57897
Tennessee,Johnson County,17547,17709,17780,17966,18007,18153,18059,18212,18220,18203,18258,18227,18164,18020,17942,17851,17782,17611,17759,17773,17849,18061,18044,18376
Tennessee,Knox County,382887,385823,389443,394263,398307,404234,411785,419096,425276,429475,433108,436822,440883,444453,448112,451551,456410,461977,466787,470137,475609,486005,495882,501576
Tennessee,Lake County,7943,8009,8003,8044,7885,7847,7846,7846,7812,7804,7826,7794,7718,7712,7679,7603,7528,7450,7387,7010,6988,6588,6493,6407
Tennessee,Lauderdale County,27108,27359,27417,27439,27318,27402,27548,27703,27840,27860,27773,27703,27698,27578,27359,26907,25319,26088,25980,25608,25451,24888,24725,24554
Tennessee,Lawrence County,39940,39994,40524,40547,40596,40794,40773,41072,41272,41487,41991,42165,42162,42037,42313,42607,43087,43406,43814,44163,44432,44768,45476,46033
Tennessee,Lewis County,11405,11483,11540,11599,11630,11654,11817,11961,11986,12078,12173,12151,11950,12001,11893,11884,11894,12028,12105,12267,12363,12856,12934,13146
Tennessee,Lincoln County,31381,31515,31540,31663,31665,32014,32310,32563,32975,33138,33439,33386,33386,33515,33465,33634,33616,33941,34257,34436,34540,35444,36006,36193
Tennessee,Loudon County,39228,40093,40993,41813,42679,43923,45207,46294,47342,47940,48725,49200,49842,50408,50613,50950,51427,52319,53152,54039,54910,56800,58255,60581
Tennessee,McMinn County,49148,49711,49934,50257,50441,50999,51610,51912,52284,52332,52236,52334,52441,52437,52687,52519,52697,52918,53329,53810,54208,53922,54680,55720
Tennessee,McNairy County,24681,24571,24579,24758,24890,25134,25445,25541,25766,25940,26109,26079,26148,26040,26039,25874,25845,26030,25837,25662,25696,25853,25971,26065
Tennessee,Macon County,20472,20830,20781,20917,21148,21254,21556,21693,22017,22110,22294,22452,22486,22634,22916,23075,23364,23931,24294,24624,24827,25678,26225,26837
Tennessee,Madison County,92048,92985,93503,93849,94692,95400,96681,97021,97064,97727,98395,98095,98532,98760,98172,97613,97535,97543,97706,98046,98360,98580,99264,99390
Tennessee,Marion County,27749,27807,27804,27955,27769,27751,27992,28074,28138,28143,28269,28107,28237,28337,28416,28407,28375,28425,28593,28878,28924,28960,29101,29458
Tennessee,Marshall County,26863,27130,27305,27474,27841,28181,28821,29494,30108,30403,30684,30855,30980,31147,31293,31597,32076,33077,33865,34507,35016,35057,35862,37008
Tennessee,Maury County,69651,69789,70574,71768,72885,73962,75795,77857,79666,80685,81141,81601,82147,83722,85498,87547,89719,92393,94577,96795,99590,104965,108007,110734
Tennessee,Meigs County,11091,11162,11155,11120,11218,11241,11346,11436,11606,11753,11762,11689,11673,11668,11713,11813,11974,12054,12267,12358,12532,13022,13265,13682
Tennessee,Monroe County,39130,39371,39889,40438,41291,42163,42955,43735,44437,44341,44608,44911,45106,45242,45407,45645,45905,46032,46303,46650,47177,46651,47694,48578
Tennessee,Montgomery County,135536,136801,138098,139322,143761,151122,153054,160642,162144,168866,173307,176603,184946,184480,189294,192749,194823,200228,205849,209807,214251,227780,235252,240398
Tennessee,Moore County,5728,5778,5928,5900,5998,6088,6123,6210,6299,6334,6363,6368,6290,6276,6286,6261,6287,6387,6431,6439,6438,6644,6715,6774
Tennessee,Morgan County,19801,20161,20352,20634,20759,20959,21156,21601,21734,21832,21998,22010,21908,21691,21714,21514,21761,21574,21541,21385,21431,21120,21176,21503
Tennessee,Obion County,32507,32370,32354,32353,32346,32179,31990,31972,31971,31791,31799,31679,31320,31032,30845,30580,30572,30409,30353,30249,30131,30461,30365,30403
Tennessee,Overton County,20192,20299,20427,20386,20791,20983,21371,21683,21756,21988,22086,22160,22158,21965,21945,22062,21951,21995,22071,22271,22566,22836,22992,23358
Tennessee,Perry County,7613,7478,7530,7617,7595,7594,7620,7692,7794,7851,7935,7867,7856,7883,7822,7855,7888,7963,8065,8084,8099,8499,8702,8911
Tennessee,Pickett County,4933,4999,5097,5031,4984,4997,5023,5053,5122,5101,5061,5125,5049,5015,5081,5143,5093,5069,5050,5068,5061,5071,5102,5114
Tennessee,Polk County,16132,16361,16268,16355,16285,16386,16539,16599,16759,16730,16823,16772,16626,16636,16690,16778,16787,16769,16880,16764,16835,17722,17799,18066
Tennessee,Putnam County,62487,63130,64013,64810,65851,66871,68493,69468,70746,71579,72564,73071,73540,74106,74946,75091,75984,77246,78596,79957,80929,81262,82603,83952
Tennessee,Rhea County,28428,28601,28884,29257,29469,29919,30440,30769,31308,31717,31842,32088,32378,32545,32648,32402,32530,32709,32933,33206,33443,33539,34056,34319
Tennessee,Roane County,51957,52166,52325,52780,53115,53175,53821,54129,54374,54367,54091,53996,53628,53175,52870,52799,52988,53039,53313,53476,53841,54156,55256,56223
Tennessee,Robertson County,54795,55861,56795,57682,58618,59720,61551,63143,64780,65791,66469,66775,66809,67423,68063,68709,69439,70342,71159,71693,72275,74054,75402,76820
Tennessee,Rutherford County,183600,189901,196518,203483,211714,221318,233247,243953,252565,259078,263740,269206,274482,281277,289014,298401,307724,316777,324809,332125,339261,351241,362044,369649
Tennessee,Scott County,21170,21481,21593,21567,21688,21865,22034,22179,22214,22195,22231,22107,22176,22068,21994,21896,21899,21971,22036,22102,22090,21895,22033,22245
Tennessee,Sequatchie County,11318,11470,11740,12062,12422,12819,13282,13650,13904,14137,14095,14272,14349,14537,14636,14641,14748,14766,14919,15071,15176,16448,16943,17189
Tennessee,Sevier County,71776,73563,75035,76616,78610,81275,84098,86284,87983,89096,90072,91201,92385,93515,94716,95492,96613,97544,98231,98402,99244,99667,99318,100224
Tennessee,Shelby County,898211,899345,902634,906733,909643,913201,920106,921119,920685,922541,929030,933321,939421,938713,937949,937598,936716,936012,937239,937070,936017,923255,918382,913909
Tennessee,Smith County,17784,17962,18104,18236,18302,18521,18726,18905,19179,19219,19147,19211,19185,19123,19104,19316,19542,19743,19946,20115,20285,20166,20485,20545
Tennessee,Stewart County,12444,12548,12662,12678,12644,12843,12866,12997,13199,13253,13350,13223,13309,13277,13211,13193,13191,13424,13594,13699,13859,13813,14001,14246
Tennessee,Sullivan County,152995,152718,153160,153280,152808,153463,154227,155367,156028,156661,156794,156895,156367,156258,156509,156336,156372,157154,157785,158469,158755,159228,160891,162054
Tennessee,Sumner County,131207,133681,136097,138153,141103,144124,148941,152949,155999,158819,161250,163713,166026,168839,172380,175467,179474,184016,187854,191497,195561,200536,204018,208423
Tennessee,Tipton County,51577,52696,53382,54037,54581,56022,57466,58866,60128,60866,61118,61313,61542,61594,61625,61570,61242,61335,61601,61715,61918,61071,61577,61885
Tennessee,Trousdale County,7395,7350,7334,7295,7315,7443,7531,7694,7777,7881,7870,7812,7795,7814,8001,8053,9955,10833,11030,11277,11455,11607,12085,12301
Tennessee,Unicoi County,17686,17642,17765,17918,17936,17937,18143,18205,18291,18367,18278,18303,18256,18102,17957,17830,17736,17833,17867,17914,17755,17617,17606,17812
Tennessee,Union County,17891,18322,18453,18652,18653,18734,18896,19041,19208,19225,19068,19193,19107,19064,18992,19159,19222,19394,19651,19936,20187,20018,20483,20747
Tennessee,Van Buren County,5507,5475,5505,5415,5412,5413,5406,5480,5541,5540,5550,5555,5652,5573,5696,5697,5721,5747,5777,5874,5947,6295,6455,6576
Tennessee,Warren County,38371,38566,38500,38828,38864,38987,39190,39365,39534,39709,39899,39910,39757,39883,39993,40271,40424,40698,40859,41269,41605,41482,42014,42655
Tennessee,Washington County,107469,107775,109526,110592,111849,113552,115923,117833,120056,121692,123338,123910,124914,125454,125821,126238,127439,127869,129025,129670,130367,133473,136339,138628
Tennessee,Wayne County,16819,17075,17078,17036,17010,17006,17033,16991,17004,17048,17005,16997,16972,16918,16857,16765,16754,16637,16633,16644,16524,16334,16259,16047
Tennessee,Weakley County,34927,34491,34443,34300,34307,34407,34289,34256,34484,34732,35024,34860,34556,34154,34003,33875,33591,33323,33368,33269,33334,32880,33032,33110
Tennessee,White County,23160,23468,23650,23754,24069,24489,24866,25250,25548,25789,25847,26058,26043,26207,26279,26363,26473,26780,27099,27378,27707,27544,28004,28697
Tennessee,Williamson County,128134,132536,136953,141876,147439,154099,161902,169534,175498,180332,184035,188464,193207,199177,205395,211713,219105,226373,232517,238556,245348,256155,261536,265312
Tennessee,Wilson County,89220,91020,93033,94924,97139,99960,103697,106757,110474,112350,114537,116814,119172,122033,125253,128610,132649,136824,140909,144507,148130,152044,159029,164352
Texas,Texas,20944499,21319622,21690325,22030931,22394023,22778123,23359580,23831983,24309039,24801761,25257114,25645504,26084120,26479646,26963092,27468531,27914064,28291024,28624564,28986794,29360759,29570351,30113488,30727890
Texas,Anderson County,55062,54263,54740,56068,56245,56873,57386,57870,57963,58410,58452,58404,58074,57982,57846,57665,57595,58232,58138,57816,57805,58317,57296,59134
Texas,Andrews County,12949,12856,13022,12976,13006,13016,13195,13513,14099,14601,14833,15387,16102,16774,17424,18058,17775,17599,18063,18821,18879,18417,18372,18722
Texas,Angelina County,80270,80273,80803,81510,82070,82553,83810,84518,84961,86029,86953,87299,87511,87317,87575,87837,87661,87523,86854,86761,86796,86852,87229,87698
Texas,Aransas County,22452,22287,22616,22843,23067,23561,23395,23172,23225,23291,23151,23222,23466,23893,24573,24812,25216,25421,23283,23364,23814,24522,24973,25351
Texas,Archer County,8966,8849,8942,9013,9078,9068,9063,9026,9104,9023,9060,8840,8815,8799,8842,8762,8780,8788,8778,8692,8730,8703,8858,9066
Texas,Armstrong County,2166,2128,2036,2001,2023,2037,1989,1936,1936,1911,1902,1936,1953,1940,1914,1901,1838,1866,1859,1853,1869,1839,1857,1830
Texas,Atascosa County,38805,39828,40767,41306,42109,42495,43059,43611,43947,44623,45003,45506,46444,47029,47730,48382,48689,49094,50325,51140,51724,49991,50935,52039
Texas,Austin County,23836,24341,24818,25388,25976,26331,26828,27454,27935,28254,28443,28612,28572,28690,28975,29477,29650,29729,30000,30107,29972,30441,31067,31661
Texas,Bailey County,6596,6636,6637,6791,6945,7024,7001,6927,6979,7050,7180,7175,7139,7123,6962,7219,7138,6987,6901,6859,6697,6805,6853,6853
Texas,Bandera County,17755,18125,18652,19044,19226,19428,19775,20254,20407,20365,20523,20526,20579,20543,20800,21127,21678,22312,22816,23181,23861,21525,22127,22629
Texas,Bastrop County,58234,61106,63508,65825,67122,68233,69720,71348,72389,73587,74403,75058,74745,75809,77726,80109,82642,84624,86590,88737,91601,102294,106484,111131
Texas,Baylor County,4135,3930,3897,3941,3955,3877,3870,3905,3747,3726,3725,3696,3593,3581,3569,3610,3636,3554,3565,3525,3518,3456,3476,3499
Texas,Bee County,32200,31695,31804,32620,32352,32101,31977,31936,31814,31864,31887,32316,32486,32811,32847,32620,32823,32598,32494,32618,32513,30842,30995,31308
Texas,Bell County,239890,244299,249671,252922,258138,266017,273771,287752,297873,301050,313000,315915,325138,327254,330436,336434,341477,347683,355722,363693,369927,380611,387828,394065
Texas,Bexar County,1398834,1419020,1446755,1469623,1500919,1529270,1573935,1615210,1651709,1685628,1723780,1755360,1788768,1821354,1857977,1894811,1927409,1956394,1981061,2002445,2026823,2031319,2063840,2098189
Texas,Blanco County,8495,8776,8950,9096,9337,9554,9686,9835,10061,10315,10527,10569,10619,10639,10807,11030,11291,11473,11661,11971,12269,11887,12439,13093
Texas,Borden County,715,677,685,666,671,638,634,597,612,618,647,632,613,646,665,655,658,669,650,656,706,618,581,570
Texas,Bosque County,17218,17338,17474,17647,17871,17990,18046,18077,17939,18004,18269,18260,18127,17864,17715,17860,18035,18309,18598,18594,18603,18492,18701,18982
Texas,Bowie County,89156,88942,88813,88839,89055,89239,90235,90456,91349,92231,92723,92832,93068,93425,93337,93146,93575,93625,93922,93505,93481,92290,91689,91692
Texas,Brazoria County,243116,248280,255246,261269,268051,274336,284248,293296,301336,309236,314494,319214,324295,329961,337632,345295,353361,362261,369470,374699,380518,379174,388946,401422
Texas,Brazos County,153145,155533,159297,163279,166150,169824,175433,179472,185098,191434,195693,197481,200304,204164,209039,216339,219881,223985,226011,229418,232555,237637,242515,247263
Texas,Brewster County,8903,8836,8945,9030,9002,8830,8790,8843,8868,9054,9300,9350,9262,9288,9148,9140,9213,9324,9236,9144,9237,9481,9381,9579
Texas,Briscoe County,1796,1764,1746,1763,1768,1726,1704,1647,1651,1634,1631,1658,1576,1563,1553,1515,1481,1515,1511,1542,1487,1403,1441,1451
Texas,Brooks County,7944,7669,7668,7627,7593,7562,7490,7413,7345,7297,7201,7223,7203,7266,7237,7203,7220,7138,7084,7093,6964,7023,6960,6895
Texas,Brown County,37689,37599,37766,37654,37940,38172,38492,38221,38135,38001,38145,37995,37804,37663,37544,37729,38056,37816,37750,37770,37633,38155,38411,38477
Texas,Burleson County,16553,16650,16666,16881,16964,17167,17000,16982,17025,17076,17209,17330,17437,17272,17388,17612,17862,18055,18329,18425,18514,18109,18739,19575
Texas,Burnet County,34505,35741,36850,37776,38966,39798,41109,42026,42477,42611,42854,43221,43383,43580,43957,44738,45836,46592,47377,48280,49653,51145,52578,54336
Texas,Caldwell County,32378,33654,34715,35330,36200,36388,36533,36906,37671,37829,38141,38432,38648,39167,39670,40386,41095,42302,43129,43579,43979,46939,47920,50107
Texas,Calhoun County,20676,20762,20550,20575,20692,20715,20839,20888,21127,21388,21360,21353,21564,21719,21799,21873,21939,21716,21455,21237,21001,19801,19735,19798
Texas,Callahan County,12885,12703,12799,12913,13156,13281,13309,13418,13474,13548,13540,13513,13488,13502,13508,13595,13789,13967,13986,13941,14110,14106,14275,14455
Texas,Cameron County,336123,342368,350194,358492,366299,373429,380169,386306,393000,400303,408054,413116,415729,417129,418698,419062,420894,421506,421446,422649,424180,422805,425819,428508
Texas,Camp County,11568,11399,11549,11582,11715,11990,12068,12253,12331,12364,12424,12421,12487,12462,12654,12691,12751,12829,12974,13078,13060,12607,12750,13041
Texas,Carson County,6492,6385,6508,6391,6381,6449,6413,6361,6260,6220,6165,6240,6090,5988,6035,6014,6093,6003,5966,5867,5854,5716,5809,5865
Texas,Cass County,30412,30134,30120,30065,30053,30088,30095,30176,30217,30297,30487,30279,30032,30235,30119,30137,30048,29958,30125,30002,29879,28579,28530,28668
Texas,Castro County,8229,8155,8083,8037,7947,7908,7780,7737,7758,7856,8110,8089,8254,8108,7912,7774,7730,7668,7529,7484,7396,7369,7307,7330
Texas,Chambers County,26188,26811,27490,28021,28749,29388,29980,30714,31619,34230,35311,35693,36497,37359,38287,39025,40160,41249,42128,43726,45590,48714,51403,54193
Texas,Cherokee County,46790,47007,47136,47832,48315,48751,49162,49669,49976,50447,50923,51082,51271,51089,51187,51567,51870,52099,52299,52561,52875,51278,51666,52651
Texas,Childress County,7676,7531,7428,7411,7366,7205,7214,7148,7123,7030,7060,7028,7102,7061,7201,7177,7204,7260,7265,7222,7143,6786,6834,6757
Texas,Clay County,11064,11131,11292,11270,11278,11317,11157,11051,10843,10832,10728,10668,10525,10458,10380,10363,10268,10496,10439,10465,10550,10310,10484,10694
Texas,Cochran County,3707,3674,3521,3490,3373,3338,3257,3194,3100,3086,3137,3083,3029,3013,2948,2979,2913,2847,2816,2825,2897,2483,2551,2571
Texas,Coke County,3844,3810,3732,3678,3559,3540,3492,3375,3348,3310,3324,3264,3198,3175,3211,3220,3255,3278,3317,3316,3323,3324,3347,3378
Texas,Coleman County,9180,9103,8937,8827,8817,8739,8853,8774,8899,8867,8892,8748,8673,8533,8422,8317,8415,8402,8364,8125,8100,7718,7863,7909
Texas,Collin County,499118,534642,563565,589394,617802,647187,683935,714330,741264,765791,788407,812083,834839,856063,884410,915014,944313,972724,1006012,1035072,1072069,1114687,1163724,1207964
Texas,Collingsworth County,3193,3086,3093,3026,3028,2980,2952,2973,3017,3042,3062,3085,3023,3098,3014,3007,3009,2958,2928,2921,2877,2609,2584,2561
Texas,Colorado County,20326,20125,20328,20507,20450,20493,20608,20648,20818,20784,20898,20803,20724,20717,20695,20946,21091,21301,21317,21467,21610,20732,20926,21250
Texas,Comal County,78583,80630,82797,84837,88119,91018,95637,99540,103272,106350,109382,112128,114897,118663,123268,128870,134408,140721,148230,156435,164812,174971,184799,194097
Texas,Comanche County,13998,13710,13582,13526,13646,13746,13814,13775,13834,13912,13981,13870,13723,13552,13470,13392,13554,13531,13519,13629,13750,13800,13903,14058
Texas,Concho County,3963,3921,3959,3991,4018,4039,3957,4018,4108,4076,4077,4121,4082,4118,4080,4065,4134,2701,2679,2749,2827,3349,3371,3280
Texas,Cooke County,36433,36844,37390,37598,37815,38143,38241,38252,38223,38413,38452,38452,38729,38465,38772,39179,39334,39903,40434,41074,41393,42399,43047,43779
Texas,Coryell County,75199,74083,73135,71364,71943,72610,72217,73324,74552,74673,75645,76656,78515,76827,76245,76242,74924,74886,74791,76543,76737,84400,84224,85620
Texas,Cottle County,1883,1774,1726,1699,1679,1653,1577,1513,1527,1509,1505,1507,1485,1442,1427,1437,1398,1373,1375,1385,1363,1353,1317,1292
Texas,Crane County,3951,3893,3891,3847,3865,3840,3855,3976,4157,4333,4383,4357,4522,4716,4894,4991,4776,4675,4718,4759,4765,4636,4557,4587
Texas,Crockett County,4012,3844,3841,3862,3857,3851,3739,3759,3783,3740,3711,3655,3707,3765,3791,3736,3652,3528,3448,3468,3513,3015,2952,2842
Texas,Crosby County,7053,6955,6852,6718,6625,6521,6466,6262,6192,6057,6059,6041,6033,5923,5826,5918,5905,5850,5743,5701,5567,5082,5010,4990
Texas,Culberson County,2948,2865,2829,2778,2695,2648,2587,2536,2490,2384,2403,2393,2317,2305,2282,2252,2216,2227,2176,2146,2149,2183,2159,2195
Texas,Dallam County,6224,6210,6159,6148,6208,6238,6205,6336,6506,6571,6738,6887,7058,7111,7214,7301,7321,7248,7262,7255,7273,7185,7271,7372
Texas,Dallas County,2220848,2249418,2250326,2246432,2244020,2250830,2275434,2291891,2314018,2346378,2377351,2409257,2456296,2484675,2519407,2557615,2591488,2620425,2629764,2635603,2635888,2589162,2613712,2636254
Texas,Dawson County,14935,14863,14429,14354,14062,14092,13987,13865,13804,13741,13867,13750,13614,13224,13451,13000,13000,12734,12551,12985,12974,12367,12171,11903
Texas,Deaf Smith County,18515,18391,18439,18454,18671,18737,18770,18916,19054,19084,19447,19519,19369,19174,19116,18819,18823,18742,18686,18559,18277,18383,18433,18460
Texas,Delta County,5323,5295,5366,5310,5409,5314,5355,5199,5252,5180,5253,5145,5240,5117,5137,5154,5131,5268,5311,5327,5349,5339,5417,5563
Texas,Denton County,438791,463688,487617,509732,529811,553669,584561,609001,630104,649702,667053,684842,707027,727776,752355,778799,807566,834649,858148,888765,919324,944086,980355,1013736
Texas,DeWitt County,19943,20066,20015,20034,20176,20342,20108,19961,19902,20048,20106,20207,20360,20381,20519,20632,20598,20164,20042,20105,20174,19965,19783,20238
Texas,Dickens County,2724,2653,2679,2670,2641,2563,2466,2461,2400,2423,2453,2402,2324,2299,2214,2203,2191,2192,2200,2185,2140,1736,1734,1711
Texas,Dimmit County,10160,10030,10042,10075,9964,10031,9972,9845,9833,9848,10040,10109,10472,10898,10993,10914,10676,10281,10176,10104,9925,8481,8377,8279
Texas,Donley County,3813,3829,3825,3898,3915,3833,3779,3806,3688,3670,3681,3686,3645,3561,3483,3390,3387,3334,3292,3263,3308,3360,3275,3177
Texas,Duval County,13007,12830,12707,12570,12539,12426,12298,12097,11945,11917,11739,11778,11564,11563,11487,11313,11411,11239,11124,11139,11058,9999,9688,9626
Texas,Eastland County,18296,18061,18252,18333,18442,18533,18545,18636,18520,18497,18602,18583,18461,18279,18259,18151,18233,18278,18278,18267,18388,17860,17909,18199
Texas,Ector County,120694,120802,122199,122739,124163,125378,127476,130459,133064,136930,137145,139631,144472,149629,154553,159859,157748,156823,161859,166204,167701,160809,161480,165450
Texas,Edwards County,2143,2070,2056,2042,2027,2011,1995,2062,2084,2012,1993,1979,1990,1899,1904,1911,1915,1931,1903,1915,1923,1430,1423,1391
Texas,Ellis County,112330,115286,118737,122620,125733,129955,135276,139988,144394,147392,150462,152419,153779,155972,159239,163331,168367,173434,179094,184765,191760,203214,212548,223324
Texas,El Paso County,681729,689163,696446,705200,717652,728095,744795,755578,769930,786759,804338,819796,832118,830585,833370,831382,834112,836087,835590,837501,841286,867700,868890,874836
Texas,Erath County,33057,33045,33619,34131,34887,35336,36355,36678,37137,37594,37948,38925,39408,39893,40525,41200,41375,41744,42251,42536,43224,43387,43929,44439
Texas,Falls County,18522,18280,18090,18086,18066,17990,17945,17712,17698,17762,17879,17853,17572,17244,17211,17215,17279,17342,17225,17282,17275,17113,16958,17670
Texas,Fannin County,31334,31400,31808,32380,32692,33221,33540,33644,33870,33865,33905,33884,33601,33509,33606,33501,33937,34570,35258,35554,35913,36902,37237,37865
Texas,Fayette County,21864,22397,22668,22910,23107,23342,23631,23898,24347,24470,24531,24734,24645,24705,24761,24923,24999,25110,25272,25308,25547,24736,24987,25485
Texas,Fisher County,4340,4257,4242,4191,4118,4135,4098,4080,4065,4014,3954,3947,3837,3857,3873,3876,3874,3869,3798,3810,3784,3675,3639,3618
Texas,Floyd County,7734,7452,7289,7364,7130,6983,6855,6683,6528,6508,6423,6371,6352,6248,5950,5845,5849,5832,5801,5754,5672,5296,5250,5116
Texas,Foard County,1594,1606,1536,1513,1492,1439,1432,1383,1334,1321,1341,1359,1309,1285,1273,1223,1196,1197,1183,1156,1135,1058,1062,1084
Texas,Fort Bend County,358738,375708,397943,418747,441139,462953,490916,516564,542957,569130,590350,605979,624737,651770,683977,715260,744489,768258,789269,812737,839706,860626,893319,927120
Texas,Franklin County,9459,9521,9536,9597,9731,10745,10755,10799,10604,10601,10614,10561,10633,10612,10561,10600,10686,10801,10776,10749,10821,10500,10641,10737
Texas,Freestone County,17902,18127,18395,18483,18684,18843,19123,19162,19446,19743,19831,19602,19484,19599,19678,19745,19658,19651,19786,19753,19874,19795,20006,20358
Texas,Frio County,16203,16315,16467,16477,16532,16618,16720,16776,16939,17120,17224,17491,17924,18397,18930,19348,19547,19818,20121,20199,20379,17944,18220,18811
Texas,Gaines County,14473,14451,14453,14747,14978,15331,15707,16187,16641,17163,17594,17907,18305,18798,19319,20204,20477,20575,20799,21540,21996,21885,22157,22524
Texas,Galveston County,250675,254521,260096,265269,269760,274806,279182,283770,288643,287428,292607,295632,301099,306652,313451,321074,329038,334691,337639,341541,345089,355616,357735,362586
Texas,Garza County,4904,5275,5385,5531,5800,5742,5996,6049,6158,6368,6449,6556,6413,6364,6409,6384,6197,6480,6227,6238,6222,6265,4527,4590
Texas,Gillespie County,20902,21104,21585,22128,22454,22858,23487,23787,24206,24608,24899,25041,25177,25364,25476,25913,26225,26520,26706,26927,26960,27313,27572,27809
Texas,Glasscock County,1407,1351,1339,1332,1290,1273,1202,1164,1218,1224,1228,1238,1280,1271,1326,1379,1365,1366,1397,1430,1439,1138,1145,1151
Texas,Goliad County,7007,7020,7051,7135,7071,7070,7121,7142,7164,7157,7223,7208,7329,7454,7509,7517,7516,7559,7583,7607,7626,7134,7144,7183
Texas,Gonzales County,18642,18714,18882,19181,19370,19656,19633,19512,19538,19628,19866,19753,19923,20135,20331,20492,20784,20743,20768,20899,20948,19641,19865,20030
Texas,Gray County,22578,22171,21940,21762,21551,21776,22100,22438,22772,22719,22456,22663,22922,22994,23425,23262,22713,22089,22006,21849,21658,21128,20986,21030
Texas,Grayson County,110939,112330,113239,114421,114998,115666,117174,118331,118834,120069,121145,121429,121866,122385,123628,125672,128309,131085,133780,136143,138318,139652,143292,147056
Texas,Gregg County,111255,111791,112767,113775,114541,115402,117118,118260,119157,121238,121854,122719,123154,123313,123225,123887,123493,122985,123362,124098,124229,124205,125668,126531
Texas,Grimes County,23601,24219,24736,25016,25209,25350,25639,26046,26273,26422,26659,26663,26686,26796,26998,27302,27479,27924,28280,28940,29614,30148,31141,32527
Texas,Guadalupe County,89841,92626,95246,98137,101495,105585,111878,117667,123398,128265,132431,135816,139657,142895,146832,150608,154510,159666,163397,166970,170608,177328,182953,189056
Texas,Hale County,36581,35876,35598,35553,36259,36066,36162,36080,35662,35926,36377,36383,36248,35660,34435,34010,34062,33901,33501,33098,32754,32212,32007,32014
Texas,Hall County,3749,3750,3709,3699,3665,3613,3582,3440,3398,3343,3355,3312,3269,3163,3072,3093,3112,3043,3038,2992,2939,2845,2820,2810
Texas,Hamilton County,8239,8169,8069,8225,8181,8263,8389,8452,8497,8527,8501,8393,8251,8244,8164,8084,8245,8413,8492,8465,8557,8234,8314,8593
Texas,Hansford County,5347,5299,5242,5216,5209,5258,5293,5365,5512,5556,5625,5580,5532,5543,5560,5652,5572,5470,5456,5380,5279,5121,5117,5097
Texas,Hardeman County,4718,4609,4547,4534,4474,4417,4409,4296,4187,4086,4152,4160,4098,4067,3992,3922,3981,3956,3914,3927,4011,3549,3509,3470
Texas,Hardin County,48162,48463,49045,49472,50220,51141,51470,52446,53206,54228,54748,55074,55129,55311,55516,55767,56310,57194,57175,57796,58305,57141,57819,58227
Texas,Harris County,3414239,3471291,3536682,3586133,3630185,3681829,3807435,3863344,3938580,4034866,4110771,4179279,4262549,4352419,4454951,4556559,4622836,4655798,4676913,4709243,4738253,4736633,4806747,4903450
Texas,Harrison County,62040,62256,62062,62018,62583,62811,63699,63661,64107,65185,65766,66350,66273,66287,66605,66710,66657,66516,66693,66484,66386,69550,70047,71004
Texas,Hartley County,5561,5601,5364,5789,5800,5794,5911,6047,5820,5970,6066,6035,6092,6011,6059,5705,5733,5701,5556,5507,5443,5383,5220,5137
Texas,Haskell County,6062,6034,5915,5883,5851,5904,5817,5802,5839,5862,5890,5956,5883,5899,5811,5819,5749,5696,5689,5665,5754,5379,5412,5442
Texas,Hays County,99267,104739,111397,115665,119395,125302,132111,140480,147674,153619,158312,163161,168406,175933,184764,194588,204581,214863,222928,230400,241365,256002,269476,281697
Texas,Hemphill County,3335,3327,3357,3362,3410,3480,3523,3538,3680,3802,3797,3961,4098,4158,4171,4283,4104,3944,3850,3831,3777,3325,3204,3143
Texas,Henderson County,73332,73762,74712,76349,77807,78001,78404,78178,78033,78231,78647,78829,78989,78679,79331,79509,80099,80976,82155,82822,83792,83655,84508,86277
Texas,Hidalgo County,573216,590067,610520,632475,653779,674982,695352,715264,736694,757468,780087,795305,807930,818047,829065,838741,847759,854739,860765,867221,875200,879929,889799,902443
Texas,Hill County,32539,32766,33120,33755,34064,34203,34484,34650,34997,35005,35136,35210,35165,34859,34778,34841,35101,35722,36178,36536,37006,36379,37320,38206
Texas,Hockley County,22670,22662,22745,22955,22919,23094,22912,22844,22958,23086,22864,22907,23053,23387,23446,23291,23051,22974,22929,23055,22921,21261,21227,21325
Texas,Hood County,41323,42425,43344,44448,45411,46470,47952,48870,50112,50841,51306,51564,52132,52872,53827,55246,56595,57994,60249,61762,63527,64292,66315,67681
Texas,Hopkins County,31999,32203,32335,32625,33061,33330,33746,34331,34472,34919,35230,35261,35309,35297,35686,35970,36163,36456,36690,37063,37170,37214,37834,38261
Texas,Houston County,23135,23122,23257,23336,23578,23500,23551,23641,23635,23660,23723,23433,23212,22806,22807,22743,22892,23073,23033,22877,22835,21971,21936,22082
Texas,Howard County,33489,33279,33479,33396,33403,33277,33328,33817,34393,34882,35003,34967,35485,36170,36513,37114,36202,35778,35813,36732,36540,34360,30745,30704
Texas,Hudspeth County,3357,3405,3398,3345,3345,3416,3459,3462,3374,3423,3487,3409,3353,3333,3300,3534,4259,4615,4782,4875,4906,3278,3454,3483
Texas,Hunt County,76932,78431,80234,80958,82092,82822,83770,84351,84447,85261,86353,86688,86992,87447,88664,89708,91920,94058,96667,98559,99807,103596,108532,113754
Texas,Hutchinson County,23778,23247,23116,22773,22478,22209,22176,22138,21851,22184,22122,22023,22024,21924,21917,21798,21540,21339,21068,20899,20677,20448,20176,19997
Texas,Irion County,1758,1673,1697,1672,1629,1613,1649,1609,1571,1587,1606,1601,1582,1621,1586,1555,1575,1523,1541,1565,1564,1536,1544,1563
Texas,Jack County,8752,8710,8916,8965,9028,9092,9177,9068,9030,9057,9028,9031,8992,8950,8881,8886,8785,8829,8826,8945,9056,8549,8755,9220
Texas,Jackson County,14397,14187,14172,14070,14039,14037,13954,13857,13957,14089,14077,14050,14271,14609,14723,14807,14871,14798,14826,14760,14854,15121,15162,15195
Texas,Jasper County,35552,35722,35692,35580,35493,35558,34861,35069,35170,35331,35809,36201,35855,35615,35425,35268,35443,35580,35802,35610,35375,32560,32518,32725
Texas,Jeff Davis County,2233,2234,2201,2235,2242,2249,2264,2277,2316,2326,2346,2282,2296,2231,2216,2197,2229,2257,2243,2275,2220,1961,1908,1850
Texas,Jefferson County,251667,250137,250146,250183,250638,250849,245962,247629,249430,251332,252390,253500,251617,253091,252896,255115,255696,255889,252655,251315,250127,253784,252095,253392
Texas,Jim Hogg County,5275,5194,5220,5148,5173,5194,5160,5131,5198,5260,5306,5287,5275,5262,5328,5295,5245,5186,5160,5161,5184,4786,4764,4657
Texas,Jim Wells County,39361,39701,39821,40008,40309,40449,40393,40654,40554,40633,40919,41245,41673,41706,41525,41540,41206,40952,40799,40573,40452,38909,38755,38811
Texas,Johnson County,127627,130795,133399,136264,138833,140692,142501,145123,148635,150583,151211,152084,153406,154531,156735,159346,162816,167114,171294,175997,179575,187517,195774,203196
Texas,Jones County,20754,20294,20293,20355,20298,20232,20242,20102,20131,20093,20215,20271,19873,20041,19851,19965,19968,19829,19833,19867,19875,19903,20316,20765
Texas,Karnes County,15403,15340,15178,15119,15109,14967,14985,14900,14867,14805,14841,14955,14857,14729,14907,15407,15513,15590,15715,15356,15562,14800,15039,15054
Texas,Kaufman County,72270,75223,77693,81322,84240,87388,91395,95694,99285,101709,103927,105212,106569,108269,110895,114083,118040,122753,128512,136459,143198,158355,172951,186715
Texas,Kendall County,23980,24433,24975,25892,26650,27849,29134,30330,31754,32655,33700,34424,35563,37151,38379,39959,41916,43985,45614,47418,48523,46893,49046,50494
Texas,Kenedy County,420,421,429,428,440,457,426,415,410,403,419,438,447,438,437,441,427,408,419,385,379,341,358,351
Texas,Kent County,833,808,815,795,791,784,770,788,787,793,809,813,825,782,747,746,748,758,724,758,786,744,739,728
Texas,Kerr County,43848,44331,44894,45278,46054,46809,47840,48352,48852,49427,49658,49635,49712,49781,50333,50869,51442,51883,52359,52422,52869,53185,53785,53878
Texas,Kimble County,4484,4494,4521,4510,4562,4609,4578,4518,4520,4623,4599,4592,4522,4457,4460,4387,4405,4380,4332,4362,4396,4348,4438,4465
Texas,King County,358,313,308,311,316,289,285,284,272,279,289,258,269,272,262,280,289,287,275,267,283,256,233,215
Texas,Kinney County,3387,3419,3463,3394,3395,3449,3488,3546,3507,3568,3598,3613,3646,3640,3563,3599,3634,3709,3690,3668,3670,3120,3143,3204
Texas,Kleberg County,31590,31315,31413,31339,31362,31242,31149,31370,31555,31876,32106,32034,32093,32012,31884,31406,31309,30756,30718,30502,30338,30632,30454,30381
Texas,Knox County,4253,4070,4044,4018,3940,3822,3788,3721,3650,3647,3732,3721,3729,3719,3797,3790,3729,3669,3651,3663,3683,3325,3288,3318
Texas,Lamar County,48596,48522,48826,49159,49233,49344,49386,49387,49467,49600,49842,49869,49673,49113,49435,49399,49555,49610,49672,49781,49905,50357,50513,51093
Texas,Lamb County,14663,14566,14658,14675,14584,14583,14338,14270,14036,13791,14025,14064,13870,13671,13491,13267,13205,13186,13087,12904,12710,12905,12774,12768
Texas,Lampasas County,17900,18027,18425,18579,19664,18906,19472,19728,19812,19652,19721,19920,20050,20138,20106,20362,20532,20867,21144,21429,21789,22227,22789,23319
Texas,La Salle County,5898,5934,6098,6169,6322,6542,6549,6675,6653,6771,6899,7000,7154,7442,7482,7635,7600,7537,7507,7546,7500,6698,6561,6599
Texas,Lavaca County,19190,18958,19101,19152,19130,19185,19181,19238,19185,19226,19256,19317,19532,19630,19777,19920,19886,20015,20086,20156,20216,20538,20661,20604
Texas,Lee County,15701,16008,16131,16234,16220,16330,16348,16421,16550,16565,16610,16555,16504,16542,16614,16859,16961,17104,17113,17295,17397,17680,17966,18250
Texas,Leon County,15395,15452,15718,15795,15837,16104,16334,16390,16832,16862,16780,16829,16740,16619,16731,17030,17200,17224,17289,17421,17493,16056,16228,16556
Texas,Liberty County,70576,71679,73280,73734,74285,74303,74269,74515,74915,75041,75868,76005,76378,76847,78047,79537,81381,83648,85834,88453,91547,97515,102661,109172
Texas,Limestone County,22053,22159,22486,22721,22942,22919,23093,23090,23065,23173,23428,23587,23679,23433,23521,23433,23466,23376,23251,23389,23340,22069,22224,22405
Texas,Lipscomb County,3025,2948,3033,3097,3028,3057,3115,3178,3183,3326,3286,3334,3448,3489,3551,3557,3502,3361,3315,3214,3111,2901,2855,2915
Texas,Live Oak County,12233,12071,11955,11768,11689,11631,11559,11528,11479,11410,11560,11504,11671,11831,12063,12177,12038,12157,12120,12236,12324,11385,11571,11828
Texas,Llano County,17077,17499,17872,18153,18220,18425,18502,18935,19034,19175,19316,19073,19266,19509,19666,20080,20621,21199,21670,21810,21958,22091,22664,22883
Texas,Loving County,65,66,75,72,55,70,75,79,61,77,83,95,86,106,89,119,117,133,149,165,181,56,47,46
Texas,Lubbock County,243109,246616,249407,253388,255669,257779,261761,265215,268197,274252,280237,283476,286062,289646,294591,298509,302326,305689,308084,311087,314772,314677,318324,322434
Texas,Lynn County,6489,6444,6421,6232,6172,6178,6192,5989,5932,5927,5902,5883,5793,5726,5798,5746,5775,5828,5846,5956,6025,5642,5751,5811
Texas,McCulloch County,8175,8034,7927,8033,8164,8117,8183,8105,8203,8365,8246,8256,8241,8244,8152,8253,8121,7934,7960,8011,7823,7524,7494,7516
Texas,McLennan County,213967,215099,216571,218744,221353,222794,224452,226741,229037,231679,236028,237847,239369,241447,243182,245471,247573,251638,254204,257080,259730,263751,266254,268778
Texas,McMullen County,843,819,795,801,735,789,765,773,736,699,712,697,731,762,801,831,810,766,727,733,721,593,571,579
Texas,Madison County,12967,13680,12797,12989,13146,13136,13264,13353,13340,13483,13725,13747,13739,13812,13857,13954,14127,14292,14417,14382,14427,13514,13642,13750
Texas,Marion County,10950,11077,11032,11120,11004,10980,10992,10951,10748,10669,10494,10485,10387,10293,10168,10152,10134,10076,9915,9848,9960,9740,9677,9693
Texas,Martin County,4720,4697,4654,4553,4398,4447,4443,4494,4558,4710,4825,4885,4976,5268,5457,5639,5627,5526,5668,5743,5816,5224,5226,5200
Texas,Mason County,3734,3743,3725,3762,3811,3813,3862,3897,3876,3982,4022,4034,4056,4122,4101,4063,4159,4185,4263,4287,4344,3931,3975,3912
Texas,Matagorda County,37873,37804,37662,37695,37388,37132,36743,36452,36708,36579,36751,36675,36534,36483,36463,36747,37143,36848,36583,36655,36725,36353,36182,36422
Texas,Maverick County,47343,47594,48408,49123,49627,50140,50951,51367,52190,53434,54521,55233,55723,56475,57044,57643,57901,57883,57970,58357,58378,57690,57813,58203
Texas,Medina County,39484,40053,40707,41549,42363,42977,43936,44577,45131,45605,46115,46521,46812,47257,47851,48419,49239,50205,50933,51608,52358,52445,53756,54851
Texas,Menard County,2342,2321,2340,2311,2265,2212,2199,2176,2217,2227,2243,2215,2205,2138,2129,2135,2097,2115,2103,2099,2124,1968,1979,1958
Texas,Midland County,115560,116180,117717,119164,120746,122516,125844,128954,132502,136238,136975,140247,147365,152387,156767,162381,163928,165417,172537,176444,177863,168629,172705,178357
Texas,Milam County,24290,24445,24981,24917,25136,25017,25082,24946,25065,24864,24714,24610,24116,24096,24147,24364,24678,24907,24970,24721,24708,25215,25649,26033
Texas,Mills County,5107,4983,4973,4885,4880,4957,4854,4871,4876,4877,4955,4883,4833,4873,4871,4887,4886,4923,4865,4872,4840,4490,4504,4550
Texas,Mitchell County,9628,9576,9420,9366,9280,9322,9279,9339,9285,9399,9407,9397,9332,9002,9075,8863,8481,8234,8201,8161,8202,9047,8959,9104
Texas,Montague County,19166,19196,19170,19388,19444,19551,19781,19822,19882,19768,19694,19760,19477,19386,19366,19254,19387,19408,19596,19848,19962,20483,21134,21680
Texas,Montgomery County,297296,311437,326466,341499,357607,372541,392497,411416,429818,445836,459018,471456,484627,498488,517262,535913,555338,571542,590127,607583,626351,650960,680824,715345
Texas,Moore County,20121,20281,20155,20223,20389,20312,20558,20469,20917,21575,21990,22075,22431,22139,21975,21709,21638,21571,21053,20931,20654,21143,21156,21423
Texas,Morris County,13027,13179,13170,13139,12983,13012,13168,13251,13092,12954,12918,12769,12698,12674,12599,12360,12420,12360,12269,12343,12393,12007,12082,12133
Texas,Motley County,1435,1340,1311,1319,1270,1257,1236,1228,1197,1200,1215,1200,1197,1192,1149,1146,1169,1226,1234,1200,1185,1074,1033,1023
Texas,Nacogdoches County,59224,59541,59422,59816,60427,60939,61750,62274,62957,64012,64710,65656,65868,65188,65235,65456,65532,65231,65039,64846,64753,64809,64995,65636
Texas,Navarro County,45202,45577,45937,46078,46545,46854,47338,47272,47408,47584,47812,48072,48157,48036,47907,48167,48403,48744,49556,49978,50694,53667,54775,55719
Texas,Newton County,15038,15023,14945,14938,14560,14625,14349,14335,14393,14446,14423,14562,14433,14343,14294,14161,14162,13909,13784,13673,13414,12222,12076,12101
Texas,Nolan County,15947,15503,15194,15148,15013,14745,14740,14750,15093,15128,15238,15147,14939,15076,15139,15128,15082,14912,14845,14833,14835,14618,14460,14281
Texas,Nueces County,313673,313670,316256,317632,321879,325515,329113,330512,333526,338220,340480,343278,347966,352987,356717,360587,361753,361328,362177,362347,363148,353552,351852,352645
Texas,Ochiltree County,8988,9134,9106,8981,9149,9384,9557,9812,9962,10225,10211,10444,10611,10701,10709,10690,10259,10004,9861,9815,9598,9767,9718,9774
Texas,Oldham County,2186,2132,2069,2072,2039,2010,2010,1992,2004,2040,2054,2072,2046,2087,2068,2064,2071,2106,2122,2115,2135,1736,1764,1787
Texas,Orange County,84930,84108,83813,83553,83580,83500,81687,82255,82612,81586,81930,82350,82908,82853,83301,84026,84652,85056,83207,83086,82878,84677,85125,85857
Texas,Palo Pinto County,27074,27128,27144,27294,27276,27511,27859,27679,27916,28071,28112,28059,27862,27878,28033,27963,28131,28554,28843,29114,29320,28739,29292,29762
Texas,Panola County,22764,22773,22953,23021,22892,23140,23456,23351,23537,23678,23824,24008,24000,23791,23749,23661,23407,23165,23069,23103,23187,22560,22730,22816
Texas,Parker County,89159,91660,94092,97041,99320,101891,105387,109408,112911,115802,117283,118326,119494,119807,122185,125691,129016,133616,138254,143149,148198,157107,165899,173565
Texas,Parmer County,9991,9842,10032,10155,10168,10099,10035,10075,9994,10082,10306,10280,10188,9989,9954,9791,9764,9688,9666,9555,9522,9785,9657,9691
Texas,Pecos County,16667,16284,16084,15709,15554,15385,15403,15321,15251,15490,15535,15638,15563,15656,15818,16022,15852,15626,15673,15757,15718,15121,14742,14720
Texas,Polk County,41539,42945,43928,44779,45315,45472,45495,45727,45794,45537,45395,45582,45517,45527,45815,46617,47654,48938,49933,51254,52995,51878,53223,54146
Texas,Potter County,113762,114307,115427,117067,117682,118771,119780,119537,119740,120118,121446,122268,122706,122091,122019,121214,120440,120008,118344,116818,116004,116509,115100,115309
Texas,Presidio County,7355,7409,7534,7583,7561,7719,7638,7712,7683,7593,7888,7754,7614,7383,7189,7048,7113,7044,6764,6612,6508,6113,5970,5776
Texas,Rains County,9196,9664,9985,10290,10446,10589,10830,10994,11022,10956,10908,10990,10927,11020,11001,11121,11283,11713,12056,12401,12552,12471,12858,13059
Texas,Randall County,104609,105399,106286,107607,109441,111113,112464,114782,116518,119084,121208,123480,125047,126833,128823,130463,132465,134148,135745,137770,139899,144058,146221,148190
Texas,Reagan County,3290,3230,3189,3130,3161,3143,3160,3260,3339,3377,3352,3395,3477,3630,3784,3804,3721,3706,3728,3842,3833,3261,3161,3178
Texas,Real County,3067,3020,3020,3123,3138,3154,3264,3308,3241,3274,3310,3432,3354,3320,3347,3297,3387,3413,3475,3460,3411,2817,2819,2854
Texas,Red River County,14297,14156,13914,13703,13584,13444,13237,13072,12922,12835,12870,12681,12721,12484,12443,12344,12175,12167,12141,12095,11995,11560,11594,11651
Texas,Reeves County,13115,13022,13017,12910,12721,12675,12747,13039,13211,13550,13798,14095,14256,14478,15103,15556,15203,15141,15486,15951,15949,12991,11750,11856
Texas,Refugio County,7827,7765,7665,7563,7630,7601,7548,7414,7430,7410,7369,7323,7259,7283,7366,7331,7275,7178,6921,6824,6877,6698,6649,6711
Texas,Roberts County,884,880,862,825,841,855,849,887,904,929,929,922,938,915,910,906,910,937,889,837,813,802,804,819
Texas,Robertson County,16062,16132,16053,16074,16260,16509,16581,16546,16535,16604,16603,16652,16447,16420,16457,16688,16821,17152,17237,17104,17155,16951,17135,17322
Texas,Rockwall County,43755,46697,50078,53397,56477,60349,66117,70851,73929,76654,79003,81103,82772,84732,87138,90258,93579,96956,100592,104862,109888,116666,123538,131636
Texas,Runnels County,11458,11148,11002,10815,10774,10842,10587,10506,10444,10392,10530,10503,10337,10197,10297,10387,10290,10275,10167,10265,10401,9893,9896,9909
Texas,Rusk County,47456,47837,48244,48540,49160,49703,50415,51278,52195,52799,53393,53644,53735,53269,53144,52897,52836,54148,54246,54386,54324,52697,52597,53271
Texas,Sabine County,10388,10435,10477,10482,10498,10445,10583,10541,10565,10721,10853,10727,10526,10428,10435,10451,10389,10422,10541,10490,10507,10013,10035,10118
Texas,San Augustine County,8959,8860,8985,9034,9085,9060,9128,9048,9039,8938,8827,8798,8789,8661,8479,8346,8280,8302,8251,8220,8248,7911,7886,7882
Texas,San Jacinto County,22549,22897,23415,24100,24756,25014,25151,25719,25889,26086,26451,26789,26956,26745,27066,27376,27743,28233,28724,28867,29301,27818,28399,29126
Texas,San Patricio County,67333,66690,66820,66440,66990,67232,67022,66723,66417,65751,64586,64455,65261,66132,66654,67121,67325,67221,66576,66656,67069,69776,70044,70770
Texas,San Saba County,6268,6181,6042,5981,6045,5982,5985,5985,5965,6026,6154,6046,5990,5959,5860,5925,5920,5994,6056,6009,6039,5830,5873,5543
Texas,Schleicher County,2929,3016,3036,2958,2991,3071,3085,3198,3255,3311,3493,3309,3257,3188,3160,3191,3056,2988,2883,2801,2761,2442,2351,2369
Texas,Scurry County,16251,15838,15982,15931,16118,16085,16232,16431,16478,16806,16949,16861,17120,17258,17367,17565,17417,17020,16838,16655,16662,16817,16258,16230
Texas,Shackelford County,3297,3334,3388,3349,3290,3286,3287,3357,3314,3362,3372,3335,3361,3374,3314,3331,3337,3289,3258,3272,3300,3191,3201,3204
Texas,Shelby County,25212,25171,25155,25407,25212,25299,25324,25433,25381,25520,25455,25736,26062,25977,25604,25366,25583,25218,25300,25297,24915,24112,24163,24258
Texas,Sherman County,3181,3131,3164,3113,3045,2970,2946,2969,3035,3018,3034,3013,3037,3067,3061,3053,3053,3038,3094,3017,3027,2792,2781,2710
Texas,Smith County,175658,177836,181107,184254,187300,191362,196124,199953,203263,207111,210512,212770,214824,216498,219678,222450,225181,227159,229860,232916,235806,237206,242249,245955
Texas,Somervell County,6940,7017,7229,7400,7502,7629,7853,7996,8233,8415,8503,8428,8555,8567,8559,8619,8663,8850,9017,9123,9139,9477,9791,9881
Texas,Starr County,53733,54294,55412,56704,57857,58284,59050,59529,59763,60384,61220,61640,61951,62347,62901,63406,63697,63887,64017,64294,64266,65869,65793,66215
Texas,Stephens County,9636,9455,9374,9407,9327,9409,9450,9513,9556,9675,9616,9535,9608,9366,9335,9378,9383,9288,9419,9364,9334,9434,9374,9380
Texas,Sterling County,1358,1341,1326,1285,1261,1198,1124,1152,1169,1160,1138,1170,1190,1228,1339,1330,1337,1285,1306,1295,1315,1384,1417,1377
Texas,Stonewall County,1664,1568,1487,1452,1427,1393,1425,1439,1443,1433,1506,1463,1452,1418,1388,1400,1404,1374,1345,1336,1348,1213,1218,1220
Texas,Sutton County,4024,4032,4072,4029,4124,4203,4299,4314,4321,4272,4080,3986,3916,3985,3972,3918,3902,3796,3749,3779,3738,3293,3239,3227
Texas,Swisher County,8341,8248,8071,8062,8004,7910,7901,7855,7802,7680,7903,7805,7849,7724,7553,7477,7437,7440,7400,7399,7340,7009,6952,6899
Texas,Tarrant County,1456919,1490204,1524249,1553086,1580595,1612048,1662005,1707157,1745602,1784078,1817658,1848598,1882950,1913541,1946907,1985664,2023942,2056197,2080998,2101282,2123347,2130359,2161670,2197915
Texas,Taylor County,126649,125920,125920,125542,126702,127248,127838,128503,128903,130247,131896,132867,134122,133972,135049,136210,136330,136615,137319,138141,139200,143909,145481,147618
Texas,Terrell County,1059,1017,1009,995,939,942,921,886,884,930,1003,945,917,887,906,863,815,810,792,752,702,721,693,702
Texas,Terry County,12705,12473,12559,12534,12532,12417,12448,12424,12394,12550,12676,12657,12630,12716,12796,12761,12767,12427,12311,12354,12183,11709,11462,11583
Texas,Throckmorton County,1831,1791,1739,1702,1652,1695,1710,1653,1635,1654,1637,1637,1610,1605,1612,1558,1542,1510,1485,1473,1487,1505,1543,1531
Texas,Titus County,28138,28100,28387,28947,29461,28803,29541,30231,30963,31749,32490,32447,32605,32575,32484,32605,32455,32652,32767,32744,32926,31280,31273,31423
Texas,Tom Green County,104083,103923,104035,104330,104744,104974,106125,106680,107639,108879,110679,111761,113324,114708,116366,117574,117742,117745,118299,119429,120010,119242,119006,119334
Texas,Travis County,819692,844877,848090,856315,870809,891266,925151,955399,980699,1006503,1030806,1061662,1096918,1122346,1152411,1180003,1206283,1227373,1246693,1273567,1300503,1309113,1332544,1348043
Texas,Trinity County,13793,13852,14033,14156,14246,14395,14376,14425,14380,14472,14604,14687,14375,14450,14303,14541,14535,14680,14672,14675,14883,13837,13996,14269
Texas,Tyler County,20854,20657,20825,20823,21038,20935,21034,21279,21570,21737,21741,21676,21504,21509,21469,21372,21416,21498,21593,21523,21591,19921,20447,20435
Texas,Upshur County,35402,35746,36739,37232,37530,37957,38004,38275,38706,39084,39355,39728,39921,39769,40303,40343,40807,41103,41150,41705,42166,41828,42492,43425
Texas,Upton County,3376,3231,3273,3202,3168,3117,3174,3123,3231,3327,3359,3284,3265,3389,3486,3658,3698,3657,3632,3644,3623,3238,3157,3131
Texas,Uvalde County,25900,25939,26309,26258,26205,26368,26301,26217,26206,26223,26477,26587,26744,26905,27017,26948,27082,27073,26805,26794,26742,24797,24895,25012
Texas,Val Verde County,45020,45144,45495,46184,46941,47108,47401,47676,47882,48463,49019,48962,48968,49027,48821,48860,48901,49071,49048,49041,49028,47560,47678,47863
Texas,Van Zandt County,48324,48932,49953,50293,51366,51579,52194,52151,52470,52359,52637,52490,52211,52328,52782,53431,54407,55141,56025,56744,57533,61246,62872,64077
Texas,Victoria County,83937,84491,84573,84674,84718,84453,84528,85261,85762,86635,86878,87560,89124,90075,91037,92130,92423,92011,91829,92021,91936,90917,91128,91756
Texas,Walker County,61768,62444,62216,63609,64551,65676,65591,65517,65726,66748,68185,68405,68602,69402,70064,70825,71811,72764,73037,71700,72164,78374,79821,82566
Texas,Waller County,32843,33747,35060,36333,36850,37242,38260,39809,40578,42087,43422,44138,44365,45436,46793,48663,50062,51736,53568,55311,57452,59459,61967,63936
Texas,Ward County,10808,10459,10337,10237,10189,10232,10301,10275,10588,10734,10625,10671,10825,11206,11571,11630,11573,11377,11691,11985,12097,11084,10946,10974
Texas,Washington County,30423,30433,30741,30995,31330,31710,32199,32434,32869,33459,33782,33952,33916,34187,34384,34820,34688,34804,35485,35626,35771,35955,36382,37286
Texas,Webb County,194576,200347,206001,211786,217858,223703,229307,234594,240287,245908,251632,255877,260487,264280,267258,269598,272053,273378,274734,276387,277681,267465,268276,270538
Texas,Wharton County,41220,40991,40915,41026,40992,40987,41073,40845,40893,40998,41369,41286,41130,41115,41082,41369,41619,41869,41515,41671,41685,41681,41811,41855
Texas,Wheeler County,5253,5170,5094,4926,4934,4945,5055,5138,5199,5375,5407,5447,5593,5720,5701,5665,5526,5301,5136,5026,4946,4885,4801,4825
Texas,Wichita County,131817,130790,130761,130411,131677,130767,131376,130564,130340,130913,131685,130825,131742,132255,132721,131050,131386,131807,132046,132328,133205,130105,130166,130102
Texas,Wilbarger County,14613,14299,14248,14023,13879,13830,13835,13746,13506,13575,13524,13455,13294,13208,12991,13059,12893,12693,12753,12695,12552,12707,12544,12529
Texas,Willacy County,20076,20016,20198,20418,20767,21229,21463,21576,21763,21862,22183,22168,22202,22016,21926,21852,21749,21489,21414,21280,21161,20292,20231,20003
Texas,Williamson County,255379,276940,290112,302895,316532,332169,351970,373723,395437,410800,426645,442366,456144,470494,488446,507728,528207,546837,567465,591823,617855,644740,673951,701640
Texas,Wilson County,32721,33408,34254,35458,36721,37706,39007,40354,41657,42181,43122,43669,44356,45224,46147,47181,48202,49226,50150,50950,52023,51311,52772,54354
Texas,Winkler County,7083,7056,6960,6738,6735,6578,6642,6775,7024,7128,7096,7160,7366,7631,7818,8028,7917,7595,7743,7970,7887,7383,7305,7447
Texas,Wise County,49373,50927,52381,53691,54497,55613,56569,57247,58181,59134,59141,59938,60395,60991,61668,62813,64428,65781,68251,69877,71084,71862,74900,78051
Texas,Wood County,36811,37288,37633,38915,39600,39917,41099,41414,41722,41870,42019,42109,42402,42366,42791,43142,43790,44325,45242,45621,46291,46075,46967,47981
Texas,Yoakum County,7274,7299,7212,7235,7362,7404,7404,7588,7765,7908,7865,7971,8052,8218,8392,8635,8626,8527,8520,8686,8702,7562,7523,7517
Texas,Young County,17846,17659,17665,17892,17921,17801,18227,18135,18104,18466,18559,18354,18273,18353,18267,18154,18095,17916,17953,17937,17904,17938,17998,18131
Texas,Zapata County,12088,12266,12514,12584,12727,13043,13069,13388,13640,13876,14070,14223,14267,14375,14359,14474,14420,14251,14151,14221,14172,13887,13841,13782
Texas,Zavala County,11636,11596,11616,11513,11512,11565,11642,11657,11725,11544,11724,11872,12015,12203,12254,12322,12125,11946,11934,11807,11840,9472,9382,9339
Utah,Utah,2244502,2283715,2324815,2360137,2401580,2457719,2525507,2597746,2663029,2723421,2776469,2814797,2854146,2898773,2938327,2983626,3044241,3103540,3155153,3203383,3249879,3339738,3391011,3443222
Utah,Beaver County,5998,5999,6058,6039,6077,6192,6281,6266,6413,6552,6643,6560,6500,6454,6428,6351,6463,6402,6620,6725,6761,7216,7348,7291
Utah,Box Elder County,42882,43362,44038,44548,44666,45090,45948,47193,48437,49372,50155,50242,50205,50730,51309,51839,52995,53999,54807,55957,57007,59694,61590,62878
Utah,Cache County,91861,92831,95493,97101,98854,100501,101236,103624,106824,110291,113417,114800,115925,117070,117956,119777,122347,124448,126574,128309,130004,137470,140450,143193
Utah,Carbon County,20491,19937,20114,20146,20026,19870,20072,20554,20596,21143,21462,21308,21226,20908,20642,20400,20349,20171,20248,20476,20760,20355,20530,20607
Utah,Daggett County,926,929,907,914,952,967,984,974,993,1037,1063,1162,1096,1141,1125,1107,1075,1012,984,964,1026,982,1011,983
Utah,Davis County,240422,244687,249676,255582,262189,269208,278800,288236,295801,301965,307856,311904,316022,322368,328891,334814,341255,346858,351154,355304,359232,367529,370424,374430
Utah,Duchesne County,14449,14652,14969,15002,15101,15473,15823,16651,17412,18536,18616,18700,18999,19959,20197,20743,20226,19852,19902,19877,19894,19800,20158,20541
Utah,Emery County,10850,10614,10548,10545,10460,10471,10445,10566,10740,10896,10991,10986,10941,10761,10641,10360,10221,10027,10039,10061,10147,9967,10104,10149
Utah,Garfield County,4747,4705,4650,4605,4552,4582,4670,4850,5010,5068,5194,5150,5064,5033,5009,4966,4956,5022,4970,5000,5050,5122,5264,5320
Utah,Grand County,8420,8436,8556,8556,8528,8657,8787,8838,8981,9034,9296,9286,9343,9361,9464,9530,9616,9591,9715,9773,9796,9680,9809,9810
Utah,Iron County,34002,34771,35728,36202,37223,39555,42000,43645,44547,45693,46310,46632,46661,46560,47080,48166,49755,50944,52959,55269,56814,60520,62607,64485
Utah,Juab County,8268,8388,8482,8622,8803,8926,9175,9607,10024,10209,10258,10317,10300,10269,10418,10560,11045,11308,11639,12002,12122,12214,12575,13016
Utah,Kane County,6094,6000,6081,6133,6200,6369,6678,6778,6853,7001,7156,7297,7177,7128,7172,7045,7306,7535,7663,7873,7914,7981,8208,8446
Utah,Millard County,12385,12294,12223,12168,12017,11935,11946,11954,12146,12343,12554,12571,12468,12556,12540,12621,12641,12805,12941,13100,13327,13189,13328,13432
Utah,Morgan County,7165,7337,7488,7572,7725,7977,8342,8771,9126,9318,9509,9655,9812,10215,10609,11048,11368,11836,11971,12115,12462,12668,12860,13004
Utah,Piute County,1436,1414,1417,1409,1430,1430,1429,1419,1511,1528,1561,1497,1495,1486,1465,1489,1457,1406,1434,1472,1473,1491,1493,1546
Utah,Rich County,1965,1932,1947,2039,2051,2055,2035,2124,2227,2253,2265,2295,2258,2263,2274,2301,2311,2388,2455,2468,2452,2599,2634,2665
Utah,Salt Lake County,901018,910750,918152,924802,934140,947963,966798,983719,999553,1016795,1033910,1047702,1064140,1079661,1090340,1102690,1120751,1137273,1148949,1158585,1165517,1186513,1192255,1200544
Utah,San Juan County,14334,13495,13662,13571,13723,13653,13679,14028,14436,14514,14836,14850,15052,15003,15074,15254,15346,15286,15336,15228,15278,14494,14411,14390
Utah,Sanpete County,22806,23294,23566,23866,24217,24607,25051,25846,26959,27511,27886,28000,27958,28130,28299,28663,29244,29953,30529,30986,31393,29128,29762,30450
Utah,Sevier County,18877,18975,19088,19192,19412,19415,19844,20236,20599,20694,20818,20872,20662,20758,20746,20872,21145,21299,21516,21636,21780,21909,22065,22367
Utah,Summit County,29964,30803,31536,32353,33271,34137,34242,34647,35229,35838,36521,37438,37886,38447,39144,39675,40564,41375,41879,42081,42499,43182,43134,42939
Utah,Tooele County,41519,43331,44998,46652,47894,49258,51483,53821,55909,57218,58557,59198,59810,60655,61473,62676,64643,67490,69946,72110,74512,76777,79981,82137
Utah,Uintah County,25215,25786,26395,26561,26994,27661,28662,29920,31009,32931,32434,33246,34648,35696,36934,37815,36261,35235,35407,35806,35970,36235,37162,37903
Utah,Utah County,371811,385671,397190,406158,416220,430697,448296,469574,487615,504801,520049,530844,539970,551689,561171,573289,591107,607612,622076,635675,651059,686038,704764,725359
Utah,Wasatch County,15421,16205,16975,17765,18349,19410,20755,21413,22120,22886,23705,24404,25340,26578,27815,29131,30433,32045,33278,34210,35300,36257,36731,37303
Utah,Washington County,91206,94512,99274,104188,110207,119000,126796,132277,135552,137088,138451,141288,144216,147099,151231,154839,159537,166195,172051,177938,184913,191552,197898,202735
Utah,Wayne County,2533,2532,2559,2527,2505,2510,2594,2648,2731,2788,2768,2742,2704,2712,2695,2689,2671,2699,2657,2703,2759,2563,2632,2613
Utah,Weber County,197437,200073,203045,205319,207794,210150,212656,217567,223676,228118,232228,233851,236268,238083,240185,242916,247153,251474,255454,259680,262658,266613,269823,272686
Vermont,Vermont,609618,612223,615442,617858,619920,621215,622892,623481,624151,624817,625960,627197,626361,626603,625693,625810,624366,625132,624802,624046,623347,647210,648142,648708
Vermont,Addison County,36002,36055,36320,36432,36580,36611,36758,36886,36905,36847,36810,36973,36910,36949,36950,36955,36973,36947,36970,36994,36851,37414,37619,37886
Vermont,Bennington County,36965,36974,37105,37083,37062,36960,37127,37077,37168,37151,37089,36823,36634,36570,36207,36198,35977,35763,35635,35532,35338,37443,37367,37185
Vermont,Caledonia County,29662,29704,30046,30188,30642,30881,31252,31238,31167,31213,31202,31115,31034,31055,30882,30658,30176,30172,30221,29860,29705,30462,30578,30623
Vermont,Chittenden County,147161,148441,149639,150410,151445,152163,152861,153625,154659,155793,156705,158083,158777,159578,160134,161535,161839,163254,163755,163918,164306,169377,170050,170092
Vermont,Essex County,6445,6467,6503,6480,6478,6450,6341,6421,6404,6331,6298,6322,6221,6192,6153,6193,6225,6184,6209,6145,6123,5970,5988,5993
Vermont,Franklin County,45530,45900,46305,46590,46942,47192,47392,47455,47462,47620,47806,48233,48324,48416,48775,49002,48998,48994,49312,49384,49685,50441,50732,50902
Vermont,Grand Isle County,6909,7020,7108,7201,7265,7282,7173,7152,7211,7022,6966,6975,6973,6990,6969,6873,6921,6976,7100,7208,7169,7428,7508,7509
Vermont,Lamoille County,23285,23378,23475,23539,23444,23421,23642,23778,23971,24193,24618,24717,24957,25127,25149,25265,25360,25427,25330,25420,25341,26156,26177,26233
Vermont,Orange County,28381,28696,28735,28921,29040,29066,29249,29119,29032,28965,28928,29020,28923,28858,28888,28900,28910,28976,28827,28809,28837,29636,29892,29930
Vermont,Orleans County,26321,26443,26540,26908,27064,27224,27215,27332,27269,27234,27231,27198,27169,27141,27032,27043,26748,26822,26826,26934,26897,27590,27618,27697
Vermont,Rutland County,63373,63132,62982,63113,62997,63003,62894,62618,62368,61946,61566,61240,60816,60512,60071,59582,59145,59012,58590,58125,57764,60713,60381,60369
Vermont,Washington County,58072,58526,58889,58958,59081,59366,59414,59275,59278,59353,59577,59608,59432,59253,59005,58707,58434,58330,58129,58458,58328,60050,60165,60258
Vermont,Windham County,44074,43998,44122,44353,44241,44187,44390,44444,44407,44441,44510,44261,44029,43928,43708,43309,43251,42955,42690,42227,42015,46174,45951,45985
Vermont,Windsor County,57438,57489,57673,57682,57639,57409,57184,57061,56850,56708,56654,56629,56162,56034,55770,55590,55409,55320,55208,55032,54988,58356,58116,58046
Virginia,Virginia,7105817,7198362,7286873,7366977,7475575,7577105,7673725,7751000,7833496,7925937,8024617,8102437,8187456,8255861,8315430,8367303,8417651,8471011,8510920,8556642,8590563,8658910,8683414,8734685
Virginia,Accomack County,38215,37742,37308,36742,36310,35835,35192,34553,33970,33415,33202,33227,33276,32982,32992,32930,32903,32729,32603,32325,32238,33422,33157,33288
Virginia,Albemarle County,83532,85002,86150,87620,89491,91676,93852,95009,97081,98071,99150,100231,101504,102329,103811,105221,106662,108107,108832,109843,110652,113939,114925,115857
Virginia,Alleghany County,17213,17082,16953,16687,16645,16580,16564,16530,16404,16306,16228,16163,16035,15926,15613,15432,15393,15143,15016,14898,14701,15007,14764,14698
Virginia,Amelia County,11446,11481,11540,11544,11712,11943,12250,12447,12563,12594,12729,12747,12741,12655,12713,12784,12805,12974,12997,13058,13014,13311,13419,13596
Virginia,Amherst County,31854,31953,31775,31810,31783,31955,32094,32203,32510,32447,32319,32160,32640,32331,32174,31855,31903,31893,31771,31678,31667,31391,31512,31559
Virginia,Appomattox County,13692,13809,13733,13765,13916,13981,14215,14425,14795,14812,15019,15104,15240,15315,15343,15485,15535,15715,15874,15902,16043,16405,16696,16835
Virginia,Arlington County,189198,190386,190137,188735,187901,187760,188176,190759,196305,202637,209457,216078,221614,225120,226274,228887,231805,235193,236662,238392,240119,233478,233976,235181
Virginia,Augusta County,65572,66124,66735,67660,68899,69949,71896,73041,73555,73844,73668,73656,73599,73862,73908,74324,74875,75324,75906,76120,76544,77787,77919,78250
Virginia,Bath County,5020,4997,5012,4974,4934,4891,4823,4835,4778,4743,4714,4655,4642,4591,4536,4463,4408,4270,4275,4169,4119,4094,4077,4070
Virginia,Bedford County,60472,60985,61580,62441,63563,64825,66363,67392,67594,68399,68735,75555,75755,76189,77054,77653,78024,78445,79115,79431,79811,80281,80798,81628
Virginia,Bland County,6833,6876,6836,6913,6913,6873,6840,6930,6921,6868,6808,6776,6693,6674,6586,6536,6483,6361,6295,6292,6239,6179,6151,6221
Virginia,Botetourt County,30648,30748,31155,31454,31715,31803,32491,32681,32955,33042,33165,33001,33121,32995,33086,33391,33298,33355,33412,33500,33633,34002,34092,34154
Virginia,Brunswick County,18387,18331,18236,18072,17981,17981,18011,17823,17791,17507,17404,17119,17023,16976,16815,16838,16607,16572,16289,16176,16037,15969,15856,15801
Virginia,Buchanan County,26838,26501,26299,25941,25647,25315,25009,24670,24371,24234,24012,23835,23835,23638,23167,22767,22229,21622,21373,21031,20613,19886,19329,18978
Virginia,Buckingham County,15634,15857,15908,16057,16168,16401,16547,16737,16819,17148,17120,17217,17071,17154,16936,17022,17044,17046,17042,17134,17168,16957,16983,16988
Virginia,Campbell County,51082,51349,51685,51885,52093,52795,53475,53769,54232,54472,54921,54799,54843,55093,55286,55374,55391,55440,55526,55371,55304,55323,55035,55248
Virginia,Caroline County,22136,22168,22566,23135,23920,25475,26722,27592,28011,28263,28631,28672,28950,29253,29747,29907,30091,30441,30766,30745,30860,31418,31959,32705
Virginia,Carroll County,29264,29448,29415,29472,29670,29660,29894,29933,30067,30002,30027,30093,29920,29915,29721,29882,29788,29845,29824,30022,30074,29100,29096,29202
Virginia,Charles City County,6930,6952,7030,7091,7050,7060,7156,7148,7232,7216,7271,7200,7123,7068,6975,7043,7026,7024,6983,6969,6821,6611,6580,6635
Virginia,Charlotte County,12476,12481,12590,12465,12524,12631,12731,12680,12654,12588,12568,12497,12400,12281,12177,12182,12113,12078,11906,11849,11820,11500,11427,11387
Virginia,Chesterfield County,261047,265544,270741,276300,283030,289998,298496,304636,309837,313096,317102,320344,323942,327721,332221,335093,338677,343500,348704,353376,358245,371022,378488,384693
Virginia,Clarke County,12672,12862,12950,13110,13413,13710,13939,13969,14092,14015,14052,14197,14255,14264,14329,14252,14309,14468,14517,14576,14622,14947,15312,15405
Virginia,Craig County,5073,5056,5065,5097,5142,5139,5158,5212,5167,5120,5208,5170,5139,5138,5177,5140,5138,5070,5105,5127,5077,4891,4859,4827
Virginia,Culpeper County,34442,35299,36612,38121,39670,41894,44076,45527,46056,46236,46850,47347,47850,48609,49243,49559,50337,51261,51785,52722,53569,53779,54250,55065
Virginia,Cumberland County,8987,9002,9093,9216,9223,9465,9596,9762,9849,10013,10056,9987,9845,9852,9843,9758,9742,9840,9863,9967,9933,9719,9755,9875
Virginia,Dickenson County,16322,16237,16074,16018,16003,16111,15958,15971,16078,15925,15897,15778,15708,15527,15345,15200,15019,14728,14502,14295,14078,13867,13714,13594
Virginia,Dinwiddie County,24674,24666,25038,25415,25770,26149,26590,27078,27694,27888,27995,28114,28222,28087,28090,28146,28458,28678,28800,28804,28688,28000,28112,28377
Virginia,Essex County,9984,9994,10074,10201,10238,10445,10576,10739,10920,11104,11167,11168,11133,11158,11066,11091,11073,10960,10889,10936,10943,10572,10644,10618
Virginia,Fairfax County,975476,991564,998613,1003070,1010938,1019490,1018981,1027727,1044178,1065142,1086743,1103571,1120654,1132186,1136794,1141040,1144957,1149346,1149688,1152359,1150847,1142381,1140521,1146677
Virginia,Fauquier County,55470,56878,58522,59863,61319,62686,63761,64122,64558,64907,65383,66032,66567,67150,68135,68449,68831,69555,70722,71297,71361,74068,74686,75256
Virginia,Floyd County,13909,14086,14172,14261,14371,14588,14762,14823,15101,15150,15316,15404,15438,15493,15538,15565,15685,15783,15788,15796,15777,15514,15625,15693
Virginia,Fluvanna County,20191,21027,21921,22835,23451,24318,24638,25134,25461,25576,25733,25959,25889,25833,25980,26144,26227,26517,26931,27266,27422,27804,28134,28480
Virginia,Franklin County,47546,48384,49167,50012,51001,51976,53037,54447,55284,55732,56191,56339,56293,56272,56265,56234,56167,56341,56297,56185,56167,55020,55047,55471
Virginia,Frederick County,59639,61360,63313,65379,67442,69921,72456,74670,76060,77477,78511,79519,80247,81494,82735,83525,84722,86568,88378,89483,91119,94009,94839,96178
Virginia,Giles County,16738,16799,16800,16821,16786,16963,17161,17138,17168,17264,17296,17152,17024,16992,16853,16768,16855,16759,16829,16693,16663,16574,16430,16461
Virginia,Gloucester County,34793,34852,35103,35454,35714,36011,36220,36466,36638,36778,36950,36897,36849,36780,37038,37032,37121,37332,37398,37499,37459,39184,39546,40024
Virginia,Goochland County,16935,17250,17610,18062,18570,19349,20176,20869,21285,21604,21745,21537,21438,21732,22020,22344,22665,22893,23423,23949,24431,25556,26184,27216
Virginia,Grayson County,16782,16548,16558,16414,16301,16153,16096,16066,15938,15696,15478,15368,15146,15131,15925,15960,15870,15699,15621,15574,15493,15347,15310,15235
Virginia,Greene County,15454,15793,16308,16677,16895,17155,17607,17972,18131,18237,18461,18694,18831,18874,19131,19205,19313,19608,19719,19901,20131,21007,21026,21391
Virginia,Greensville County,11566,11605,11639,11876,11428,12063,12048,12147,12206,12272,12234,12001,11746,11690,11568,11792,11515,11552,11380,11289,11280,11424,11232,11174
Virginia,Halifax County,37299,37003,36919,36645,36382,36340,36383,36338,36347,36293,36192,35997,35740,35389,35205,35104,35003,34592,34212,34035,33633,33784,33599,33434
Virginia,Hanover County,86972,88845,91370,93466,95295,96451,98025,98830,99404,99651,99948,99899,100340,101075,101740,103095,104345,105729,106821,107535,108262,111799,112889,114193
Virginia,Henrico County,264385,267722,270608,274555,280290,286441,291460,296408,300198,304763,307435,310401,315575,318646,321863,324424,326178,328008,329917,332513,333766,334501,334855,335729
Virginia,Henry County,57903,57393,56986,56506,56183,55651,55464,55284,55073,54402,54079,53530,53098,52738,52235,51944,51654,51370,51101,50724,50309,50268,49765,49636
Virginia,Highland County,2529,2530,2450,2490,2442,2463,2479,2424,2403,2363,2306,2260,2234,2205,2238,2196,2213,2215,2206,2176,2200,2240,2303,2351
Virginia,Isle of Wight County,29849,30119,30497,31224,31899,32566,33716,34581,34955,35270,35288,35301,35352,35542,35887,36185,36450,36758,37203,37400,37725,39401,40149,40667
Virginia,James City County,48536,49786,51722,53734,56182,58428,61133,63007,64436,66118,67237,68339,69460,70674,72145,72920,74075,75429,76206,76838,77612,80009,81426,82346
Virginia,King and Queen County,6620,6607,6586,6558,6739,6792,6915,6948,6916,6893,6959,6986,7008,7029,7084,7089,7059,7010,7033,7011,6942,6672,6721,6746
Virginia,King George County,16916,17136,17717,18326,19124,20476,21519,22444,22996,23335,23675,24277,24615,24909,25284,25442,25982,26379,26673,26981,27381,27548,27867,28422
Virginia,King William County,13238,13412,13589,13808,13975,14278,14874,15296,15604,15768,16003,16013,15977,16096,16153,16287,16416,16706,16962,17198,17641,18249,18528,19035
Virginia,Lancaster County,11549,11401,11417,11519,11514,11533,11551,11573,11481,11403,11380,11276,11125,10960,10863,10828,10776,10724,10692,10619,10618,10943,10838,10927
Virginia,Lee County,23548,23320,24278,24967,25168,25150,25228,25322,25463,25578,25578,25546,25433,25094,24744,24624,24198,23934,23703,23540,23238,22009,21842,21761
Virginia,Loudoun County,173907,189910,203543,220366,238299,254909,267194,279704,292570,303661,315134,326357,337902,350001,362330,374176,385750,397192,405964,414872,422784,428827,432897,437164
Virginia,Louisa County,25819,26320,27027,27867,28582,29835,30946,31716,32475,32840,33262,33325,33357,33850,34173,34475,35202,35803,36656,37477,38132,39011,39986,41008
Virginia,Lunenburg County,13093,13050,13109,13064,12952,13030,13070,13024,12936,12887,12922,12907,12639,12534,12480,12348,12340,12353,12257,12251,12267,12007,12020,12042
Virginia,Madison County,12535,12643,12838,12865,12902,13106,13291,13429,13332,13358,13299,13142,13135,13093,13034,13054,13097,13218,13198,13213,13312,13959,14013,14135
Virginia,Mathews County,9142,9145,9118,9091,9021,8962,8987,9026,9041,8997,8971,8944,8911,8899,8813,8833,8781,8704,8766,8782,8766,8545,8467,8568
Virginia,Mecklenburg County,32384,32425,32528,32546,32547,32554,32642,32823,32920,32815,32671,32567,31698,31249,31117,30934,30815,30705,30707,30723,30679,30338,30511,30622
Virginia,Middlesex County,9932,10007,10029,10238,10399,10526,10732,10763,10806,10875,10977,10855,10851,10781,10653,10683,10750,10614,10717,10561,10569,10778,10958,10938
Virginia,Montgomery County,83799,85236,85746,86708,87289,88696,90062,91548,92724,93772,94531,94761,95698,96658,97193,97427,98302,98230,98681,98872,98391,98808,98980,99134
Virginia,Nelson County,14451,14496,14614,14718,14699,14828,14809,14993,15050,15090,15003,15019,14802,14799,14867,14764,14802,14800,14836,14867,14755,14839,14692,14625
Virginia,New Kent County,13537,13876,14192,14764,15317,15953,16680,17254,17728,18057,18556,18763,19148,19516,20021,20382,21015,21629,22275,22984,23648,23970,25000,26211
Virginia,Northampton County,13025,12843,12729,12714,12759,12771,12776,12649,12586,12460,12388,12406,12209,12029,12034,12073,12003,11867,11789,11800,11673,12070,11974,12026
Virginia,Northumberland County,12229,12239,12451,12543,12487,12501,12430,12466,12496,12379,12326,12452,12421,12298,12256,12243,12174,12270,12172,12069,12069,12053,12263,12388
Virginia,Nottoway County,15773,15849,15756,15693,15628,15795,15719,15799,15847,15894,15837,15891,15758,15642,15515,15613,15502,15439,15381,15206,15160,15576,15561,15570
Virginia,Orange County,25981,26431,27128,27951,28658,29990,31438,32273,33077,33329,33535,33982,34263,34607,34912,35173,35369,35882,36620,36941,37695,37224,38019,38487
Virginia,Page County,23149,23171,23265,23531,23527,23708,24045,24222,24208,24076,24027,23956,23841,23724,23787,23667,23633,23801,24005,23937,23933,23829,23747,23682
Virginia,Patrick County,19418,19293,19071,18979,18836,18802,18766,18748,18677,18562,18464,18339,18339,18256,18185,17972,17830,17727,17659,17592,17493,17654,17569,17440
Virginia,Pittsylvania County,61835,62037,61975,62107,62279,62467,62586,62803,63472,63386,63488,63269,62900,62566,62386,62027,61744,61334,60938,60470,59850,60062,59845,59581
Virginia,Powhatan County,22585,23090,24105,24888,25568,26372,27391,27599,27745,27983,28071,28138,28186,28315,28504,28068,28463,28722,29199,29734,30148,31238,31582,32113
Virginia,Prince Edward County,19708,19737,20264,20203,20639,21341,21722,22293,22959,23260,23379,22328,23187,22733,22994,23139,23049,22698,22879,22827,23006,21955,21856,21998
Virginia,Prince George County,33100,33586,34258,34345,34925,34798,34575,34466,35059,35828,35716,36734,37155,37376,37465,38306,38026,38049,38170,38528,38686,42942,43067,43048
Virginia,Prince William County,284565,298843,311749,323377,337439,350612,359174,368016,374776,389001,406110,419149,429716,437900,444004,451242,456805,463400,466658,471774,475533,485433,487523,491578
Virginia,Pulaski County,35144,35120,34817,34789,34829,34748,34891,35058,35051,34988,34829,34741,34734,34551,34343,34357,34268,34255,34097,34009,33935,33809,33639,33607
Virginia,Rappahannock County,6980,7157,7197,7200,7289,7384,7348,7403,7420,7333,7376,7478,7414,7433,7344,7409,7384,7409,7373,7372,7260,7435,7445,7455
Virginia,Richmond County,8803,8924,9003,9103,9202,9213,9328,9426,9386,9251,9248,9204,9076,8948,8880,8779,8755,8882,8982,9066,9071,9079,9099,9162
Virginia,Roanoke County,85744,85941,86569,87338,88177,89245,90489,91120,91704,92215,92389,92841,92771,93354,93428,93439,93520,93900,94161,94423,94509,96711,96856,97263
Virginia,Rockbridge County,20835,20905,20989,21189,21432,21738,21931,22228,22363,22269,22294,22449,22384,22337,22443,22410,22467,22736,22904,22774,22757,22651,22585,22394
Virginia,Rockingham County,67977,68671,69315,69975,70789,72030,73000,74274,75075,75850,76413,76868,77149,77437,77897,78469,79401,80448,81353,82140,82346,84528,85390,86630
Virginia,Russell County,29251,29001,28741,28766,28546,28508,28618,28889,28831,29012,28862,28681,28429,28337,28082,27863,27423,27054,26820,26739,26647,25574,25440,25502
Virginia,Scott County,23351,23127,23048,22978,22954,23084,23272,23302,23237,23212,23147,23053,22956,22769,22521,22298,22070,21897,21631,21578,21629,21479,21497,21444
Virginia,Shenandoah County,35240,35835,36525,37309,38272,39406,40610,41214,41720,41743,42053,42266,42532,42514,42737,42863,42962,43319,43464,43557,43905,44837,44905,45185
Virginia,Smyth County,33079,32931,32849,32733,32570,32519,32632,32449,32386,32283,32163,32054,31911,31789,31593,31444,31143,30772,30509,30182,30090,29605,29393,29187
Virginia,Southampton County,17493,17489,17353,17409,17535,17810,18028,18571,18706,18607,18552,18638,18506,18330,18224,18139,18090,17866,17757,17797,17636,18028,17897,18000
Virginia,Spotsylvania County,91387,96326,101802,106525,110580,115017,117891,119083,120195,121038,122853,124557,125867,127449,128881,130042,131401,132889,134227,136447,138449,144027,146744,149614
Virginia,Stafford County,93625,98320,103943,109166,113798,117611,119892,122526,124323,126449,129745,132251,133449,136034,138937,141035,143641,146868,149891,153775,156748,161588,163233,165821
Virginia,Surry County,6833,6829,6886,6901,6873,6865,6991,7042,7061,7037,7064,6923,6844,6792,6783,6674,6560,6508,6435,6407,6385,6535,6506,6575
Virginia,Sussex County,12456,12318,12109,12205,12014,11933,12193,12191,12215,12175,12060,12088,11927,11765,11724,11692,11425,11369,11194,11092,10925,10828,10652,10794
Virginia,Tazewell County,44418,43985,43995,44042,44102,44025,44195,44169,45020,45069,45078,44733,44276,44031,43399,42930,42226,41362,41152,40734,40529,39960,39650,39222
Virginia,Warren County,31690,32222,33031,33797,34434,35405,36231,36814,37259,37240,37676,37654,37898,38514,40147,38742,39197,39478,40056,40235,40475,40977,41436,41982
Virginia,Washington County,51230,51441,51670,51908,52341,52940,53322,54216,54475,54722,54877,54839,55110,54800,54630,54309,54178,54202,54100,53852,53695,53753,53846,54028
Virginia,Westmoreland County,16644,16518,16528,16718,16658,16757,16841,17127,17305,17448,17463,17639,17515,17553,17440,17553,17645,17723,17818,18029,18149,18768,18704,18918
Virginia,Wise County,42077,41810,41667,41640,41591,41585,41531,41543,41489,41454,41463,41461,40928,40685,39916,39596,39059,38593,37877,37427,37206,35688,35324,35191
Virginia,Wythe County,27621,27585,27710,27859,27947,28349,28628,28827,29123,29216,29230,29204,29331,29285,29060,29106,28898,28832,28659,28618,28620,28205,28143,28171
Virginia,York County,57119,58651,60126,60620,61926,63076,63912,64710,64944,65197,65467,65796,65872,66046,66607,67900,67914,68117,68136,68579,69199,71123,71209,71046
Virginia,Alexandria city,129225,130932,130614,129421,128765,128181,127676,129175,132949,137523,140912,144269,147379,149767,151544,153859,156621,158772,158377,159050,158726,155129,155235,156271
Virginia,Bedford city,6425,6400,6320,6237,6198,6186,6147,6169,6150,6174,6243,NA,NA,NA,NA,NA,NA,NA,NA,NA,NA,NA,NA,NA
Virginia,Bristol city,17289,17330,17087,17465,17536,17493,17684,17540,17631,17842,17822,17726,17706,17411,17225,17185,17140,16956,16835,17036,17329,17074,16884,16668
Virginia,Buena Vista city,6381,6423,6412,6555,6588,6634,6679,6618,6664,6677,6627,6715,6751,6661,6561,6541,6488,6504,6508,6481,6402,6624,6567,6574
Virginia,Charlottesville city,41351,41436,41449,40695,40281,40597,41066,41538,42130,43054,43547,43780,44610,45052,45562,46357,46976,47456,47421,47283,46950,45713,45223,45047
Virginia,Chesapeake city,200224,202325,203970,206909,211927,215128,217271,217450,218458,220176,222986,225360,228134,230415,233477,235253,237656,240416,242748,245403,247011,251732,252493,253967
Virginia,Colonial Heights city,16905,17002,17026,17056,17296,17348,17604,17462,17387,17525,17381,17288,17390,17492,17448,17457,17400,17382,17337,17089,17205,18207,18265,18446
Virginia,Covington city,6281,6319,6283,6230,6192,6073,5979,6057,5991,5948,5971,5916,5846,5832,5778,5671,5682,5660,5660,5622,5639,5715,5668,5611
Virginia,Danville city,48104,47415,46929,46515,45788,45086,44586,44162,43765,43496,42928,42657,42725,42648,42295,41984,41682,41078,40677,40036,39869,42292,42099,42108
Virginia,Emporia city,5655,5618,5736,5693,5659,5657,5734,5755,5820,5865,5937,5841,5816,5697,5606,5569,5487,5489,5396,5409,5257,5628,5524,5479
Virginia,Fairfax city,21600,21668,21603,21518,21160,20860,21407,21682,22112,22418,22671,22467,22904,23241,23324,23247,23305,23274,23256,23294,23429,24361,24825,25426
Virginia,Falls Church city,10441,10550,10600,10596,10589,10840,10852,10947,11219,11787,12520,12691,13126,13403,13459,13777,13649,14273,14441,14551,14631,14515,14518,14805
Virginia,Franklin city,8269,8160,8044,8113,8177,8278,8489,8611,8538,8489,8619,8448,8488,8545,8399,8339,8210,8132,8033,7867,7833,8156,8259,8316
Virginia,Fredericksburg city,19461,20061,20501,20659,21567,21660,22479,22898,23277,23775,24445,25759,27190,27835,28276,28075,28469,28718,29362,29254,29492,28445,28709,29226
Virginia,Galax city,6921,6775,6738,6744,6790,6821,6879,6880,6888,6966,7067,6844,6850,6927,6892,6791,6615,6477,6300,6324,6296,6657,6724,6799
Virginia,Hampton city,146054,143432,141844,140413,140200,141314,140839,140222,138957,137833,137381,136652,137222,137406,137778,136379,135525,135007,134800,135048,135464,137780,137970,137157
Virginia,Harrisonburg city,40437,41646,42837,43176,43753,44572,45858,46551,47286,48294,49041,49950,51336,51572,52589,52739,53685,53807,53715,53379,53204,51504,51207,51378
Virginia,Hopewell city,22277,22147,22291,22046,21998,22131,22295,22549,22576,22455,22655,22500,22306,22161,22117,22241,22565,22533,22506,22523,22375,23081,22848,22883
Virginia,Lexington city,6825,6858,6842,6750,6810,6903,6978,6956,6963,7006,7046,6977,7027,7155,7135,7174,7158,7139,7201,7246,7279,7443,7508,7556
Virginia,Lynchburg city,65330,65003,65263,66496,67021,68773,70919,72869,74018,75137,75686,76614,77326,78015,78242,79263,79871,80567,81096,81753,81561,79137,79279,79775
Virginia,Manassas city,34914,35341,35878,36253,36564,36452,35631,34969,34858,36674,38201,39103,40284,41079,41137,41409,41245,41171,40998,40907,40869,42770,42710,43087
Virginia,Manassas Park city,10305,10777,11150,11357,11982,12451,12490,12677,12744,13613,14450,15071,15404,15903,15926,16145,16420,17209,18038,18071,18004,17094,16675,16448
Virginia,Martinsville city,15331,15173,14867,14796,14448,14405,14281,14042,14040,14012,13769,13622,13518,13443,13343,13289,13027,12827,12576,12443,12355,13539,13686,13753
Virginia,Newport News city,180236,181873,183061,183404,185204,183651,183581,182528,181287,181000,180712,180139,180148,181388,181661,181121,180472,179738,178904,179736,179062,184717,184004,183249
Virginia,Norfolk city,234986,236489,241704,239286,243836,239650,243406,241248,241201,241725,243135,243701,246247,245598,246756,246667,246042,244908,244168,243581,242803,234920,232766,231378
Virginia,Norton city,3916,3896,3929,3944,3847,3767,3825,3869,3861,3903,3971,4087,4125,4103,4139,4013,3992,3927,3956,3983,3985,3631,3594,3501
Virginia,Petersburg city,33561,33183,32803,32645,32292,31930,32181,32318,32321,32168,32527,32093,31995,32311,32242,31895,31379,30966,30573,30593,30446,33422,33481,33328
Virginia,Poquoson city,11582,11523,11697,11797,11772,11879,12008,12089,12103,12153,12141,12043,12115,12093,12005,12018,11940,12041,12138,12228,12257,12629,12624,12613
Virginia,Portsmouth city,100337,99166,98297,97184,97428,98069,99213,97831,95802,95384,95696,95767,96516,96123,95886,96407,95287,94964,94879,94582,95094,97700,96989,96782
Virginia,Radford city,15872,16193,15963,15691,15743,15995,16163,16341,16304,16361,16423,16817,16720,17124,17395,17301,17321,17470,18013,18107,18255,16525,16723,16994
Virginia,Richmond city,196782,197575,197513,197306,196878,197465,198618,200201,202254,203678,204389,206487,210922,214020,217238,221084,225669,227620,229621,231027,232226,227164,228670,230383
Virginia,Roanoke city,94941,94931,93956,93716,93614,93932,94247,94916,95813,97023,96967,96791,98034,98884,99475,99741,99383,98989,98964,99216,99058,98717,97743,97503
Virginia,Salem city,24747,24487,24554,24465,24096,24310,24508,24482,24673,24684,24860,25030,25190,25330,25441,25378,25268,25362,25271,25209,25340,25417,25698,25669
Virginia,Staunton city,23896,23734,23691,23726,23501,23603,23638,23920,23945,23764,23765,24023,23808,24100,24287,24192,24218,24395,24583,24916,25190,25690,25942,25936
Virginia,Suffolk city,64216,66448,69274,72721,75725,77957,80291,81273,82603,83648,84906,84808,85320,85832,86976,88190,89360,90228,91135,92277,93913,96400,98630,101050
Virginia,Virginia Beach city,426918,428396,430183,431600,437494,436210,437739,434732,433331,435004,439172,442654,445189,447922,449139,450635,451510,450417,450488,450766,451231,458599,454886,453779
Virginia,Waynesboro city,19661,19744,20010,20163,20351,20533,20728,20747,20920,20985,21045,21099,21065,21164,21303,21543,21759,22196,22390,22416,22741,22606,22742,23083
Virginia,Williamsburg city,12012,12024,11829,11796,11986,12400,12810,13142,13296,13687,14170,14095,14519,14615,14586,14815,14894,14990,15009,15019,15259,15615,15757,16116
Virginia,Winchester city,23699,24224,24602,24649,25175,25565,25757,25701,26004,26036,26268,26663,27012,27328,27398,27500,27789,28148,27889,28036,27700,28088,27919,27754
Washington,Washington,5910512,5985722,6052349,6104115,6178645,6257305,6370753,6461587,6562231,6667426,6744496,6827479,6898599,6966252,7057531,7167287,7299961,7427951,7526793,7614024,7693612,7743760,7794123,7857320
Washington,Adams County,16458,16259,16445,16612,16664,16918,16997,17413,17782,18405,18821,18876,18936,19080,19154,19208,19311,19574,19640,19959,20027,20653,20843,20857
Washington,Asotin County,20546,20447,20490,20487,20783,20908,21133,21188,21393,21415,21688,21984,21935,22167,22235,22167,22362,22612,22699,22687,22820,22476,22497,22510
Washington,Benton County,143131,145909,150323,153596,155689,157726,159564,161669,166573,171122,176455,180449,182400,184362,186535,190282,193573,198229,201174,204173,206426,210627,212838,215445
Washington,Chelan County,66648,66574,66742,67173,67882,68747,69536,70214,70813,71679,72735,73213,73471,73723,74114,75030,75809,76216,76612,77053,77574,79854,80032,80439
Washington,Clallam County,64269,64756,65777,66301,67411,68720,69642,70186,70769,71077,71515,71778,71791,72091,72518,73261,74351,75741,76792,77457,78067,78476,77675,77589
Washington,Clark County,347208,357211,366405,374098,384931,394277,401698,408820,415282,421236,427044,432388,436532,441591,448505,457320,465911,475238,482467,489271,496865,512662,517036,522467
Washington,Columbia County,4069,4034,3995,4003,4027,3974,3895,3897,3903,3977,4113,4005,3977,4002,3984,3961,3983,4010,4055,4023,4048,4019,4018,4055
Washington,Cowlitz County,92984,93608,94325,94516,95541,96536,99162,100744,101688,102126,102501,102313,101669,101497,101811,103031,104760,106800,108673,110389,111371,111701,112058,113040
Washington,Douglas County,32674,32787,33044,33481,34086,34622,35558,36503,37216,37935,38589,38660,39192,39379,39757,40521,41312,41961,42518,43251,43560,43847,44147,45010
Washington,Ferry County,7276,7285,7280,7424,7478,7495,7562,7430,7439,7538,7553,7641,7668,7598,7597,7526,7534,7587,7661,7676,7759,7290,7435,7472
Washington,Franklin County,49565,50511,52365,55447,58165,61360,64585,67586,70775,74478,79223,83048,85691,86441,87640,88681,90132,91803,93950,95446,97075,98107,98461,99554
Washington,Garfield County,2383,2313,2293,2316,2270,2274,2245,2203,2244,2237,2269,2237,2209,2239,2202,2223,2255,2224,2257,2266,2290,2348,2355,2360
Washington,Grant County,74918,76044,76944,77955,78734,79531,81036,82645,84944,87340,89744,90588,91292,91698,92898,93517,94144,95262,96497,97959,99377,100437,101308,103088
Washington,Grays Harbor County,67075,67896,68264,69065,69775,70423,71256,71827,72027,72468,72882,72374,71785,71059,70796,71027,71555,72507,73787,75047,75950,76859,77080,77570
Washington,Island County,71886,73884,74840,74670,77667,77589,79136,78726,78375,78248,78681,78970,79086,78266,78777,80135,81826,83362,84391,85344,86014,87581,86744,86369
Washington,Jefferson County,26414,26845,27201,27588,27949,28506,29239,29346,29648,29714,29924,29858,29808,30021,30172,30376,30949,31264,31864,32347,32700,33558,33597,33725
Washington,King County,1739009,1754090,1758685,1763440,1775297,1795268,1822967,1847986,1875020,1912012,1937961,1974499,2011708,2047967,2086174,2127372,2167863,2205001,2228488,2249653,2274315,2253242,2271238,2296813
Washington,Kitsap County,232720,234513,238129,239758,241960,239806,245054,244105,246912,248800,251809,254351,254414,252538,253568,259467,263419,266636,269583,272299,272787,276629,277876,277650
Washington,Kittitas County,33537,34000,34977,35726,36921,37537,38680,39158,40015,40466,41028,41561,41636,41845,42619,43120,44922,46164,47341,47856,49204,45653,47368,47845
Washington,Klickitat County,19204,19161,19060,19242,19232,19279,19701,19898,20135,20164,20378,20691,20640,20873,20863,21009,21295,21757,22095,22433,22697,23177,23248,23688
Washington,Lewis County,68596,68934,69452,70366,71021,72060,73318,74229,74899,75316,75487,75674,75452,74994,74877,75474,76709,78269,79466,80599,82109,84590,85307,86264
Washington,Lincoln County,10143,10123,10092,10206,10442,10350,10418,10509,10608,10570,10561,10527,10430,10295,10224,10287,10339,10586,10708,10938,11090,11285,11609,11760
Washington,Mason County,49631,50298,51215,52351,53819,55198,56872,58679,59785,60333,60766,60882,60689,60480,60613,60999,62166,63769,65533,66939,68224,67255,68238,68754
Washington,Okanogan County,39566,39126,38865,38575,38847,39143,39322,39676,40235,40699,41257,41325,41176,41044,41225,41345,41516,41802,42058,42403,42620,42785,43255,43998
Washington,Pacific County,20939,20631,20514,20885,20953,21228,21326,21415,21305,21026,20886,20888,20591,20460,20583,20890,21298,21756,22052,22517,22984,23995,24067,24173
Washington,Pend Oreille County,11672,11807,11934,12029,12244,12357,12681,12828,12985,13043,12983,12956,13007,12890,12926,13095,13128,13360,13583,13726,14144,13897,14153,14362
Washington,Pierce County,703993,716447,728091,733969,740137,748148,763408,772484,785400,796483,795628,807728,815772,821307,833106,844317,864004,880745,894951,905719,913890,927738,927313,931718
Washington,San Juan County,14120,14334,14628,14787,15071,15167,15270,15400,15590,15714,15783,15807,15806,15867,15970,16155,16256,16674,16991,17352,17492,18623,18666,18605
Washington,Skagit County,103420,104534,105563,107369,109030,110683,112621,114066,115808,116557,117102,117578,117716,118270,119990,121589,123661,125852,127728,129181,130789,131018,131229,131754
Washington,Skamania County,9895,9833,9886,10046,10236,10303,10583,10786,10918,10955,11102,11156,11205,11316,11387,11386,11590,11815,11920,12096,12107,12214,12454,12639
Washington,Snohomish County,609185,622390,631526,635612,643533,654849,670706,683997,694622,706302,715470,722149,732239,744322,757485,770022,787886,803061,814107,822413,830393,836235,841529,850297
Washington,Spokane County,418803,422922,427107,430710,435268,440439,447517,456150,462263,468235,472147,473516,475605,478553,483148,488970,497163,505708,513502,522231,528225,545540,549835,552758
Washington,Stevens County,40210,40204,40334,40589,41022,41612,42366,43059,43398,43548,43486,43457,43494,43287,43498,43576,44187,44679,45305,45815,46360,47620,48273,48838
Washington,Thurston County,208287,212421,216313,219499,222985,227023,232688,237772,244332,249936,253087,256439,258613,261976,265071,268175,273827,280255,285672,289661,294074,298241,298645,299519
Washington,Wahkiakum County,3835,3776,3789,3662,3729,3824,3936,3975,4033,3995,3971,3992,3996,4002,4008,3989,4123,4207,4343,4420,4498,4586,4691,4767
Washington,Walla Walla County,55178,55072,55666,56108,56652,56569,56705,56840,57315,58103,58963,59452,59342,59387,59548,59970,60112,60683,60778,61062,61292,62232,62085,61789
Washington,Whatcom County,167696,171172,174904,177851,181756,185450,188926,192837,196708,199865,201628,203503,204902,206139,208240,211942,216486,221417,225098,228675,231016,226725,230701,232686
Washington,Whitman County,40754,40814,41484,41442,42158,42836,42827,42608,43802,44705,44791,45067,46660,46831,46965,48224,48912,49514,49821,50136,49500,43242,47653,47900
Washington,Yakima County,222615,222757,223402,225161,227280,228570,230617,232733,235272,239604,244485,245899,246064,246395,246748,247648,249332,249851,250633,251552,251879,256743,256566,257193
West Virginia,West Virginia,1807021,1801481,1805414,1812295,1816438,1820492,1827912,1834052,1840310,1847775,1853973,1856606,1857446,1854768,1850569,1843332,1832435,1818683,1805953,1795263,1784787,1785618,1774122,1770495
West Virginia,Barbour County,15560,15436,15569,15639,15629,15722,15922,16036,16241,16479,16601,16600,16869,16875,16909,16980,16752,16530,16524,16466,16444,15447,15397,15443
West Virginia,Berkeley County,76357,78428,80875,84524,88258,92114,96318,99132,101629,102830,104641,105778,107024,108587,110316,111824,113621,115234,117472,119623,122125,126194,129538,132851
West Virginia,Boone County,25473,25372,25505,25545,25455,25311,25101,25115,24794,24766,24585,24411,24356,24091,23716,23252,22803,22368,21907,21352,21055,21361,20925,20600
West Virginia,Braxton County,14713,14702,14667,14632,14696,14682,14585,14585,14587,14512,14523,14535,14452,14387,14407,14378,14316,14218,14030,13894,13702,12297,12158,12139
West Virginia,Brooke County,25366,25237,25156,25094,24867,24703,24399,24235,24168,24153,24017,23814,23677,23596,23383,23213,22674,22406,22130,21924,21674,22080,21739,21438
West Virginia,Cabell County,96735,96035,95741,95554,95239,94821,94943,95059,95209,96040,96378,96584,96933,97030,96659,96617,95708,94511,92935,91897,91589,93422,92501,92036
West Virginia,Calhoun County,7596,7480,7443,7409,7411,7507,7531,7588,7621,7560,7640,7642,7604,7557,7565,7472,7387,7321,7197,7077,6945,6172,6056,5945
West Virginia,Clay County,10302,10153,10166,10061,10055,9852,9695,9696,9603,9505,9360,9344,9217,9150,8892,8886,8842,8704,8604,8506,8341,7914,7819,7740
West Virginia,Doddridge County,7396,7588,7627,7741,7669,7808,7848,7970,8034,8124,8201,8253,8300,8551,8471,8706,8577,8530,8568,8451,8368,7745,7719,7685
West Virginia,Fayette County,47507,47067,46935,47054,46717,46229,46200,46243,46171,46034,46042,45924,45873,45570,45176,44726,44184,43620,43067,42500,42062,40059,39411,39079
West Virginia,Gilmer County,7208,7309,7409,7615,7764,7905,8083,8248,8408,8529,8704,8754,8760,8635,8511,8315,8153,8060,7937,7888,7811,7396,7309,7221
West Virginia,Grant County,11280,11325,11310,11406,11558,11648,11834,11969,12022,11963,11924,11881,11801,11737,11614,11648,11594,11625,11610,11486,11510,10998,10965,10985
West Virginia,Greenbrier County,34437,34452,34621,34831,34938,35020,35196,35354,35457,35351,35505,35743,35892,35823,35602,35603,35538,35206,34767,34634,34319,32705,32348,32123
West Virginia,Hampshire County,20288,20668,21030,21436,21766,22361,23016,23492,23664,23820,23978,23775,23668,23479,23430,23314,23338,23398,23380,23213,23190,23351,23464,23632
West Virginia,Hancock County,32652,32421,32178,31925,31600,31510,31266,30887,30802,30748,30626,30644,30480,30408,30293,30014,29679,29411,29096,28834,28571,28604,28265,28191
West Virginia,Hardy County,12677,12805,12877,13140,13325,13529,13611,13807,13793,13885,14063,13967,13857,13977,13964,13833,13837,13859,13789,13825,13633,14150,14196,14293
West Virginia,Harrison County,68520,67817,67778,67707,67900,67989,68141,67940,68441,68696,69233,69309,69113,68935,68702,68573,68392,67951,67547,67339,66870,65412,64683,64513
West Virginia,Jackson County,28061,28098,28270,28362,28676,28622,28877,29089,29101,29155,29200,29320,29285,29200,29139,29179,29192,28919,28741,28661,28453,27789,27624,27668
West Virginia,Jefferson County,42485,43348,44767,46075,47163,48662,50003,51264,52184,53054,53659,54483,54736,55054,55702,56164,56112,56586,57078,57347,57486,58550,58957,59744
West Virginia,Kanawha County,199743,197898,196422,195960,195364,193878,192954,192354,192414,193150,192976,192216,192306,191625,190458,188399,186400,183525,180497,178393,176253,178071,175899,174602
West Virginia,Lewis County,16832,16802,16681,16739,16622,16593,16445,16360,16422,16422,16383,16436,16450,16477,16445,16436,16290,16166,15981,15877,15805,16877,16719,16605
West Virginia,Lincoln County,22115,22067,22113,22218,22168,22160,22064,21953,21881,21794,21702,21569,21606,21454,21523,21284,21107,20895,20586,20453,20043,20197,19862,19699
West Virginia,Logan County,37577,37013,37093,36947,36582,36476,36440,36443,36548,36645,36743,36462,36322,35937,35254,34444,33662,33030,32597,31989,31688,31852,31251,30910
West Virginia,McDowell County,27099,26301,25730,24989,24264,23711,23199,22746,22494,22276,22062,21730,21318,20963,20390,19768,19186,18517,18198,17600,16916,18415,17790,17425
West Virginia,Marion County,56474,56060,55997,56081,55957,56068,56284,56445,56141,56426,56482,56715,56791,56762,56841,56815,56557,56430,56132,56077,55962,56056,55799,55805
West Virginia,Marshall County,35399,35191,34890,34736,34521,34122,33814,33583,33248,33116,33086,32935,32827,32647,32363,32218,31736,31260,30845,30558,30103,30204,29722,29517
West Virginia,Mason County,25973,26258,26343,26511,26521,26363,26648,26738,27097,27309,27289,27328,27233,27164,27177,27117,26956,26841,26795,26572,26335,25281,24938,24815
West Virginia,Mercer County,62911,61858,62016,61910,61694,61303,61297,61615,61848,62177,62282,62568,62441,61947,61807,61187,60638,59903,59228,58823,58258,59163,58599,58008
West Virginia,Mineral County,27054,27071,27258,27381,27250,27193,27324,27532,27824,28080,28218,28066,27895,27700,27580,27431,27404,27227,26979,26904,26722,26913,26872,26806
West Virginia,Mingo County,28007,27489,27583,27486,27214,27096,27054,27145,26850,26943,26789,26605,26193,26015,25742,25321,24700,24151,23847,23390,22951,23055,22427,22025
West Virginia,Monongalia County,82002,83230,84223,85983,87101,88424,89656,90764,92200,94165,96791,99070,101009,102392,103631,104871,105866,106086,105930,106281,106819,106537,106921,107749
West Virginia,Monroe County,13181,13245,13257,13349,13355,13369,13382,13452,13607,13543,13493,13551,13503,13523,13619,13586,13506,13397,13293,13295,13229,12394,12314,12376
West Virginia,Morgan County,15021,15270,15461,15772,16117,16462,17038,17410,17520,17580,17495,17471,17434,17453,17533,17513,17661,17740,17852,17875,17873,17304,17380,17580
West Virginia,Nicholas County,26543,26177,26160,26063,26089,26195,26205,26130,26138,26253,26221,26207,26255,25943,25712,25547,25372,25126,24877,24569,24340,24438,24266,24104
West Virginia,Ohio County,47343,46636,46259,45711,45424,45113,44925,44714,44469,44355,44449,44216,44017,43762,43279,43018,42659,42069,41841,41626,41182,41817,41473,41221
West Virginia,Pendleton County,8166,8112,8030,8073,8036,7941,7922,7792,7761,7701,7687,7539,7474,7381,7233,7106,6994,6978,6976,6960,6932,6093,6051,5998
West Virginia,Pleasants County,7501,7634,7631,7548,7731,7680,7670,7698,7702,7672,7578,7572,7531,7517,7589,7499,7493,7460,7479,7416,7438,7610,7564,7420
West Virginia,Pocahontas County,9099,8955,9004,9034,9090,8983,8938,8851,8807,8746,8699,8826,8704,8683,8656,8576,8532,8494,8420,8274,8190,7888,7776,7739
West Virginia,Preston County,29336,29534,30120,30483,30961,31513,32238,32743,33067,33333,33497,33660,33905,33693,33927,33855,33802,33846,33543,33479,33380,34309,34196,34050
West Virginia,Putnam County,51684,51483,51930,52581,53122,53614,54207,54669,55051,55178,55597,56032,56448,56496,56631,56601,56670,56704,56710,56507,56428,57365,57070,56942
West Virginia,Raleigh County,79018,78251,78737,78465,78428,78341,78178,78323,78379,78782,78904,79366,79284,78843,78236,77416,76319,75106,74256,73659,72920,73800,72863,72526
West Virginia,Randolph County,28259,28373,28487,28422,28648,28807,29049,29113,29236,29381,29387,29432,29388,29519,29371,29209,29038,28896,28823,28670,28387,27902,27539,27359
West Virginia,Ritchie County,10346,10333,10372,10434,10415,10506,10588,10558,10516,10478,10432,10315,10254,10153,10082,10089,9990,9856,9774,9616,9499,8413,8239,8187
West Virginia,Roane County,15461,15428,15313,15401,15337,15405,15442,15215,15048,14966,14908,14803,14679,14609,14597,14379,14122,14020,13880,13651,13482,13933,13794,13678
West Virginia,Summers County,14356,14301,14123,14106,13997,13950,13879,13842,13712,13882,13920,13857,13838,13597,13344,13150,13003,12897,12668,12536,12444,11869,11711,11581
West Virginia,Taylor County,16050,16079,16089,16160,16247,16318,16498,16640,16792,16838,16894,16919,16960,16978,17091,16920,16952,16907,16820,16707,16699,16534,16386,16385
West Virginia,Tucker County,7288,7248,7332,7294,7223,7178,7111,7117,7160,7172,7123,7130,7079,7079,7050,7088,7056,6994,6957,6891,6816,6700,6625,6618
West Virginia,Tyler County,9569,9533,9467,9475,9517,9531,9484,9423,9363,9249,9178,9117,9052,9005,9084,8959,8972,8803,8749,8622,8533,8208,8081,7894
West Virginia,Upshur County,23406,23366,23420,23766,23820,23654,23754,23851,23929,24124,24260,24279,24456,24619,24686,24756,24699,24589,24424,24315,24230,23812,23715,23566
West Virginia,Wayne County,42949,42919,42800,42937,42955,42860,42717,42727,42767,42637,42388,42234,41933,41890,41574,41272,40807,40301,40046,39552,39054,38563,38025,37779
West Virginia,Webster County,9675,9614,9600,9593,9612,9463,9391,9260,9260,9167,9156,9123,8981,8832,8750,8635,8554,8349,8304,8179,8058,8270,8125,8025
West Virginia,Wetzel County,17675,17342,17266,17186,17183,17101,16917,16764,16645,16588,16570,16370,16345,16114,15962,15783,15673,15444,15302,15130,14904,14211,14027,13972
West Virginia,Wirt County,5874,5858,5816,5774,5813,5836,5791,5806,5745,5703,5719,5751,5770,5834,5786,5798,5759,5781,5794,5783,5705,5067,5095,4994
West Virginia,Wood County,87837,87678,87608,87200,86892,86819,86552,86489,86783,86841,86990,86913,86655,86577,86533,86410,85824,85163,84343,83668,82938,83820,83364,82947
West Virginia,Wyoming County,25585,25133,24859,24777,24482,24471,24288,24078,23957,23899,23745,23462,23213,22943,22582,22179,21777,21275,20828,20449,20123,21031,20570,20262
Wisconsin,Wisconsin,5373999,5406835,5445162,5479203,5514026,5546166,5577655,5610775,5640996,5669264,5691047,5705840,5720825,5738012,5753199,5762927,5775170,5793147,5809319,5824581,5832655,5881608,5903975,5930405
Wisconsin,Adams County,20047,20337,20578,20644,20774,21211,21185,21156,21101,20930,20843,20767,20411,20407,20120,20027,19984,19905,20386,20268,20498,20844,21211,21528
Wisconsin,Ashland County,16823,16773,16747,16647,16547,16407,16408,16199,16145,16128,16181,16025,15835,15968,15996,15808,15637,15507,15553,15506,15415,16044,16037,16103
Wisconsin,Barron County,45018,45225,45515,45601,45804,45808,45968,45874,46009,45876,45850,45892,45784,45585,45355,45375,45271,45201,45123,45226,45090,46701,46828,46922
Wisconsin,Bayfield County,15028,15076,15128,15165,15164,15163,15172,15255,15160,14981,15004,15061,15060,15115,14975,14980,14926,15013,15086,15172,15242,16327,16664,16809
Wisconsin,Brown County,227266,229332,231821,233878,236654,238587,240191,242691,244016,246476,248506,250496,252700,254249,256254,257916,259588,261714,262985,263899,264610,268948,270561,272074
Wisconsin,Buffalo County,13799,13855,13777,13807,13785,13969,13908,13885,13734,13618,13575,13441,13344,13367,13234,13245,13148,13115,13126,13012,13033,13340,13400,13440
Wisconsin,Burnett County,15688,15797,15906,16063,16180,16143,16056,15965,15696,15609,15417,15464,15339,15266,15229,15140,15235,15297,15334,15390,15557,16755,16973,17089
Wisconsin,Calumet County,40898,41950,43411,44660,45456,46185,46809,47188,48014,48457,49040,49623,49653,49649,49480,49823,49606,49988,50111,50112,50209,52581,52745,53303
Wisconsin,Chippewa County,55346,55820,56353,57184,58801,59802,60271,61022,61524,61997,62515,62958,63063,63102,63349,63438,63577,63774,64095,64692,64737,66601,66775,66949
Wisconsin,Clark County,33643,33763,33851,34066,34234,34334,34399,34435,34644,34589,34693,34670,34433,34529,34348,34350,34512,34588,34737,34785,34720,34732,34742,34792
Wisconsin,Columbia County,52678,53167,53488,54168,55048,55409,55820,56197,56362,56469,56904,56712,56476,56577,56645,56683,56907,57267,57275,57537,57668,58440,58337,57949
Wisconsin,Crawford County,17238,17020,16984,16891,17007,16895,16953,16924,16808,16692,16630,16673,16510,16384,16339,16315,16241,16182,16211,16121,16021,16097,16032,15991
Wisconsin,Dane County,428231,434745,441623,447515,453327,459048,465018,471644,477791,484979,489309,496121,503087,510026,516602,523399,531775,537901,542448,547637,552536,561788,570869,579739
Wisconsin,Dodge County,85971,86385,86908,87415,88070,88168,89003,89007,89239,88677,88748,88392,88154,87953,88085,87838,87365,87724,87796,87626,87336,88693,88539,88501
Wisconsin,Door County,28019,28159,28249,28313,28213,28146,28167,27957,28023,27919,27730,27766,27538,27614,27478,27320,27354,27473,27638,27752,27889,30430,30597,30566
Wisconsin,Douglas County,43365,43529,43593,43790,43833,43872,43815,43710,43830,43998,44184,43968,43770,43792,43686,43553,43471,43451,43353,43506,43702,44026,44238,44252
Wisconsin,Dunn County,39952,40599,40947,41222,41690,41988,42828,43148,43382,43570,43898,43808,43818,44064,44100,44300,44389,44784,45135,45384,45452,44543,45676,45827
Wisconsin,Eau Claire County,93310,93835,94493,94632,94618,95007,95896,96632,97176,98274,98928,99952,100862,101775,101745,102142,102989,103671,104276,104466,105260,105979,106835,108058
Wisconsin,Florence County,5076,5036,5068,4960,4890,4825,4794,4682,4564,4494,4397,4383,4369,4387,4347,4343,4322,4345,4295,4300,4298,4590,4708,4695
Wisconsin,Fond du Lac County,97390,97856,98097,98470,98929,99297,99920,100520,101122,101370,101665,101822,101802,101808,101993,101970,102189,102324,102777,103079,102902,104117,104010,104135
Wisconsin,Forest County,10034,9916,9879,9876,9924,9820,9737,9639,9620,9396,9277,9249,9162,9097,9112,9015,9040,8981,9001,9034,8960,9448,9344,9381
Wisconsin,Grant County,49559,49739,49667,49925,50143,50244,50051,50544,50834,50916,51233,51186,50880,51011,51708,52103,52044,51773,51501,51509,51021,51309,51337,51894
Wisconsin,Green County,33770,33929,34177,34301,34801,35174,35869,36234,36598,36672,36869,36853,36760,36933,36856,36928,36782,36843,36867,36853,36603,37069,36864,36934
Wisconsin,Green Lake County,19082,19213,19267,19253,19220,19187,19195,19144,19102,19056,19037,19055,19000,18885,18757,18703,18616,18731,18869,18910,18908,19262,19241,19417
Wisconsin,Iowa County,22806,22932,23017,23154,23187,23405,23589,23636,23701,23595,23710,23586,23585,23565,23594,23597,23471,23692,23709,23648,23640,23815,23959,23881
Wisconsin,Iron County,6843,6776,6711,6598,6508,6411,6236,6170,6101,5966,5900,5959,5888,5829,5860,5724,5656,5675,5671,5688,5698,6176,6221,6277
Wisconsin,Jackson County,19133,19337,19374,19641,19633,19885,20016,20227,20348,20372,20455,20522,20500,20561,20584,20526,20484,20496,20494,20676,20630,20913,20930,20938
Wisconsin,Jefferson County,76053,76736,77376,78148,79408,80392,81300,82276,83140,83480,83693,83854,84367,84613,84370,84501,84494,84733,85091,84829,85038,85781,85809,85971
Wisconsin,Juneau County,24351,24546,25050,25186,25445,26589,26695,26755,26825,26728,26663,26705,26775,26571,26349,26319,26345,26474,26599,26688,26908,26773,26743,26557
Wisconsin,Kenosha County,150060,151962,153905,155946,157968,160088,161607,163223,164636,165502,166671,166871,167273,167380,167938,168044,168012,168492,169054,169760,169671,168446,167920,167867
Wisconsin,Kewaunee County,20212,20302,20434,20402,20562,20650,20755,20694,20636,20555,20572,20556,20504,20374,20347,20329,20378,20406,20367,20451,20386,20593,20681,20733
Wisconsin,La Crosse County,107291,107761,108477,109065,109410,109976,110641,111798,112761,114021,114874,115255,116581,116938,117508,117782,117804,118161,118220,118151,118502,119362,120359,120717
Wisconsin,Lafayette County,16225,16303,16436,16516,16615,16703,16785,16670,16768,16851,16801,16853,16792,16662,16769,16785,16751,16688,16659,16667,16646,16817,16926,17059
Wisconsin,Langlade County,20735,20820,20722,20668,20686,20477,20440,20379,20248,20086,19937,19794,19621,19415,19258,19051,19087,19184,19239,19208,19119,19486,19528,19435
Wisconsin,Lincoln County,29670,29548,29641,29621,29666,29602,29457,29272,29094,28833,28720,28503,28501,28301,28105,27864,27844,27745,27686,27596,27566,28463,28345,28430
Wisconsin,Manitowoc County,82936,82788,82338,82010,81846,81827,81869,81872,81698,81600,81349,81035,80720,80487,79950,79488,79363,79056,78925,78785,78757,81526,81256,81325
Wisconsin,Marathon County,125995,126459,126880,127311,127855,128958,130516,131773,133036,133793,134104,134355,134391,134912,135173,135361,135132,135525,135478,135697,135593,137798,138175,138838
Wisconsin,Marinette County,43418,43157,43122,42946,42680,42850,42389,42190,42019,41792,41703,41419,41360,41306,41072,40676,40298,40341,40401,40256,40262,41875,42000,42113
Wisconsin,Marquette County,14602,14624,14798,14931,15157,15390,15437,15395,15485,15405,15383,15363,15237,15174,15060,15112,15115,15270,15393,15537,15585,15778,15776,15851
Wisconsin,Menominee County,4565,4521,4539,4478,4406,4353,4312,4293,4214,4191,4252,4372,4364,4384,4508,4510,4531,4602,4596,4553,4546,4295,4199,4221
Wisconsin,Milwaukee County,939769,939305,939854,939513,936914,932540,930263,931453,934752,942668,948944,951376,954672,957557,958639,958606,955121,950843,947908,947011,945016,924469,921977,921860
Wisconsin,Monroe County,40984,41298,41611,41712,42229,42604,43208,43729,44157,44437,44736,45059,45008,45123,45162,45314,45505,45818,46197,46674,46582,46157,46021,46193
Wisconsin,Oconto County,35804,36149,36458,36889,37354,37563,37756,37805,37816,37655,37652,37571,37418,37364,37459,37474,37477,37530,37901,38057,38383,39429,39660,39741
Wisconsin,Oneida County,36766,36912,36875,37223,37035,36896,36746,36553,36500,36175,35919,35795,35679,35562,35330,35307,35358,35237,35449,35607,35751,38329,38267,38189
Wisconsin,Outagamie County,161720,163726,165336,166690,168136,169740,171632,173180,174388,176175,176912,177877,178960,180301,182127,183311,184606,185834,187012,187927,188766,191380,192561,193828
Wisconsin,Ozaukee County,82515,83001,83605,84303,85069,85178,85362,85597,85994,86409,86365,86811,87137,87250,87622,87991,88413,88540,89302,89597,90043,92610,93115,93520
Wisconsin,Pepin County,7301,7355,7436,7454,7536,7566,7540,7557,7545,7480,7461,7401,7373,7346,7299,7238,7245,7246,7276,7265,7271,7376,7400,7482
Wisconsin,Pierce County,36844,37204,37547,38090,38789,39318,39915,40238,40758,40613,41125,40906,40744,40845,41076,41117,41528,42075,42608,42768,42700,41609,42597,43101
Wisconsin,Polk County,41454,42212,42576,43032,43584,44014,44367,44318,44331,44376,44156,43953,43522,43320,43343,43240,43261,43409,43578,43705,43794,45462,45608,45845
Wisconsin,Portage County,67250,67422,67644,67728,67789,68045,68481,69133,69641,69876,70053,70093,70436,70535,70546,70544,70483,70674,70979,70943,71032,69447,70799,71461
Wisconsin,Price County,15806,15566,15411,15361,15189,15046,14882,14561,14411,14297,14111,13985,13846,13740,13658,13577,13417,13377,13371,13347,13245,14061,14178,14098
Wisconsin,Racine County,188904,189047,189833,190845,191808,193251,193915,194395,194730,195130,195510,194910,194602,194694,194821,194725,194915,196026,196348,196204,195802,196829,196710,197407
Wisconsin,Richland County,17979,18061,17976,18106,18322,18256,18299,18428,18205,18112,17981,18009,17815,17822,17747,17568,17545,17510,17416,17313,17258,17205,17161,17251
Wisconsin,Rock County,152464,153174,153628,154268,155685,156761,158538,159912,160647,160411,160310,159899,160113,160402,160999,161095,161363,162278,162817,163120,163084,164128,163959,164443
Wisconsin,Rusk County,15356,15245,15257,15169,15189,15091,14945,14890,14884,14841,14715,14615,14305,14366,14347,14119,14084,14120,14054,14091,14022,14115,14180,14252
Wisconsin,St. Croix County,63639,65711,68268,71076,73988,77061,79784,81708,83192,84055,84442,84836,85075,85700,86599,87207,87643,88615,89721,90691,91838,95025,96138,97156
Wisconsin,Sauk County,55348,55660,56316,57096,58020,58856,59580,60389,61231,61562,62025,62241,62377,62788,62972,63290,63627,63956,64306,64420,64449,65705,65916,66143
Wisconsin,Sawyer County,16249,16249,16391,16510,16552,16652,16624,16674,16650,16559,16568,16545,16520,16479,16364,16297,16327,16378,16439,16540,16700,18230,18575,18619
Wisconsin,Shawano County,40801,40878,40976,41083,41273,41437,41639,41829,41894,41889,41958,41669,41512,41408,41349,41058,40927,40832,40725,40794,40786,40861,41017,41148
Wisconsin,Sheboygan County,112739,113023,113251,113433,113832,114454,114775,115178,115652,115562,115472,115209,114770,114702,114994,115209,115043,115085,115161,115232,115240,117710,117860,117995
Wisconsin,Taylor County,19752,19813,19933,19933,20186,20330,20394,20473,20577,20697,20643,20656,20369,20422,20414,20314,20295,20302,20346,20340,20318,19946,19946,20123
Wisconsin,Trempealeau County,27080,27118,27249,27413,27676,28065,28286,28396,28452,28627,28854,28994,29294,29468,29417,29444,29531,29352,29479,29583,29681,30722,30920,30939
Wisconsin,Vernon County,28050,28157,28288,28395,28652,28959,29123,29313,29431,29659,29775,29874,30029,30101,30199,30331,30554,30729,30775,30877,30861,30932,31110,31143
Wisconsin,Vilas County,21162,21464,21766,21997,22069,22116,22064,21997,21767,21524,21396,21414,21315,21401,21422,21455,21488,21667,21949,22153,22356,23516,23755,23914
Wisconsin,Walworth County,92328,93462,95370,97087,98128,99848,101026,101449,101916,102077,102205,102641,102881,102805,103190,102508,102668,102890,103547,103898,103953,105231,105705,106008
Wisconsin,Washburn County,16034,16070,16174,16138,16126,16097,16098,16038,16003,15947,15916,15838,15844,15655,15654,15515,15587,15728,15841,15764,15712,16755,16915,16996
Wisconsin,Washington County,117967,119387,120741,122143,124076,125788,127483,129203,130795,131579,131971,132341,132743,132938,133610,133920,134324,134961,135615,136302,136445,137361,137999,138496
Wisconsin,Waukesha County,362169,365564,370051,373787,376243,378885,380799,384239,386691,388957,389964,390895,392893,394257,395518,396377,398664,401099,402705,404545,406172,409191,411061,414013
Wisconsin,Waupaca County,51976,52092,52380,52579,52605,52508,52634,52677,52593,52392,52369,52293,51922,52068,51934,51684,51301,51108,51051,50863,50664,51897,51645,51324
Wisconsin,Waushara County,23074,23343,24257,24464,24534,24564,24690,24686,24760,24554,24467,24563,24433,24260,24110,23966,24104,24215,24245,24388,24326,24767,24932,25014
Wisconsin,Winnebago County,157103,158163,159134,159440,160130,161451,162727,164037,164910,166429,167059,167579,168623,169388,169445,169383,169809,170568,170811,171801,171631,170590,171049,172105
Wisconsin,Wood County,75486,75376,75223,75179,75164,74981,74603,74465,74519,74627,74793,74653,74326,73930,73595,73360,73224,73053,72827,72795,72560,74002,73849,74037
Wyoming,Wyoming,494300,494657,500017,503453,509106,514157,522667,534876,546043,559851,564460,567491,576656,582620,583159,586389,585243,579994,579054,580116,582328,579636,581978,585067
Wyoming,Albany County,31966,32419,32675,33098,33580,33631,33950,33858,34643,35743,36438,36873,37404,37619,37702,38054,38012,38600,38937,38819,38950,37859,38361,38624
Wyoming,Big Horn County,11398,11209,11157,11073,11231,11193,11222,11350,11419,11541,11710,11723,11761,11941,11864,11965,11949,11888,11887,11746,11575,11641,11876,12061
Wyoming,Campbell County,33979,34699,36193,36586,36907,37888,39497,41651,42846,45650,46252,46570,47887,48080,48195,49336,48900,46445,46349,46420,46676,46547,47049,47511
Wyoming,Carbon County,15582,15217,15256,15240,15236,15077,15136,15494,15658,15977,15853,15842,15719,15849,15889,15630,15719,15261,14841,14832,14711,14711,14527,14317
Wyoming,Converse County,12083,11996,12196,12232,12350,12595,12801,13071,13486,13839,13823,13739,14032,14369,14207,14303,14104,13756,13682,13865,13804,13670,13774,13850
Wyoming,Crook County,5902,5778,5926,5981,6052,6176,6286,6617,6823,6965,7112,7117,7137,7149,7237,7441,7497,7393,7452,7573,7593,7309,7417,7596
Wyoming,Fremont County,35840,35718,36015,36130,36383,36838,37408,38132,38907,39685,40243,40525,41029,40937,40595,40261,40250,39865,39656,39467,39317,39408,39545,39800
Wyoming,Goshen County,12561,12475,12381,12374,12473,12460,12538,12620,12772,12967,13322,13575,13647,13560,13541,13566,13329,13384,13334,13225,13235,12571,12638,12662
Wyoming,Hot Springs County,4851,4763,4743,4632,4629,4604,4632,4647,4698,4819,4803,4806,4834,4838,4795,4722,4664,4693,4554,4415,4425,4595,4609,4652
Wyoming,Johnson County,7108,7167,7371,7496,7554,7685,7796,8146,8460,8565,8567,8650,8645,8648,8589,8622,8492,8457,8505,8548,8588,8629,8735,8792
Wyoming,Laramie County,81825,82554,83226,84084,85427,85732,86819,87654,89077,90430,92127,92610,94751,95786,96122,97090,98039,98599,99264,99865,100595,100843,100860,101079
Wyoming,Lincoln County,14621,14697,14858,15117,15539,15917,16429,17013,17629,18082,18080,18021,17957,18342,18601,18788,19141,19334,19537,19934,20253,20174,20690,20909
Wyoming,Natrona County,66603,66978,67554,68246,69035,69922,70806,72365,73682,75238,75507,76431,78620,81175,81453,82218,81025,79622,79140,79734,80815,79642,79565,79968
Wyoming,Niobrara County,2396,2357,2293,2280,2319,2315,2321,2407,2467,2475,2482,2485,2480,2550,2494,2504,2470,2398,2403,2340,2275,2413,2346,2327
Wyoming,Park County,25821,25696,25761,25988,26078,26372,26789,27209,27594,28008,28271,28462,28829,29079,29000,28973,29262,29272,29309,29192,29331,30146,30530,30822
Wyoming,Platte County,8739,8765,8766,8689,8730,8681,8690,8682,8622,8608,8673,8695,8729,8712,8778,8803,8673,8557,8571,8475,8578,8679,8655,8581
Wyoming,Sheridan County,26584,26623,26839,26938,26942,27075,27422,27845,28465,29017,29152,29257,29538,29754,29884,29925,30027,30222,30277,30597,30863,31663,32049,32581
Wyoming,Sublette County,5963,6026,6389,6687,7072,7515,7957,8800,9474,10134,10247,10194,10489,10190,10170,10064,9997,9778,9827,9867,9856,8729,8767,8991
Wyoming,Sweetwater County,37552,36899,37428,37450,38026,38739,39749,41470,42358,44133,43621,44000,45032,45189,44996,44780,44319,43663,43188,42917,42673,41630,41322,41288
Wyoming,Teton County,18381,18653,18837,19066,19467,19632,20014,20472,20988,21232,21302,21422,21643,22335,22801,23083,23255,23383,23261,23385,23497,23613,23341,23368
Wyoming,Uinta County,19666,19413,19587,19480,19470,19494,19709,20171,20613,21054,21137,20901,21008,20969,20835,20777,20711,20449,20299,20196,20215,20690,20722,20724
Wyoming,Washakie County,8252,8068,7988,7976,7960,8022,7979,8169,8229,8423,8556,8451,8410,8417,8277,8282,8180,8013,7886,7824,7760,7727,7728,7736
Wyoming,Weston County,6627,6487,6578,6610,6646,6594,6717,7033,7133,7266,7182,7142,7075,7132,7134,7202,7228,6962,6895,6880,6743,6747,6872,6828
